feedback_id,feedback_text,rating,metro_line,station,feedback_date,journey_type,issue_category,subtopic,sentiment,sentiment_score,urgency,passenger_type,resolution_status,language,data_source,processed_text
MPF00001,"Overall, The ticket machine was not working and caused a queue.",1,Line 1,Andheri,2026-01-24,Tourism,Ticketing,ticket_machine,Negative,-0.54,High,Student,Not Required,English,Synthetic Survey,overall ticket machine working caused queue
MPF00002,"Overall, The coach condition was good and everything looked maintained.",5,Line 2A,Goregaon West,2026-04-19,Shopping,Maintenance,equipment,Positive,0.72,Low,General,Not Required,English,Synthetic Complaint,overall coach condition good everything looked maintained
MPF00003,Security staff guided me properly when I asked for help.,4,Line 7,Dindoshi,2026-05-18,College,Staff Behaviour,staff_politeness,Positive,0.59,Low,General,Resolved,English,Synthetic Review,security staff guided properly asked help
MPF00004,"In my experience, The interchange process was smooth and well signposted.",5,Line 3,Aarey JVLR,2026-08-07,Other,Connectivity,interchange,Positive,0.78,Low,Student,Not Required,English,Synthetic Survey,experience interchange process smooth well signposted
MPF00005,"During my trip, There should be more working ticket counters during rush hours.",2,Line 1,Azad Nagar,2026-06-12,Work,Ticketing,ticket_machine,Negative,-0.73,High,Senior citizen,Not Required,English,Synthetic Complaint,trip working ticket counter rush hour
MPF00006,"During my trip, Crowding near the doors made boarding difficult.",3,Line 6,Jogeshwari,2026-04-13,College,Crowding,door_area_crowding,Neutral,-0.06,Medium,Student,Not Required,English,Synthetic Review,trip crowding near door made boarding difficult
MPF00007,"Today, The station infrastructure appeared well maintained.",4,Line 1,DN Nagar,2026-05-24,Other,Maintenance,signage_and_fixtures,Positive,0.9,Low,Tourist,Not Required,English,Synthetic Complaint,today station infrastructure appeared well maintained
MPF00008,"Overall, Please review the fare for frequent daily commuters.",3,Line 7,Mogharpada,2026-02-10,Daily commute,Fare,frequent_commuter_cost,Neutral,0.0,Medium,Student,Open,Hinglish,Synthetic Complaint,overall please review fare frequent daily commuter
MPF00009,"In my experience, Please improve cleanliness in the washroom area.",2,Line 3,BKC,2026-08-15,Tourism,Cleanliness,washroom_cleanliness,Negative,-0.63,High,Student,Not Required,English,Synthetic Complaint,experience please improve cleanliness washroom area
MPF00010,"Overall, Seats and windows were clean during my journey.",5,Line 7,Goregaon East,2026-08-11,Other,Cleanliness,washroom_cleanliness,Positive,0.55,Low,Senior citizen,Resolved,Hinglish,Synthetic Survey,overall seat window clean journey
MPF00011,"During my trip, The escalator was not working and needs maintenance.",2,Line 7,Mogharpada,2026-01-29,Tourism,Maintenance,equipment,Negative,-0.63,High,Student,Resolved,English,Synthetic Survey,trip escalator working need maintenance
MPF00012,Train service was running late today. Please improve punctuality.,1,Line 7,Dindoshi,2026-08-31,Daily commute,Delay,missed_connection,Negative,-0.51,High,General,Resolved,English,Synthetic Review,train service running late today please improve punctuality
MPF00013,"In my experience, Better last-mile connectivity would help passengers.",3,Line 2A,Kandarpada,2026-03-05,Shopping,Connectivity,interchange,Neutral,0.04,Medium,Senior citizen,Resolved,English,Synthetic Survey,experience better lastmile connectivity would help passenger
MPF00014,"Overall, Train service was running late today. Please improve punctuality.",1,Line 1,Versova,2026-05-12,Other,Delay,late_train,Negative,-0.91,High,Student,In Review,English,Synthetic Survey,overall train service running late today please improve punctuality
MPF00015,"In my experience, The staff member at the counter was rude and unhelpful.",2,Line 7,Jogeshwari East,2026-04-21,Shopping,Staff Behaviour,staff_helpfulness,Negative,-0.67,High,Tourist,Not Required,English,Synthetic Complaint,experience staff member counter rude unhelpful
MPF00016,The station has clean lifts and working escalators.,4,Line 3,Marol Naka,2026-02-05,College,Facilities,escalator,Positive,0.71,Low,Student,Resolved,English,Synthetic Review,station clean lift working escalator
MPF00017,"Today, The lift was out of service and caused inconvenience.",3,Line 2A,Kandarpada,2026-02-12,Other,Facilities,escalator,Neutral,-0.08,Medium,General,Not Required,Hinglish,Synthetic Survey,today lift service caused inconvenience
MPF00018,"Overall, Please train staff to respond more politely to passengers.",2,Line 3,Marol Naka,2026-04-19,Shopping,Staff Behaviour,security_assistance,Negative,-0.95,High,Senior citizen,Resolved,Hinglish,Synthetic Review,overall please train staff respond politely passenger
MPF00019,"Overall, Too many passengers were packed into the train today.",1,Line 6,Vikhroli,2026-05-30,Tourism,Crowding,door_area_crowding,Negative,-0.6,High,Student,Not Required,English,Synthetic Survey,overall many passenger packed train today
MPF00020,The coach was extremely crowded during peak hours.,2,Line 6,Kanjurmarg,2026-06-02,Daily commute,Crowding,peak_hour_crowding,Negative,-0.91,High,Working professional,Open,English,Synthetic Complaint,coach extremely crowded peak hour
MPF00021,"Overall, Good value for money compared with other transport options.",5,Line 6,Swami Samarth Nagar,2026-08-26,Shopping,Fare,fare_value,Positive,0.65,Low,Working professional,Not Required,English,Synthetic Review,overall good value money compared transport option
MPF00022,"In my experience, The coach condition was good and everything looked maintained.",5,Line 1,Azad Nagar,2026-02-10,Work,Maintenance,equipment,Positive,0.75,Low,Senior citizen,Not Required,Hinglish,Synthetic Review,experience coach condition good everything looked maintained
MPF00023,"In my experience, The coach condition was good and everything looked maintained.",5,Line 6,Shyam Nagar,2026-02-09,Daily commute,Maintenance,equipment,Positive,0.92,Low,Working professional,Resolved,English,Synthetic Complaint,experience coach condition good everything looked maintained
MPF00024,"During my trip, Security staff guided me properly when I asked for help.",5,Line 7,Mogharpada,2026-03-27,Daily commute,Staff Behaviour,staff_politeness,Positive,0.75,Low,Student,Not Required,English,Synthetic Survey,trip security staff guided properly asked help
MPF00025,More seating and drinking water facilities are needed.,2,Line 7,Dindoshi,2026-05-22,Other,Facilities,lift,Negative,-0.9,High,Working professional,In Review,English,Synthetic Complaint,seating drinking water facility needed
MPF00026,Very little waiting time today; the train arrived on schedule.,5,Line 3,MIDC,2026-02-09,Work,Delay,late_train,Positive,0.63,Low,Student,Resolved,English,Synthetic Complaint,little waiting time today train arrived schedule
MPF00027,"During my trip, The fare is reasonable for the service provided.",4,Line 2A,Shimpoli,2026-08-08,Other,Fare,fare_complaint,Positive,0.87,Low,Working professional,Not Required,English,Synthetic Survey,trip fare reasonable service provided
MPF00028,"Overall, The seating area and signage were useful.",4,Line 2A,Shimpoli,2026-06-14,Work,Facilities,seating_and_water,Positive,0.56,Low,Tourist,Not Required,English,Synthetic Review,overall seating area signage useful
MPF00029,"During my trip, I felt safe throughout the journey and at the station.",5,Line 3,BKC,2026-07-21,College,Safety,security_presence,Positive,0.78,Low,Student,Not Required,English,Synthetic Complaint,trip felt safe throughout journey station
MPF00030,"In my experience, The metro connection to other transport was convenient.",5,Line 3,BKC,2026-01-18,Other,Connectivity,last_mile,Positive,0.65,Low,Tourist,Not Required,English,Synthetic Review,experience metro connection transport convenient
MPF00031,"During my trip, I felt safe throughout the journey and at the station.",5,Line 7,Mogharpada,2026-02-19,Shopping,Safety,security_presence,Positive,0.67,Low,Senior citizen,Resolved,English,Synthetic Survey,trip felt safe throughout journey station
MPF00032,"In my experience, The station infrastructure appeared well maintained.",3,Line 3,MIDC,2026-04-24,Work,Maintenance,equipment,Neutral,-0.04,Medium,Tourist,In Review,English,Synthetic Review,experience station infrastructure appeared well maintained
MPF00033,The lift was out of service and caused inconvenience.,2,Line 2A,Goregaon West,2026-03-21,Other,Facilities,lift,Negative,-0.64,High,General,Open,English,Synthetic Complaint,lift service caused inconvenience
MPF00034,"Today, The train was delayed by 10 minutes and I missed my connection.",3,Line 2A,Shimpoli,2026-06-28,Daily commute,Delay,service_frequency,Neutral,0.07,Medium,Tourist,Open,English,Synthetic Complaint,today train delayed 10 minute missed connection
MPF00035,The staff member at the counter was rude and unhelpful.,1,Line 3,Marol Naka,2026-05-23,Work,Staff Behaviour,staff_politeness,Negative,-0.48,High,Working professional,Resolved,English,Synthetic Survey,staff member counter rude unhelpful
MPF00036,"In my experience, Crowding near the doors made boarding difficult.",3,Line 1,Azad Nagar,2026-04-25,Shopping,Crowding,peak_hour_crowding,Neutral,0.02,Medium,General,Resolved,English,Synthetic Complaint,experience crowding near door made boarding difficult
MPF00037,"During my trip, The ticket machine was not working and caused a queue.",3,Line 3,Marol Naka,2026-03-11,Work,Ticketing,counter_queue,Neutral,-0.0,Medium,Senior citizen,In Review,English,Synthetic Survey,trip ticket machine working caused queue
MPF00038,"Overall, The station floor was dirty and bins were overflowing.",2,Line 7,Mogharpada,2026-05-19,Other,Cleanliness,station_cleanliness,Negative,-0.53,High,Working professional,Resolved,English,Synthetic Review,overall station floor dirty bin overflowing
MPF00039,"In my experience, Please train staff to respond more politely to passengers.",1,Line 3,Aarey JVLR,2026-07-12,Tourism,Staff Behaviour,staff_helpfulness,Negative,-0.44,High,Tourist,In Review,English,Synthetic Review,experience please train staff respond politely passenger
MPF00040,"Overall, It was difficult to connect from the metro to the bus stop.",2,Line 3,BKC,2026-02-12,Daily commute,Connectivity,bus_connection,Negative,-0.69,High,Tourist,Resolved,English,Synthetic Complaint,overall difficult connect metro bus stop
MPF00041,"In my experience, The metro connection to other transport was convenient.",5,Line 2A,Goregaon West,2026-03-08,Daily commute,Connectivity,bus_connection,Positive,0.82,Low,Tourist,Not Required,English,Synthetic Survey,experience metro connection transport convenient
MPF00042,"Today, The seating area and signage were useful.",4,Line 7,Dindoshi,2026-05-19,Shopping,Facilities,lift,Positive,0.85,Low,Senior citizen,Not Required,Hinglish,Synthetic Complaint,today seating area signage useful
MPF00043,"Overall, The coach was clean and well maintained.",5,Line 7,Dindoshi,2026-05-25,Tourism,Cleanliness,coach_cleanliness,Positive,0.89,Low,Working professional,Resolved,English,Synthetic Survey,overall coach clean well maintained
MPF00044,"In my experience, The platform was overcrowded and felt unsafe.",1,Line 3,SEEPZ,2026-06-23,Work,Safety,security_presence,Negative,-0.48,High,Senior citizen,In Review,English,Synthetic Complaint,experience platform overcrowded felt unsafe
MPF00045,"During my trip, The station floor was dirty and bins were overflowing.",3,Line 3,MIDC,2026-04-05,Tourism,Cleanliness,coach_cleanliness,Neutral,0.06,Medium,Student,Resolved,English,Synthetic Complaint,trip station floor dirty bin overflowing
MPF00046,Frequent delays on this route are becoming difficult for daily commuters.,2,Line 6,Shyam Nagar,2026-05-14,Other,Delay,missed_connection,Negative,-0.37,High,Tourist,Open,English,Synthetic Complaint,frequent delay route becoming difficult daily commuter
MPF00047,"Today, Better last-mile connectivity would help passengers.",4,Line 7,Mogharpada,2026-05-26,Work,Connectivity,last_mile,Positive,0.66,Low,Student,Not Required,English,Synthetic Review,today better lastmile connectivity would help passenger
MPF00048,"Overall, Frequent delays on this route are becoming difficult for daily commuters.",2,Line 3,SEEPZ,2026-05-13,College,Delay,late_train,Negative,-0.82,High,Senior citizen,Resolved,English,Synthetic Survey,overall frequent delay route becoming difficult daily commuter
MPF00049,"Overall, Please review the fare for frequent daily commuters.",3,Line 1,DN Nagar,2026-02-26,Shopping,Fare,fare_complaint,Neutral,0.03,Medium,Tourist,Not Required,English,Synthetic Review,overall please review fare frequent daily commuter
MPF00050,"In my experience, The station infrastructure appeared well maintained.",5,Line 2A,Kandarpada,2026-03-06,Other,Maintenance,infrastructure,Positive,0.69,Low,General,Not Required,English,Synthetic Review,experience station infrastructure appeared well maintained
MPF00051,"In my experience, I felt safe throughout the journey and at the station.",5,Line 1,DN Nagar,2026-03-17,Other,Safety,platform_safety,Positive,0.63,Low,Tourist,Not Required,English,Synthetic Survey,experience felt safe throughout journey station
MPF00052,"In my experience, Buying the ticket was quick and easy.",5,Line 7,Dindoshi,2026-01-27,Daily commute,Ticketing,ticket_machine,Positive,0.66,Low,General,Resolved,English,Synthetic Review,experience buying ticket quick easy
MPF00053,"During my trip, More seating and drinking water facilities are needed.",3,Line 6,Shyam Nagar,2026-05-06,College,Facilities,lift,Neutral,0.09,Medium,Tourist,Not Required,English,Synthetic Review,trip seating drinking water facility needed
MPF00054,"During my trip, Too many passengers were packed into the train today.",1,Line 6,Swami Samarth Nagar,2026-04-08,Daily commute,Crowding,door_area_crowding,Negative,-0.35,High,General,Open,English,Synthetic Complaint,trip many passenger packed train today
MPF00055,"In my experience, Broken fixtures and damaged signs should be repaired.",3,Line 3,SEEPZ,2026-02-24,Other,Maintenance,equipment,Neutral,-0.09,Medium,Student,Open,Hinglish,Synthetic Complaint,experience broken fixture damaged sign repaired
MPF00056,The staff member at the counter was rude and unhelpful.,1,Line 1,DN Nagar,2026-03-15,Shopping,Staff Behaviour,security_assistance,Negative,-0.95,High,General,Not Required,English,Synthetic Survey,staff member counter rude unhelpful
MPF00057,"In my experience, The station floor was dirty and bins were overflowing.",2,Line 7,Jogeshwari East,2026-01-19,Tourism,Cleanliness,coach_cleanliness,Negative,-0.69,High,Working professional,In Review,English,Synthetic Survey,experience station floor dirty bin overflowing
MPF00058,The station infrastructure appeared well maintained.,4,Line 2A,Kandarpada,2026-06-03,Other,Maintenance,infrastructure,Positive,0.83,Low,Tourist,Not Required,Hinglish,Synthetic Survey,station infrastructure appeared well maintained
MPF00059,The station infrastructure appeared well maintained.,4,Line 3,SEEPZ,2026-07-15,Tourism,Maintenance,infrastructure,Positive,0.93,Low,General,Resolved,Hinglish,Synthetic Survey,station infrastructure appeared well maintained
MPF00060,"In my experience, The seating area and signage were useful.",4,Line 3,BKC,2026-06-21,Shopping,Facilities,lift,Positive,0.8,Low,Student,Not Required,English,Synthetic Review,experience seating area signage useful
MPF00061,"Today, Please review the fare for frequent daily commuters.",4,Line 2A,Kandarpada,2026-07-31,Daily commute,Fare,fare_value,Positive,0.56,Low,Senior citizen,Not Required,English,Synthetic Complaint,today please review fare frequent daily commuter
MPF00062,"In my experience, The fare is reasonable for the service provided.",4,Line 6,Vikhroli,2026-02-03,Shopping,Fare,fare_complaint,Positive,0.8,Low,Tourist,Not Required,English,Synthetic Complaint,experience fare reasonable service provided
MPF00063,"In my experience, The coach was clean and well maintained.",5,Line 3,Marol Naka,2026-08-04,College,Cleanliness,coach_cleanliness,Positive,0.83,Low,General,Not Required,English,Synthetic Survey,experience coach clean well maintained
MPF00064,"During my trip, Crowding near the doors made boarding difficult.",3,Line 3,Aarey JVLR,2026-05-22,Shopping,Crowding,peak_hour_crowding,Neutral,0.04,Medium,Tourist,Open,Hinglish,Synthetic Review,trip crowding near door made boarding difficult
MPF00065,"During my trip, The escalator was not working and needs maintenance.",2,Line 3,MIDC,2026-03-18,Tourism,Maintenance,signage_and_fixtures,Negative,-0.75,High,Senior citizen,In Review,Hinglish,Synthetic Complaint,trip escalator working need maintenance
MPF00066,"Today, Crowding near the doors made boarding difficult.",2,Line 6,Vikhroli,2026-06-28,Tourism,Crowding,peak_hour_crowding,Negative,-0.75,High,Tourist,In Review,English,Synthetic Survey,today crowding near door made boarding difficult
MPF00067,"During my trip, Please train staff to respond more politely to passengers.",2,Line 6,Vikhroli,2026-01-10,Shopping,Staff Behaviour,staff_politeness,Negative,-0.53,High,Tourist,Open,Hinglish,Synthetic Review,trip please train staff respond politely passenger
MPF00068,I felt safe throughout the journey and at the station.,5,Line 6,Kanjurmarg,2026-07-20,Daily commute,Safety,security_presence,Positive,0.91,Low,Working professional,Not Required,English,Synthetic Review,felt safe throughout journey station
MPF00069,"In my experience, The fare is reasonable for the service provided.",4,Line 7,Mogharpada,2026-03-02,Other,Fare,frequent_commuter_cost,Positive,0.93,Low,Tourist,Resolved,Hinglish,Synthetic Survey,experience fare reasonable service provided
MPF00070,Please improve cleanliness in the washroom area.,2,Line 7,Dindoshi,2026-04-02,College,Cleanliness,station_cleanliness,Negative,-0.85,High,Student,Not Required,English,Synthetic Review,please improve cleanliness washroom area
MPF00071,"Overall, Please train staff to respond more politely to passengers.",2,Line 3,MIDC,2026-08-22,Tourism,Staff Behaviour,security_assistance,Negative,-0.84,High,Tourist,Open,English,Synthetic Review,overall please train staff respond politely passenger
MPF00072,"During my trip, The seating area and signage were useful.",3,Line 2A,Shimpoli,2026-04-24,Shopping,Facilities,escalator,Neutral,0.08,Medium,Senior citizen,Open,English,Synthetic Survey,trip seating area signage useful
MPF00073,"During my trip, Good value for money compared with other transport options.",5,Line 6,Shyam Nagar,2026-06-29,Shopping,Fare,fare_complaint,Positive,0.95,Low,Student,Resolved,English,Synthetic Review,trip good value money compared transport option
MPF00074,Buying the ticket was quick and easy.,5,Line 1,Azad Nagar,2026-02-18,College,Ticketing,qr_scanner,Positive,0.85,Low,Working professional,Not Required,English,Synthetic Complaint,buying ticket quick easy
MPF00075,"Today, The coach was clean and well maintained.",4,Line 7,Dindoshi,2026-04-17,Other,Cleanliness,coach_cleanliness,Positive,0.78,Low,Working professional,Not Required,English,Synthetic Complaint,today coach clean well maintained
MPF00076,"In my experience, The interchange process was smooth and well signposted.",5,Line 2A,Shimpoli,2026-07-25,College,Connectivity,interchange,Positive,0.88,Low,Tourist,Resolved,Hinglish,Synthetic Review,experience interchange process smooth well signposted
MPF00077,"Today, Too many passengers were packed into the train today.",3,Line 3,Aarey JVLR,2026-04-05,Shopping,Crowding,platform_crowding,Neutral,-0.03,Medium,Student,Not Required,English,Synthetic Review,today many passenger packed train today
MPF00078,"Overall, Good value for money compared with other transport options.",5,Line 7,Mogharpada,2026-06-12,Tourism,Fare,fare_complaint,Positive,0.56,Low,Senior citizen,Resolved,Hinglish,Synthetic Survey,overall good value money compared transport option
MPF00079,The station floor was dirty and bins were overflowing.,2,Line 7,Jogeshwari East,2026-04-27,Daily commute,Cleanliness,station_cleanliness,Negative,-0.35,High,Student,Open,English,Synthetic Review,station floor dirty bin overflowing
MPF00080,The escalator was not working and needs maintenance.,2,Line 6,Vikhroli,2026-04-24,College,Maintenance,infrastructure,Negative,-0.58,High,Student,Open,English,Synthetic Review,escalator working need maintenance
MPF00081,"Today, Security presence at the station was reassuring.",5,Line 7,Aarey,2026-06-02,Daily commute,Safety,platform_safety,Positive,0.63,Low,Tourist,Resolved,English,Synthetic Complaint,today security presence station reassuring
MPF00082,"Overall, The staff member at the counter was rude and unhelpful.",1,Line 1,Versova,2026-07-18,Tourism,Staff Behaviour,staff_politeness,Negative,-0.45,High,Working professional,Open,English,Synthetic Review,overall staff member counter rude unhelpful
MPF00083,"In my experience, The ticket machine was not working and caused a queue.",2,Line 6,Swami Samarth Nagar,2026-05-31,Daily commute,Ticketing,counter_queue,Negative,-0.47,High,Student,In Review,English,Synthetic Survey,experience ticket machine working caused queue
MPF00084,"Today, Buying the ticket was quick and easy.",5,Line 1,DN Nagar,2026-01-28,Daily commute,Ticketing,counter_queue,Positive,0.6,Low,Tourist,Resolved,English,Synthetic Complaint,today buying ticket quick easy
MPF00085,"In my experience, The coach condition was good and everything looked maintained.",5,Line 6,Jogeshwari,2026-01-28,Daily commute,Maintenance,equipment,Positive,0.73,Low,Student,Not Required,Hinglish,Synthetic Complaint,experience coach condition good everything looked maintained
MPF00086,"Overall, Seats and windows were clean during my journey.",4,Line 3,Aarey JVLR,2026-05-16,Tourism,Cleanliness,station_cleanliness,Positive,0.6,Low,General,Not Required,English,Synthetic Complaint,overall seat window clean journey
MPF00087,Broken fixtures and damaged signs should be repaired.,3,Line 3,BKC,2026-03-28,Work,Maintenance,equipment,Neutral,0.04,Medium,Tourist,Open,English,Synthetic Review,broken fixture damaged sign repaired
MPF00088,"During my trip, Seats and windows were clean during my journey.",5,Line 3,Marol Naka,2026-01-25,Work,Cleanliness,washroom_cleanliness,Positive,0.7,Low,Tourist,Not Required,English,Synthetic Review,trip seat window clean journey
MPF00089,"In my experience, The metro connection to other transport was convenient.",5,Line 7,Dindoshi,2026-03-15,Daily commute,Connectivity,last_mile,Positive,0.68,Low,Tourist,Resolved,English,Synthetic Survey,experience metro connection transport convenient
MPF00090,"Today, The station floor was dirty and bins were overflowing.",2,Line 7,Goregaon East,2026-02-27,College,Cleanliness,station_cleanliness,Negative,-0.44,High,General,In Review,English,Synthetic Complaint,today station floor dirty bin overflowing
MPF00091,"During my trip, The coach condition was good and everything looked maintained.",4,Line 6,Kanjurmarg,2026-08-11,Other,Maintenance,infrastructure,Positive,0.62,Low,Senior citizen,Not Required,Hinglish,Synthetic Survey,trip coach condition good everything looked maintained
MPF00092,The station floor was dirty and bins were overflowing.,1,Line 6,Vikhroli,2026-04-05,Work,Cleanliness,station_cleanliness,Negative,-0.5,High,Tourist,In Review,English,Synthetic Survey,station floor dirty bin overflowing
MPF00093,"Overall, The coach condition was good and everything looked maintained.",5,Line 7,Mogharpada,2026-04-24,Daily commute,Maintenance,equipment,Positive,0.85,Low,Student,Not Required,English,Synthetic Complaint,overall coach condition good everything looked maintained
MPF00094,"Today, The metro connection to other transport was convenient.",4,Line 7,Dindoshi,2026-04-12,Other,Connectivity,last_mile,Positive,0.66,Low,General,Not Required,English,Synthetic Survey,today metro connection transport convenient
MPF00095,"Overall, Security staff guided me properly when I asked for help.",4,Line 1,Andheri,2026-04-08,Daily commute,Staff Behaviour,security_assistance,Positive,0.67,Low,Student,Not Required,English,Synthetic Survey,overall security staff guided properly asked help
MPF00096,"Today, The interchange process was smooth and well signposted.",4,Line 2A,Goregaon West,2026-07-01,Shopping,Connectivity,last_mile,Positive,0.72,Low,Student,Resolved,Hinglish,Synthetic Review,today interchange process smooth well signposted
MPF00097,"During my trip, Please improve cleanliness in the washroom area.",2,Line 3,SEEPZ,2026-04-22,Tourism,Cleanliness,coach_cleanliness,Negative,-0.47,High,Tourist,In Review,Hinglish,Synthetic Survey,trip please improve cleanliness washroom area
MPF00098,Broken fixtures and damaged signs should be repaired.,2,Line 2A,Poisar,2026-05-11,Other,Maintenance,signage_and_fixtures,Negative,-0.43,High,Senior citizen,Open,English,Synthetic Survey,broken fixture damaged sign repaired
MPF00099,"During my trip, It was difficult to connect from the metro to the bus stop.",2,Line 1,Ghatkopar,2026-01-20,Work,Connectivity,interchange,Negative,-0.81,High,Senior citizen,Open,English,Synthetic Complaint,trip difficult connect metro bus stop
MPF00100,"In my experience, Broken fixtures and damaged signs should be repaired.",3,Line 3,Marol Naka,2026-04-24,Other,Maintenance,signage_and_fixtures,Neutral,-0.04,Medium,Senior citizen,Not Required,English,Synthetic Review,experience broken fixture damaged sign repaired
MPF00101,"In my experience, The coach condition was good and everything looked maintained.",4,Line 7,Goregaon East,2026-08-10,Shopping,Maintenance,infrastructure,Positive,0.67,Low,Student,Not Required,English,Synthetic Complaint,experience coach condition good everything looked maintained
MPF00102,"In my experience, Better last-mile connectivity would help passengers.",4,Line 6,Kanjurmarg,2026-05-02,Other,Connectivity,last_mile,Positive,0.93,Low,Student,Not Required,English,Synthetic Complaint,experience better lastmile connectivity would help passenger
MPF00103,The station has clean lifts and working escalators.,5,Line 2A,Dahisar East,2026-06-06,Daily commute,Facilities,lift,Positive,0.81,Low,Working professional,Resolved,English,Synthetic Complaint,station clean lift working escalator
MPF00104,"During my trip, There should be more working ticket counters during rush hours.",3,Line 7,Goregaon East,2026-06-23,Other,Ticketing,counter_queue,Neutral,-0.09,Medium,Senior citizen,Not Required,English,Synthetic Complaint,trip working ticket counter rush hour
MPF00105,The escalator was not working and needs maintenance.,3,Line 7,Goregaon East,2026-06-02,College,Maintenance,signage_and_fixtures,Neutral,0.03,Medium,Senior citizen,Resolved,Hinglish,Synthetic Survey,escalator working need maintenance
MPF00106,"During my trip, Better last-mile connectivity would help passengers.",3,Line 1,Versova,2026-04-03,Other,Connectivity,interchange,Neutral,0.03,Medium,General,Resolved,English,Synthetic Complaint,trip better lastmile connectivity would help passenger
MPF00107,"Today, Too many passengers were packed into the train today.",2,Line 7,Goregaon East,2026-07-17,Work,Crowding,platform_crowding,Negative,-0.81,High,Working professional,Not Required,English,Synthetic Complaint,today many passenger packed train today
MPF00108,"Today, The platform was overcrowded and felt unsafe.",2,Line 6,Swami Samarth Nagar,2026-01-12,Other,Safety,security_presence,Negative,-0.85,High,General,Resolved,English,Synthetic Review,today platform overcrowded felt unsafe
MPF00109,"Today, The seating area and signage were useful.",4,Line 7,Dindoshi,2026-08-31,College,Facilities,seating_and_water,Positive,0.76,Low,Tourist,Not Required,Hinglish,Synthetic Complaint,today seating area signage useful
MPF00110,"In my experience, There should be more working ticket counters during rush hours.",2,Line 3,Marol Naka,2026-06-14,Work,Ticketing,counter_queue,Negative,-0.37,High,General,In Review,English,Synthetic Survey,experience working ticket counter rush hour
MPF00111,The coach was clean and well maintained.,5,Line 7,Mogharpada,2026-08-15,Tourism,Cleanliness,station_cleanliness,Positive,0.66,Low,Working professional,Not Required,Hinglish,Synthetic Review,coach clean well maintained
MPF00112,"During my trip, Frequent delays on this route are becoming difficult for daily commuters.",2,Line 1,Azad Nagar,2026-06-16,Daily commute,Delay,service_frequency,Negative,-0.72,High,Senior citizen,Open,English,Synthetic Complaint,trip frequent delay route becoming difficult daily commuter
MPF00113,"Overall, Very little waiting time today; the train arrived on schedule.",5,Line 2A,Shimpoli,2026-08-29,Daily commute,Delay,missed_connection,Positive,0.73,Low,Student,Not Required,English,Synthetic Complaint,overall little waiting time today train arrived schedule
MPF00114,"Overall, The fare is reasonable for the service provided.",4,Line 6,Kanjurmarg,2026-08-03,Work,Fare,fare_complaint,Positive,0.6,Low,Tourist,Not Required,English,Synthetic Survey,overall fare reasonable service provided
MPF00115,"Overall, Train service was running late today. Please improve punctuality.",2,Line 6,Kanjurmarg,2026-06-21,Tourism,Delay,late_train,Negative,-0.69,High,Senior citizen,Open,English,Synthetic Complaint,overall train service running late today please improve punctuality
MPF00116,"Today, The coach was clean and well maintained.",4,Line 6,Shyam Nagar,2026-03-03,College,Cleanliness,washroom_cleanliness,Positive,0.8,Low,Senior citizen,Not Required,English,Synthetic Review,today coach clean well maintained
MPF00117,"During my trip, The platform was overcrowded and felt unsafe.",3,Line 1,Ghatkopar,2026-05-03,Other,Safety,general_safety,Neutral,-0.03,Medium,Working professional,Resolved,Hinglish,Synthetic Complaint,trip platform overcrowded felt unsafe
MPF00118,"During my trip, Please improve cleanliness in the washroom area.",2,Line 2A,Shimpoli,2026-04-12,Work,Cleanliness,washroom_cleanliness,Negative,-0.92,High,Student,In Review,English,Synthetic Complaint,trip please improve cleanliness washroom area
MPF00119,"During my trip, Train service was running late today. Please improve punctuality.",1,Line 3,SEEPZ,2026-07-10,College,Delay,service_frequency,Negative,-0.43,High,Senior citizen,In Review,English,Synthetic Review,trip train service running late today please improve punctuality
MPF00120,"Today, Crowding near the doors made boarding difficult.",2,Line 3,SEEPZ,2026-04-21,Tourism,Crowding,platform_crowding,Negative,-0.4,High,Senior citizen,Resolved,English,Synthetic Survey,today crowding near door made boarding difficult
MPF00121,The QR ticket scanner worked smoothly.,5,Line 2A,Goregaon West,2026-04-24,College,Ticketing,counter_queue,Positive,0.81,Low,Tourist,Not Required,English,Synthetic Complaint,qr ticket scanner worked smoothly
MPF00122,Please improve passenger safety near the platform edge.,1,Line 3,Aarey JVLR,2026-08-06,Shopping,Safety,general_safety,Negative,-0.55,High,Senior citizen,Open,English,Synthetic Survey,please improve passenger safety near platform edge
MPF00123,"During my trip, The coach was extremely crowded during peak hours.",2,Line 3,Aarey JVLR,2026-04-06,Tourism,Crowding,door_area_crowding,Negative,-0.72,High,Student,Resolved,English,Synthetic Review,trip coach extremely crowded peak hour
MPF00124,"During my trip, The train had comfortable space and was not crowded.",5,Line 1,Ghatkopar,2026-08-22,Daily commute,Crowding,platform_crowding,Positive,0.65,Low,Student,Resolved,English,Synthetic Review,trip train comfortable space crowded
MPF00125,"In my experience, There should be more working ticket counters during rush hours.",2,Line 1,Versova,2026-02-14,Shopping,Ticketing,qr_scanner,Negative,-0.53,High,Working professional,Not Required,English,Synthetic Review,experience working ticket counter rush hour
MPF00126,Security presence at the station was reassuring.,5,Line 3,Aarey JVLR,2026-02-27,College,Safety,platform_safety,Positive,0.77,Low,Working professional,Not Required,English,Synthetic Complaint,security presence station reassuring
MPF00127,"During my trip, Please train staff to respond more politely to passengers.",3,Line 2A,Shimpoli,2026-03-21,Shopping,Staff Behaviour,staff_helpfulness,Neutral,0.01,Medium,General,Not Required,English,Synthetic Survey,trip please train staff respond politely passenger
MPF00128,Please review the fare for frequent daily commuters.,3,Line 3,BKC,2026-08-13,Other,Fare,frequent_commuter_cost,Neutral,0.09,Medium,Student,In Review,English,Synthetic Survey,please review fare frequent daily commuter
MPF00129,Crowding near the doors made boarding difficult.,1,Line 6,Jogeshwari,2026-08-31,College,Crowding,platform_crowding,Negative,-0.64,High,Working professional,Open,English,Synthetic Review,crowding near door made boarding difficult
MPF00130,"In my experience, The ticket machine was not working and caused a queue.",2,Line 7,Aarey,2026-08-30,College,Ticketing,qr_scanner,Negative,-0.87,High,General,Open,English,Synthetic Complaint,experience ticket machine working caused queue
MPF00131,The station infrastructure appeared well maintained.,3,Line 2A,Shimpoli,2026-04-17,Other,Maintenance,signage_and_fixtures,Neutral,-0.08,Medium,General,Open,English,Synthetic Complaint,station infrastructure appeared well maintained
MPF00132,"During my trip, The interchange process was smooth and well signposted.",5,Line 1,Azad Nagar,2026-02-10,Other,Connectivity,bus_connection,Positive,0.65,Low,Tourist,Resolved,English,Synthetic Survey,trip interchange process smooth well signposted
MPF00133,"In my experience, The lift was out of service and caused inconvenience.",2,Line 3,Marol Naka,2026-02-03,Other,Facilities,escalator,Negative,-0.76,High,Senior citizen,In Review,English,Synthetic Review,experience lift service caused inconvenience
MPF00134,"Today, Seats and windows were clean during my journey.",4,Line 6,Kanjurmarg,2026-04-18,Work,Cleanliness,coach_cleanliness,Positive,0.66,Low,Working professional,Not Required,English,Synthetic Complaint,today seat window clean journey
MPF00135,"Overall, The station infrastructure appeared well maintained.",4,Line 2A,Kandarpada,2026-08-30,Shopping,Maintenance,equipment,Positive,0.95,Low,Tourist,Not Required,Hinglish,Synthetic Survey,overall station infrastructure appeared well maintained
MPF00136,"During my trip, The staff member at the counter was rude and unhelpful.",1,Line 6,Vikhroli,2026-05-18,Shopping,Staff Behaviour,staff_politeness,Negative,-0.92,High,General,Resolved,Hinglish,Synthetic Review,trip staff member counter rude unhelpful
MPF00137,"During my trip, The train had comfortable space and was not crowded.",5,Line 1,Azad Nagar,2026-03-15,Shopping,Crowding,peak_hour_crowding,Positive,0.7,Low,Student,Not Required,English,Synthetic Complaint,trip train comfortable space crowded
MPF00138,"In my experience, The seating area and signage were useful.",3,Line 3,BKC,2026-08-29,Daily commute,Facilities,escalator,Neutral,-0.07,Medium,Tourist,In Review,English,Synthetic Complaint,experience seating area signage useful
MPF00139,Broken fixtures and damaged signs should be repaired.,1,Line 2A,Shimpoli,2026-06-05,Other,Maintenance,signage_and_fixtures,Negative,-0.93,High,Senior citizen,Resolved,English,Synthetic Survey,broken fixture damaged sign repaired
MPF00140,"Today, The station infrastructure appeared well maintained.",5,Line 2A,Kandarpada,2026-03-18,College,Maintenance,equipment,Positive,0.85,Low,General,Resolved,English,Synthetic Complaint,today station infrastructure appeared well maintained
MPF00141,"In my experience, I felt safe throughout the journey and at the station.",5,Line 1,Versova,2026-05-28,Other,Safety,platform_safety,Positive,0.87,Low,Student,Resolved,English,Synthetic Complaint,experience felt safe throughout journey station
MPF00142,"In my experience, The lift was out of service and caused inconvenience.",2,Line 1,Ghatkopar,2026-01-05,Other,Facilities,escalator,Negative,-0.86,High,Working professional,Not Required,English,Synthetic Survey,experience lift service caused inconvenience
MPF00143,"Overall, Crowding near the doors made boarding difficult.",2,Line 7,Jogeshwari East,2026-02-05,Tourism,Crowding,platform_crowding,Negative,-0.65,High,Tourist,Not Required,Hinglish,Synthetic Complaint,overall crowding near door made boarding difficult
MPF00144,"Today, Please improve passenger safety near the platform edge.",2,Line 2A,Goregaon West,2026-06-24,Shopping,Safety,general_safety,Negative,-0.38,High,General,Resolved,English,Synthetic Complaint,today please improve passenger safety near platform edge
MPF00145,"During my trip, The lift was out of service and caused inconvenience.",3,Line 7,Mogharpada,2026-05-03,College,Facilities,escalator,Neutral,-0.04,Medium,Senior citizen,Resolved,English,Synthetic Review,trip lift service caused inconvenience
MPF00146,"In my experience, Buying the ticket was quick and easy.",5,Line 6,Shyam Nagar,2026-03-15,Shopping,Ticketing,qr_scanner,Positive,0.91,Low,Senior citizen,Not Required,Hinglish,Synthetic Survey,experience buying ticket quick easy
MPF00147,"Today, The seating area and signage were useful.",4,Line 1,Versova,2026-06-07,Tourism,Facilities,seating_and_water,Positive,0.63,Low,Senior citizen,Not Required,Hinglish,Synthetic Survey,today seating area signage useful
MPF00148,"In my experience, The station staff were polite and helpful.",5,Line 6,Jogeshwari,2026-07-17,Daily commute,Staff Behaviour,staff_politeness,Positive,0.81,Low,Student,Not Required,English,Synthetic Complaint,experience station staff polite helpful
MPF00149,"Today, Crowding near the doors made boarding difficult.",2,Line 1,Ghatkopar,2026-06-16,College,Crowding,platform_crowding,Negative,-0.56,High,Senior citizen,Not Required,English,Synthetic Survey,today crowding near door made boarding difficult
MPF00150,"Overall, Train service was running late today. Please improve punctuality.",1,Line 2A,Goregaon West,2026-03-18,Shopping,Delay,missed_connection,Negative,-0.35,High,Tourist,Open,English,Synthetic Survey,overall train service running late today please improve punctuality
MPF00151,"In my experience, Security presence at the station was reassuring.",5,Line 6,Swami Samarth Nagar,2026-02-11,Work,Safety,general_safety,Positive,0.75,Low,General,Not Required,English,Synthetic Review,experience security presence station reassuring
MPF00152,"During my trip, The coach was extremely crowded during peak hours.",2,Line 3,SEEPZ,2026-05-12,Work,Crowding,door_area_crowding,Negative,-0.61,High,Working professional,Resolved,English,Synthetic Review,trip coach extremely crowded peak hour
MPF00153,"Today, The station floor was dirty and bins were overflowing.",2,Line 1,Azad Nagar,2026-03-26,Daily commute,Cleanliness,station_cleanliness,Negative,-0.39,High,Senior citizen,Resolved,English,Synthetic Review,today station floor dirty bin overflowing
MPF00154,"During my trip, Very little waiting time today; the train arrived on schedule.",5,Line 6,Kanjurmarg,2026-08-25,Daily commute,Delay,missed_connection,Positive,0.57,Low,Tourist,Resolved,English,Synthetic Complaint,trip little waiting time today train arrived schedule
MPF00155,"Overall, The QR ticket scanner worked smoothly.",5,Line 7,Aarey,2026-05-21,Shopping,Ticketing,counter_queue,Positive,0.93,Low,Working professional,Not Required,English,Synthetic Complaint,overall qr ticket scanner worked smoothly
MPF00156,"Today, The station staff were polite and helpful.",5,Line 6,Jogeshwari,2026-02-08,Daily commute,Staff Behaviour,staff_politeness,Positive,0.83,Low,General,Resolved,English,Synthetic Complaint,today station staff polite helpful
MPF00157,"Overall, The station has clean lifts and working escalators.",5,Line 7,Mogharpada,2026-04-17,Tourism,Facilities,escalator,Positive,0.75,Low,Tourist,Not Required,English,Synthetic Complaint,overall station clean lift working escalator
MPF00158,"During my trip, Better last-mile connectivity would help passengers.",2,Line 6,Swami Samarth Nagar,2026-03-30,Daily commute,Connectivity,last_mile,Negative,-0.71,High,Working professional,Not Required,English,Synthetic Review,trip better lastmile connectivity would help passenger
MPF00159,The train was delayed by 20 minutes and I missed my connection.,2,Line 1,Ghatkopar,2026-04-07,Work,Delay,late_train,Negative,-0.7,High,Tourist,In Review,English,Synthetic Review,train delayed 20 minute missed connection
MPF00160,"In my experience, I felt safe throughout the journey and at the station.",5,Line 6,Jogeshwari,2026-06-22,Other,Safety,general_safety,Positive,0.76,Low,Working professional,Not Required,Hinglish,Synthetic Review,experience felt safe throughout journey station
MPF00161,"Overall, Better last-mile connectivity would help passengers.",3,Line 6,Vikhroli,2026-07-27,College,Connectivity,last_mile,Neutral,-0.03,Medium,Working professional,Not Required,Hinglish,Synthetic Survey,overall better lastmile connectivity would help passenger
MPF00162,Train service was running late today. Please improve punctuality.,1,Line 3,BKC,2026-01-12,Shopping,Delay,service_frequency,Negative,-0.59,High,General,Open,English,Synthetic Complaint,train service running late today please improve punctuality
MPF00163,"Overall, It was difficult to connect from the metro to the bus stop.",3,Line 3,MIDC,2026-03-19,Work,Connectivity,interchange,Neutral,0.1,Medium,General,In Review,English,Synthetic Survey,overall difficult connect metro bus stop
MPF00164,Good value for money compared with other transport options.,5,Line 6,Jogeshwari,2026-01-13,Other,Fare,fare_complaint,Positive,0.93,Low,Working professional,Resolved,English,Synthetic Review,good value money compared transport option
MPF00165,"Overall, Please improve passenger safety near the platform edge.",2,Line 3,BKC,2026-02-06,Tourism,Safety,security_presence,Negative,-0.72,High,Tourist,In Review,English,Synthetic Complaint,overall please improve passenger safety near platform edge
MPF00166,"In my experience, Please review the fare for frequent daily commuters.",3,Line 1,Ghatkopar,2026-08-05,College,Fare,fare_complaint,Neutral,-0.02,Medium,Working professional,Not Required,English,Synthetic Review,experience please review fare frequent daily commuter
MPF00167,"Today, The station staff were polite and helpful.",5,Line 1,Ghatkopar,2026-08-11,Daily commute,Staff Behaviour,staff_helpfulness,Positive,0.79,Low,Working professional,Not Required,English,Synthetic Survey,today station staff polite helpful
MPF00168,The staff member at the counter was rude and unhelpful.,1,Line 7,Aarey,2026-05-22,Other,Staff Behaviour,staff_helpfulness,Negative,-0.4,High,General,Resolved,English,Synthetic Survey,staff member counter rude unhelpful
MPF00169,"During my trip, The seating area and signage were useful.",4,Line 7,Jogeshwari East,2026-04-05,Shopping,Facilities,escalator,Positive,0.76,Low,Tourist,Not Required,English,Synthetic Survey,trip seating area signage useful
MPF00170,"Overall, The escalator was not working and needs maintenance.",1,Line 3,Aarey JVLR,2026-02-20,Tourism,Maintenance,equipment,Negative,-0.79,High,General,In Review,English,Synthetic Survey,overall escalator working need maintenance
MPF00171,"In my experience, The escalator was not working and needs maintenance.",2,Line 2A,Poisar,2026-02-05,Shopping,Maintenance,signage_and_fixtures,Negative,-0.8,High,Tourist,In Review,English,Synthetic Survey,experience escalator working need maintenance
MPF00172,The coach was extremely crowded during peak hours.,1,Line 6,Vikhroli,2026-08-04,Other,Crowding,platform_crowding,Negative,-0.38,High,Student,Resolved,English,Synthetic Survey,coach extremely crowded peak hour
MPF00173,"In my experience, The coach was extremely crowded during peak hours.",2,Line 2A,Dahisar East,2026-01-02,Tourism,Crowding,platform_crowding,Negative,-0.73,High,General,Resolved,Hinglish,Synthetic Survey,experience coach extremely crowded peak hour
MPF00174,"During my trip, The train was delayed by 25 minutes and I missed my connection.",3,Line 6,Vikhroli,2026-01-28,Daily commute,Delay,late_train,Neutral,0.1,Medium,General,Resolved,English,Synthetic Survey,trip train delayed 25 minute missed connection
MPF00175,"In my experience, The staff member at the counter was rude and unhelpful.",1,Line 6,Jogeshwari,2026-05-25,College,Staff Behaviour,staff_politeness,Negative,-0.46,High,Tourist,Resolved,English,Synthetic Review,experience staff member counter rude unhelpful
MPF00176,"Today, The coach was clean and well maintained.",5,Line 2A,Kandarpada,2026-08-05,Shopping,Cleanliness,station_cleanliness,Positive,0.7,Low,Student,Not Required,English,Synthetic Review,today coach clean well maintained
MPF00177,"Overall, The coach was clean and well maintained.",5,Line 7,Mogharpada,2026-06-18,Daily commute,Cleanliness,coach_cleanliness,Positive,0.74,Low,Student,Resolved,English,Synthetic Complaint,overall coach clean well maintained
MPF00178,"Overall, Train service was running late today. Please improve punctuality.",2,Line 2A,Kandarpada,2026-03-26,College,Delay,service_frequency,Negative,-0.39,High,Working professional,Resolved,English,Synthetic Complaint,overall train service running late today please improve punctuality
MPF00179,The interchange process was smooth and well signposted.,5,Line 2A,Dahisar East,2026-06-12,Daily commute,Connectivity,bus_connection,Positive,0.64,Low,Senior citizen,Not Required,English,Synthetic Survey,interchange process smooth well signposted
MPF00180,"Today, Security staff guided me properly when I asked for help.",4,Line 3,Marol Naka,2026-01-19,Tourism,Staff Behaviour,staff_politeness,Positive,0.62,Low,Tourist,Not Required,English,Synthetic Complaint,today security staff guided properly asked help
MPF00181,"Today, The ticket price feels expensive for a short journey.",2,Line 7,Dindoshi,2026-07-14,Daily commute,Fare,fare_complaint,Negative,-0.73,High,Student,Resolved,Hinglish,Synthetic Review,today ticket price feel expensive short journey
MPF00182,"Today, The station floor was dirty and bins were overflowing.",3,Line 1,DN Nagar,2026-01-24,Shopping,Cleanliness,washroom_cleanliness,Neutral,0.01,Medium,Student,In Review,English,Synthetic Complaint,today station floor dirty bin overflowing
MPF00183,"Today, The fare is reasonable for the service provided.",4,Line 6,Shyam Nagar,2026-02-13,Other,Fare,frequent_commuter_cost,Positive,0.86,Low,General,Resolved,Hinglish,Synthetic Complaint,today fare reasonable service provided
MPF00184,"During my trip, The train had comfortable space and was not crowded.",5,Line 3,MIDC,2026-04-03,Work,Crowding,door_area_crowding,Positive,0.61,Low,Tourist,Not Required,English,Synthetic Survey,trip train comfortable space crowded
MPF00185,The escalator was not working and needs maintenance.,2,Line 2A,Poisar,2026-04-23,Shopping,Maintenance,equipment,Negative,-0.77,High,Senior citizen,Resolved,Hinglish,Synthetic Review,escalator working need maintenance
MPF00186,"In my experience, The train had comfortable space and was not crowded.",5,Line 3,BKC,2026-06-12,Work,Crowding,door_area_crowding,Positive,0.74,Low,Tourist,Resolved,Hinglish,Synthetic Complaint,experience train comfortable space crowded
MPF00187,"Today, Please improve passenger safety near the platform edge.",2,Line 6,Jogeshwari,2026-01-07,Tourism,Safety,general_safety,Negative,-0.88,High,Working professional,Resolved,English,Synthetic Complaint,today please improve passenger safety near platform edge
MPF00188,The seating area and signage were useful.,4,Line 3,MIDC,2026-07-22,Work,Facilities,escalator,Positive,0.82,Low,Senior citizen,Resolved,English,Synthetic Review,seating area signage useful
MPF00189,"Today, Broken fixtures and damaged signs should be repaired.",3,Line 1,Azad Nagar,2026-08-18,Other,Maintenance,signage_and_fixtures,Neutral,0.0,Medium,Tourist,In Review,English,Synthetic Complaint,today broken fixture damaged sign repaired
MPF00190,"During my trip, The station floor was dirty and bins were overflowing.",2,Line 6,Swami Samarth Nagar,2026-07-23,Daily commute,Cleanliness,station_cleanliness,Negative,-0.56,High,General,Resolved,Hinglish,Synthetic Review,trip station floor dirty bin overflowing
MPF00191,"In my experience, Seats and windows were clean during my journey.",5,Line 1,Andheri,2026-07-17,Other,Cleanliness,washroom_cleanliness,Positive,0.77,Low,General,Not Required,English,Synthetic Review,experience seat window clean journey
MPF00192,"Today, The train had comfortable space and was not crowded.",4,Line 6,Kanjurmarg,2026-03-29,Daily commute,Crowding,door_area_crowding,Positive,0.67,Low,Student,Not Required,Hinglish,Synthetic Review,today train comfortable space crowded
MPF00193,The seating area and signage were useful.,4,Line 2A,Goregaon West,2026-01-06,Shopping,Facilities,escalator,Positive,0.84,Low,Senior citizen,Resolved,English,Synthetic Survey,seating area signage useful
MPF00194,"Overall, The staff member at the counter was rude and unhelpful.",1,Line 1,DN Nagar,2026-06-13,Shopping,Staff Behaviour,security_assistance,Negative,-0.61,High,Working professional,Open,English,Synthetic Survey,overall staff member counter rude unhelpful
MPF00195,"In my experience, Train service was running late today. Please improve punctuality.",2,Line 3,Marol Naka,2026-07-24,Other,Delay,missed_connection,Negative,-0.72,High,Working professional,Resolved,English,Synthetic Survey,experience train service running late today please improve punctuality
MPF00196,The platform was overcrowded and felt unsafe.,2,Line 2A,Kandarpada,2026-06-06,Shopping,Safety,security_presence,Negative,-0.55,High,General,Resolved,Hinglish,Synthetic Review,platform overcrowded felt unsafe
MPF00197,"In my experience, Security presence at the station was reassuring.",5,Line 6,Swami Samarth Nagar,2026-03-22,Other,Safety,platform_safety,Positive,0.88,Low,Senior citizen,Resolved,Hinglish,Synthetic Survey,experience security presence station reassuring
MPF00198,"Overall, The station floor was dirty and bins were overflowing.",3,Line 2A,Kandarpada,2026-05-05,Tourism,Cleanliness,washroom_cleanliness,Neutral,-0.02,Medium,Working professional,Resolved,English,Synthetic Survey,overall station floor dirty bin overflowing
MPF00199,"During my trip, It was difficult to connect from the metro to the bus stop.",2,Line 6,Jogeshwari,2026-05-05,Shopping,Connectivity,interchange,Negative,-0.84,High,General,In Review,English,Synthetic Survey,trip difficult connect metro bus stop
MPF00200,"Today, Better last-mile connectivity would help passengers.",3,Line 2A,Poisar,2026-03-16,Shopping,Connectivity,interchange,Neutral,0.04,Medium,Tourist,Not Required,English,Synthetic Survey,today better lastmile connectivity would help passenger
MPF00201,"Today, The interchange process was smooth and well signposted.",5,Line 7,Dindoshi,2026-07-30,Shopping,Connectivity,bus_connection,Positive,0.85,Low,General,Not Required,English,Synthetic Complaint,today interchange process smooth well signposted
MPF00202,The lift was out of service and caused inconvenience.,2,Line 6,Swami Samarth Nagar,2026-08-10,Daily commute,Facilities,lift,Negative,-0.77,High,Tourist,Not Required,English,Synthetic Review,lift service caused inconvenience
MPF00203,"In my experience, The station infrastructure appeared well maintained.",4,Line 2A,Shimpoli,2026-05-17,Work,Maintenance,equipment,Positive,0.62,Low,Working professional,Resolved,English,Synthetic Review,experience station infrastructure appeared well maintained
MPF00204,"During my trip, The train had comfortable space and was not crowded.",5,Line 6,Kanjurmarg,2026-08-10,Tourism,Crowding,platform_crowding,Positive,0.78,Low,Student,Not Required,English,Synthetic Review,trip train comfortable space crowded
MPF00205,"During my trip, The staff member at the counter was rude and unhelpful.",1,Line 2A,Shimpoli,2026-04-17,Other,Staff Behaviour,staff_helpfulness,Negative,-0.49,High,Tourist,In Review,English,Synthetic Complaint,trip staff member counter rude unhelpful
MPF00206,"During my trip, Please improve cleanliness in the washroom area.",2,Line 3,Aarey JVLR,2026-04-28,Shopping,Cleanliness,washroom_cleanliness,Negative,-0.68,High,Senior citizen,Not Required,English,Synthetic Complaint,trip please improve cleanliness washroom area
MPF00207,"Today, Better last-mile connectivity would help passengers.",3,Line 7,Aarey,2026-08-07,College,Connectivity,bus_connection,Neutral,-0.0,Medium,Senior citizen,Open,English,Synthetic Complaint,today better lastmile connectivity would help passenger
MPF00208,"Today, The train was delayed by 30 minutes and I missed my connection.",1,Line 7,Aarey,2026-08-21,Work,Delay,late_train,Negative,-0.88,High,Tourist,Open,English,Synthetic Complaint,today train delayed 30 minute missed connection
MPF00209,"During my trip, Buying the ticket was quick and easy.",5,Line 7,Dindoshi,2026-07-13,Other,Ticketing,ticket_machine,Positive,0.58,Low,Working professional,Resolved,English,Synthetic Complaint,trip buying ticket quick easy
MPF00210,"Today, The coach was clean and well maintained.",4,Line 3,Aarey JVLR,2026-03-29,Work,Cleanliness,coach_cleanliness,Positive,0.6,Low,General,Not Required,English,Synthetic Complaint,today coach clean well maintained
MPF00211,"Today, The station has clean lifts and working escalators.",4,Line 3,MIDC,2026-07-18,Daily commute,Facilities,lift,Positive,0.84,Low,Student,Not Required,English,Synthetic Review,today station clean lift working escalator
MPF00212,"Overall, The metro connection to other transport was convenient.",5,Line 2A,Dahisar East,2026-08-18,Work,Connectivity,interchange,Positive,0.69,Low,Working professional,Not Required,Hinglish,Synthetic Survey,overall metro connection transport convenient
MPF00213,"Today, Broken fixtures and damaged signs should be repaired.",2,Line 2A,Dahisar East,2026-06-03,Work,Maintenance,signage_and_fixtures,Negative,-0.48,High,Senior citizen,Open,English,Synthetic Complaint,today broken fixture damaged sign repaired
MPF00214,"In my experience, Very little waiting time today; the train arrived on schedule.",5,Line 6,Shyam Nagar,2026-04-09,Other,Delay,late_train,Positive,0.75,Low,Tourist,Not Required,English,Synthetic Review,experience little waiting time today train arrived schedule
MPF00215,The coach condition was good and everything looked maintained.,5,Line 2A,Poisar,2026-06-24,Work,Maintenance,infrastructure,Positive,0.92,Low,Tourist,Not Required,Hinglish,Synthetic Complaint,coach condition good everything looked maintained
MPF00216,"During my trip, The train was delayed by 5 minutes and I missed my connection.",2,Line 3,Aarey JVLR,2026-04-13,Daily commute,Delay,late_train,Negative,-0.93,High,Tourist,In Review,English,Synthetic Complaint,trip train delayed 5 minute missed connection
MPF00217,The escalator was not working and needs maintenance.,2,Line 6,Kanjurmarg,2026-06-12,Work,Maintenance,signage_and_fixtures,Negative,-0.9,High,Working professional,Resolved,English,Synthetic Complaint,escalator working need maintenance
MPF00218,"Overall, The ticket price feels expensive for a short journey.",1,Line 1,Versova,2026-06-20,Daily commute,Fare,frequent_commuter_cost,Negative,-0.4,High,Tourist,Not Required,English,Synthetic Review,overall ticket price feel expensive short journey
MPF00219,Train service was running late today. Please improve punctuality.,2,Line 2A,Dahisar East,2026-02-02,College,Delay,missed_connection,Negative,-0.65,High,General,Open,English,Synthetic Review,train service running late today please improve punctuality
MPF00220,"During my trip, Very little waiting time today; the train arrived on schedule.",5,Line 7,Aarey,2026-04-03,Other,Delay,late_train,Positive,0.58,Low,General,Not Required,English,Synthetic Complaint,trip little waiting time today train arrived schedule
MPF00221,"During my trip, The train had comfortable space and was not crowded.",4,Line 3,BKC,2026-03-04,Other,Crowding,peak_hour_crowding,Positive,0.91,Low,Student,Not Required,English,Synthetic Survey,trip train comfortable space crowded
MPF00222,The ticket price feels expensive for a short journey.,3,Line 3,SEEPZ,2026-08-23,Other,Fare,frequent_commuter_cost,Neutral,0.06,Medium,Tourist,Open,English,Synthetic Review,ticket price feel expensive short journey
MPF00223,"In my experience, Seats and windows were clean during my journey.",4,Line 7,Goregaon East,2026-07-18,Tourism,Cleanliness,station_cleanliness,Positive,0.62,Low,Student,Not Required,Hinglish,Synthetic Review,experience seat window clean journey
MPF00224,"During my trip, Better last-mile connectivity would help passengers.",3,Line 7,Aarey,2026-05-07,College,Connectivity,interchange,Neutral,-0.04,Medium,General,In Review,English,Synthetic Complaint,trip better lastmile connectivity would help passenger
MPF00225,The coach was extremely crowded during peak hours.,2,Line 6,Jogeshwari,2026-04-07,Other,Crowding,platform_crowding,Negative,-0.63,High,Student,Not Required,Hinglish,Synthetic Complaint,coach extremely crowded peak hour
MPF00226,"Today, The staff member at the counter was rude and unhelpful.",1,Line 7,Aarey,2026-04-16,Work,Staff Behaviour,security_assistance,Negative,-0.37,High,Senior citizen,Open,English,Synthetic Complaint,today staff member counter rude unhelpful
MPF00227,"Overall, The coach was clean and well maintained.",5,Line 7,Jogeshwari East,2026-03-08,Tourism,Cleanliness,station_cleanliness,Positive,0.58,Low,Student,Not Required,English,Synthetic Review,overall coach clean well maintained
MPF00228,"Overall, Please improve passenger safety near the platform edge.",1,Line 3,SEEPZ,2026-04-30,Work,Safety,security_presence,Negative,-0.38,High,General,Open,English,Synthetic Review,overall please improve passenger safety near platform edge
MPF00229,"Today, The interchange process was smooth and well signposted.",5,Line 3,Aarey JVLR,2026-06-04,Daily commute,Connectivity,interchange,Positive,0.74,Low,Student,Resolved,English,Synthetic Complaint,today interchange process smooth well signposted
MPF00230,"Overall, The coach was extremely crowded during peak hours.",2,Line 2A,Kandarpada,2026-09-01,Daily commute,Crowding,door_area_crowding,Negative,-0.71,High,Senior citizen,Open,English,Synthetic Survey,overall coach extremely crowded peak hour
MPF00231,"Today, It was difficult to connect from the metro to the bus stop.",1,Line 3,BKC,2026-02-20,Work,Connectivity,bus_connection,Negative,-0.47,High,Student,Open,English,Synthetic Survey,today difficult connect metro bus stop
MPF00232,The station infrastructure appeared well maintained.,3,Line 7,Aarey,2026-02-01,Other,Maintenance,infrastructure,Neutral,-0.06,Medium,Tourist,Not Required,English,Synthetic Review,station infrastructure appeared well maintained
MPF00233,"Today, Crowding near the doors made boarding difficult.",2,Line 3,Aarey JVLR,2026-03-12,Other,Crowding,door_area_crowding,Negative,-0.93,High,Tourist,Open,English,Synthetic Survey,today crowding near door made boarding difficult
MPF00234,"During my trip, Train service was running late today. Please improve punctuality.",2,Line 3,MIDC,2026-04-18,Tourism,Delay,late_train,Negative,-0.7,High,Tourist,In Review,English,Synthetic Survey,trip train service running late today please improve punctuality
MPF00235,"During my trip, The metro connection to other transport was convenient.",5,Line 6,Jogeshwari,2026-02-16,Shopping,Connectivity,interchange,Positive,0.77,Low,Senior citizen,Not Required,Hinglish,Synthetic Review,trip metro connection transport convenient
MPF00236,The station staff were polite and helpful.,5,Line 7,Mogharpada,2026-03-03,Tourism,Staff Behaviour,staff_helpfulness,Positive,0.76,Low,Working professional,Not Required,Hinglish,Synthetic Complaint,station staff polite helpful
MPF00237,"Overall, Please train staff to respond more politely to passengers.",2,Line 6,Swami Samarth Nagar,2026-06-29,College,Staff Behaviour,staff_helpfulness,Negative,-0.81,High,Senior citizen,Not Required,Hinglish,Synthetic Complaint,overall please train staff respond politely passenger
MPF00238,"In my experience, Too many passengers were packed into the train today.",2,Line 6,Kanjurmarg,2026-05-15,Daily commute,Crowding,door_area_crowding,Negative,-0.84,High,Student,Open,English,Synthetic Survey,experience many passenger packed train today
MPF00239,"During my trip, The escalator was not working and needs maintenance.",2,Line 1,Versova,2026-08-05,College,Maintenance,signage_and_fixtures,Negative,-0.4,High,Student,Open,English,Synthetic Survey,trip escalator working need maintenance
MPF00240,Please improve passenger safety near the platform edge.,2,Line 7,Aarey,2026-06-16,Work,Safety,security_presence,Negative,-0.77,High,Working professional,Resolved,English,Synthetic Review,please improve passenger safety near platform edge
MPF00241,"In my experience, The station infrastructure appeared well maintained.",4,Line 2A,Goregaon West,2026-04-11,Other,Maintenance,signage_and_fixtures,Positive,0.7,Low,Senior citizen,Resolved,English,Synthetic Complaint,experience station infrastructure appeared well maintained
MPF00242,"Overall, The station infrastructure appeared well maintained.",5,Line 1,DN Nagar,2026-03-23,Shopping,Maintenance,infrastructure,Positive,0.59,Low,Working professional,Not Required,English,Synthetic Review,overall station infrastructure appeared well maintained
MPF00243,"Overall, The station has clean lifts and working escalators.",5,Line 1,Versova,2026-04-23,College,Facilities,seating_and_water,Positive,0.83,Low,Senior citizen,Not Required,English,Synthetic Review,overall station clean lift working escalator
MPF00244,"During my trip, Please review the fare for frequent daily commuters.",4,Line 3,MIDC,2026-01-19,Shopping,Fare,fare_value,Positive,0.7,Low,General,Not Required,English,Synthetic Review,trip please review fare frequent daily commuter
MPF00245,Security presence at the station was reassuring.,5,Line 7,Aarey,2026-06-07,Shopping,Safety,security_presence,Positive,0.62,Low,Working professional,Not Required,English,Synthetic Complaint,security presence station reassuring
MPF00246,Crowding near the doors made boarding difficult.,1,Line 1,Azad Nagar,2026-03-14,Work,Crowding,door_area_crowding,Negative,-0.75,High,Tourist,In Review,English,Synthetic Complaint,crowding near door made boarding difficult
MPF00247,"In my experience, Frequent delays on this route are becoming difficult for daily commuters.",2,Line 2A,Dahisar East,2026-06-03,College,Delay,service_frequency,Negative,-0.86,High,Student,Resolved,English,Synthetic Complaint,experience frequent delay route becoming difficult daily commuter
MPF00248,"During my trip, Train service was running late today. Please improve punctuality.",1,Line 2A,Dahisar East,2026-03-09,Daily commute,Delay,late_train,Negative,-0.67,High,Senior citizen,In Review,English,Synthetic Complaint,trip train service running late today please improve punctuality
MPF00249,"During my trip, The train had comfortable space and was not crowded.",5,Line 6,Vikhroli,2026-01-16,College,Crowding,peak_hour_crowding,Positive,0.73,Low,Tourist,Not Required,English,Synthetic Complaint,trip train comfortable space crowded
MPF00250,"Overall, Please improve passenger safety near the platform edge.",3,Line 1,Andheri,2026-08-14,Shopping,Safety,platform_safety,Neutral,-0.09,Medium,General,Resolved,English,Synthetic Complaint,overall please improve passenger safety near platform edge
MPF00251,Please improve cleanliness in the washroom area.,3,Line 3,SEEPZ,2026-09-01,Tourism,Cleanliness,station_cleanliness,Neutral,0.01,Medium,General,Open,English,Synthetic Survey,please improve cleanliness washroom area
MPF00252,The staff member at the counter was rude and unhelpful.,1,Line 2A,Shimpoli,2026-03-08,Other,Staff Behaviour,staff_helpfulness,Negative,-0.9,High,Tourist,Open,English,Synthetic Complaint,staff member counter rude unhelpful
MPF00253,"During my trip, Please review the fare for frequent daily commuters.",3,Line 1,Andheri,2026-04-17,Daily commute,Fare,fare_value,Neutral,0.0,Medium,General,Resolved,English,Synthetic Survey,trip please review fare frequent daily commuter
MPF00254,"In my experience, The coach condition was good and everything looked maintained.",4,Line 2A,Goregaon West,2026-05-05,Tourism,Maintenance,signage_and_fixtures,Positive,0.86,Low,Senior citizen,Not Required,Hinglish,Synthetic Complaint,experience coach condition good everything looked maintained
MPF00255,"Today, Train service was running late today. Please improve punctuality.",2,Line 6,Vikhroli,2026-01-13,Other,Delay,missed_connection,Negative,-0.58,High,Tourist,Resolved,English,Synthetic Survey,today train service running late today please improve punctuality
MPF00256,"During my trip, I felt safe throughout the journey and at the station.",5,Line 3,SEEPZ,2026-07-10,Shopping,Safety,security_presence,Positive,0.66,Low,Student,Not Required,Hinglish,Synthetic Review,trip felt safe throughout journey station
MPF00257,"Today, The fare is reasonable for the service provided.",4,Line 7,Goregaon East,2026-07-22,Shopping,Fare,fare_value,Positive,0.92,Low,Tourist,Not Required,English,Synthetic Complaint,today fare reasonable service provided
MPF00258,"In my experience, Better last-mile connectivity would help passengers.",4,Line 1,Versova,2026-01-13,Work,Connectivity,bus_connection,Positive,0.56,Low,Working professional,Not Required,Hinglish,Synthetic Review,experience better lastmile connectivity would help passenger
MPF00259,"Today, Please improve passenger safety near the platform edge.",1,Line 2A,Kandarpada,2026-05-31,Work,Safety,general_safety,Negative,-0.54,High,Senior citizen,Open,English,Synthetic Review,today please improve passenger safety near platform edge
MPF00260,The train had comfortable space and was not crowded.,5,Line 7,Goregaon East,2026-02-27,Daily commute,Crowding,platform_crowding,Positive,0.56,Low,Working professional,Not Required,Hinglish,Synthetic Complaint,train comfortable space crowded
MPF00261,The fare is reasonable for the service provided.,4,Line 2A,Kandarpada,2026-06-05,Other,Fare,fare_complaint,Positive,0.91,Low,Working professional,Not Required,English,Synthetic Review,fare reasonable service provided
MPF00262,"During my trip, Good value for money compared with other transport options.",5,Line 7,Jogeshwari East,2026-01-02,Other,Fare,frequent_commuter_cost,Positive,0.74,Low,General,Resolved,Hinglish,Synthetic Survey,trip good value money compared transport option
MPF00263,The station infrastructure appeared well maintained.,4,Line 7,Mogharpada,2026-09-01,College,Maintenance,signage_and_fixtures,Positive,0.58,Low,Senior citizen,Resolved,Hinglish,Synthetic Complaint,station infrastructure appeared well maintained
MPF00264,"In my experience, Too many passengers were packed into the train today.",2,Line 7,Dindoshi,2026-03-08,Other,Crowding,door_area_crowding,Negative,-0.55,High,Working professional,Resolved,English,Synthetic Review,experience many passenger packed train today
MPF00265,"Overall, Train service was running late today. Please improve punctuality.",3,Line 3,Marol Naka,2026-08-13,Shopping,Delay,missed_connection,Neutral,0.03,Medium,Senior citizen,Open,English,Synthetic Complaint,overall train service running late today please improve punctuality
MPF00266,"During my trip, Please improve cleanliness in the washroom area.",3,Line 2A,Kandarpada,2026-02-27,Work,Cleanliness,washroom_cleanliness,Neutral,0.05,Medium,Senior citizen,Open,English,Synthetic Review,trip please improve cleanliness washroom area
MPF00267,"In my experience, Security presence at the station was reassuring.",5,Line 7,Jogeshwari East,2026-05-09,Daily commute,Safety,platform_safety,Positive,0.74,Low,Tourist,Not Required,English,Synthetic Survey,experience security presence station reassuring
MPF00268,"Overall, There should be more working ticket counters during rush hours.",2,Line 3,BKC,2026-03-22,College,Ticketing,qr_scanner,Negative,-0.35,High,Tourist,Resolved,Hinglish,Synthetic Survey,overall working ticket counter rush hour
MPF00269,"Overall, The seating area and signage were useful.",4,Line 2A,Dahisar East,2026-05-06,Daily commute,Facilities,lift,Positive,0.8,Low,Tourist,Resolved,English,Synthetic Survey,overall seating area signage useful
MPF00270,"Today, Please review the fare for frequent daily commuters.",3,Line 2A,Goregaon West,2026-08-17,Daily commute,Fare,fare_complaint,Neutral,-0.02,Medium,General,In Review,English,Synthetic Survey,today please review fare frequent daily commuter
MPF00271,"Overall, The train was delayed by 30 minutes and I missed my connection.",2,Line 6,Jogeshwari,2026-03-20,College,Delay,late_train,Negative,-0.53,High,Senior citizen,Resolved,English,Synthetic Complaint,overall train delayed 30 minute missed connection
MPF00272,"In my experience, The QR ticket scanner worked smoothly.",5,Line 1,Andheri,2026-02-12,Shopping,Ticketing,counter_queue,Positive,0.76,Low,Working professional,Not Required,English,Synthetic Survey,experience qr ticket scanner worked smoothly
MPF00273,The staff member at the counter was rude and unhelpful.,2,Line 1,DN Nagar,2026-08-13,Daily commute,Staff Behaviour,security_assistance,Negative,-0.65,High,Senior citizen,Not Required,English,Synthetic Review,staff member counter rude unhelpful
MPF00274,The coach condition was good and everything looked maintained.,4,Line 7,Mogharpada,2026-02-01,Daily commute,Maintenance,signage_and_fixtures,Positive,0.81,Low,Student,Not Required,English,Synthetic Review,coach condition good everything looked maintained
MPF00275,Too many passengers were packed into the train today.,2,Line 7,Jogeshwari East,2026-08-01,Daily commute,Crowding,peak_hour_crowding,Negative,-0.7,High,General,Open,English,Synthetic Review,many passenger packed train today
MPF00276,Seats and windows were clean during my journey.,5,Line 6,Kanjurmarg,2026-04-15,Work,Cleanliness,station_cleanliness,Positive,0.63,Low,Senior citizen,Not Required,Hinglish,Synthetic Complaint,seat window clean journey
MPF00277,"Today, Better last-mile connectivity would help passengers.",3,Line 2A,Dahisar East,2026-09-01,Daily commute,Connectivity,interchange,Neutral,-0.05,Medium,Student,Resolved,Hinglish,Synthetic Survey,today better lastmile connectivity would help passenger
MPF00278,"Overall, Seats and windows were clean during my journey.",5,Line 6,Swami Samarth Nagar,2026-08-07,College,Cleanliness,station_cleanliness,Positive,0.95,Low,Senior citizen,Not Required,English,Synthetic Survey,overall seat window clean journey
MPF00279,The fare is reasonable for the service provided.,3,Line 7,Goregaon East,2026-03-10,Other,Fare,frequent_commuter_cost,Neutral,0.07,Medium,Working professional,Resolved,English,Synthetic Complaint,fare reasonable service provided
MPF00280,"Today, The platform was overcrowded and felt unsafe.",2,Line 1,Versova,2026-08-15,College,Safety,platform_safety,Negative,-0.37,High,Tourist,In Review,English,Synthetic Complaint,today platform overcrowded felt unsafe
MPF00281,"Today, Train service was running late today. Please improve punctuality.",3,Line 1,DN Nagar,2026-06-06,Tourism,Delay,late_train,Neutral,-0.0,Medium,Tourist,Resolved,English,Synthetic Review,today train service running late today please improve punctuality
MPF00282,"Today, The station has clean lifts and working escalators.",4,Line 2A,Poisar,2026-05-13,Other,Facilities,seating_and_water,Positive,0.58,Low,Senior citizen,Resolved,English,Synthetic Review,today station clean lift working escalator
MPF00283,"During my trip, The ticket price feels expensive for a short journey.",2,Line 6,Swami Samarth Nagar,2026-08-06,Tourism,Fare,fare_complaint,Negative,-0.86,High,General,Open,English,Synthetic Complaint,trip ticket price feel expensive short journey
MPF00284,"Overall, Please improve cleanliness in the washroom area.",2,Line 3,MIDC,2026-07-29,Daily commute,Cleanliness,coach_cleanliness,Negative,-0.37,High,General,Resolved,English,Synthetic Review,overall please improve cleanliness washroom area
MPF00285,"Today, More seating and drinking water facilities are needed.",3,Line 1,Azad Nagar,2026-05-23,Shopping,Facilities,seating_and_water,Neutral,-0.04,Medium,Student,Resolved,English,Synthetic Survey,today seating drinking water facility needed
MPF00286,"In my experience, The station infrastructure appeared well maintained.",4,Line 1,Andheri,2026-03-26,Shopping,Maintenance,signage_and_fixtures,Positive,0.81,Low,Senior citizen,Not Required,English,Synthetic Review,experience station infrastructure appeared well maintained
MPF00287,"Today, The seating area and signage were useful.",3,Line 6,Kanjurmarg,2026-07-24,Other,Facilities,escalator,Neutral,-0.08,Medium,Working professional,In Review,English,Synthetic Complaint,today seating area signage useful
MPF00288,"Overall, I felt safe throughout the journey and at the station.",5,Line 6,Kanjurmarg,2026-08-27,Other,Safety,security_presence,Positive,0.61,Low,Tourist,Not Required,English,Synthetic Survey,overall felt safe throughout journey station
MPF00289,"Today, Security staff guided me properly when I asked for help.",3,Line 2A,Poisar,2026-06-18,Other,Staff Behaviour,security_assistance,Neutral,0.09,Medium,General,Resolved,English,Synthetic Review,today security staff guided properly asked help
MPF00290,The station has clean lifts and working escalators.,5,Line 6,Jogeshwari,2026-02-14,Tourism,Facilities,seating_and_water,Positive,0.92,Low,Tourist,Resolved,Hinglish,Synthetic Complaint,station clean lift working escalator
MPF00291,"Today, Good value for money compared with other transport options.",5,Line 2A,Dahisar East,2026-07-26,Other,Fare,fare_value,Positive,0.94,Low,Working professional,Not Required,English,Synthetic Review,today good value money compared transport option
MPF00292,"In my experience, The station infrastructure appeared well maintained.",4,Line 2A,Poisar,2026-08-24,Tourism,Maintenance,signage_and_fixtures,Positive,0.83,Low,Working professional,Resolved,English,Synthetic Review,experience station infrastructure appeared well maintained
MPF00293,The interchange process was smooth and well signposted.,5,Line 2A,Shimpoli,2026-08-17,Tourism,Connectivity,last_mile,Positive,0.77,Low,General,Resolved,Hinglish,Synthetic Complaint,interchange process smooth well signposted
MPF00294,"Today, The train was delayed by 5 minutes and I missed my connection.",2,Line 7,Jogeshwari East,2026-03-06,Daily commute,Delay,late_train,Negative,-0.92,High,Working professional,In Review,English,Synthetic Complaint,today train delayed 5 minute missed connection
MPF00295,"Today, The station staff were polite and helpful.",4,Line 1,Versova,2026-07-20,Other,Staff Behaviour,security_assistance,Positive,0.8,Low,General,Not Required,Hinglish,Synthetic Complaint,today station staff polite helpful
MPF00296,"During my trip, Please review the fare for frequent daily commuters.",4,Line 7,Aarey,2026-06-30,Other,Fare,frequent_commuter_cost,Positive,0.57,Low,Senior citizen,Not Required,English,Synthetic Complaint,trip please review fare frequent daily commuter
MPF00297,"Overall, It was difficult to connect from the metro to the bus stop.",2,Line 7,Mogharpada,2026-05-12,Other,Connectivity,interchange,Negative,-0.68,High,Student,Open,English,Synthetic Complaint,overall difficult connect metro bus stop
MPF00298,"During my trip, Good value for money compared with other transport options.",5,Line 3,Aarey JVLR,2026-08-26,College,Fare,fare_complaint,Positive,0.61,Low,Student,Not Required,English,Synthetic Survey,trip good value money compared transport option
MPF00299,"In my experience, The station infrastructure appeared well maintained.",5,Line 6,Swami Samarth Nagar,2026-07-21,Other,Maintenance,signage_and_fixtures,Positive,0.69,Low,Senior citizen,Resolved,English,Synthetic Survey,experience station infrastructure appeared well maintained
MPF00300,"During my trip, Better last-mile connectivity would help passengers.",3,Line 2A,Poisar,2026-09-01,Other,Connectivity,last_mile,Neutral,0.08,Medium,Senior citizen,In Review,English,Synthetic Survey,trip better lastmile connectivity would help passenger
MPF00301,"During my trip, The metro connection to other transport was convenient.",5,Line 6,Vikhroli,2026-08-15,Other,Connectivity,bus_connection,Positive,0.65,Low,General,Not Required,Hinglish,Synthetic Complaint,trip metro connection transport convenient
MPF00302,"During my trip, Good value for money compared with other transport options.",4,Line 3,Aarey JVLR,2026-03-17,College,Fare,frequent_commuter_cost,Positive,0.91,Low,General,Not Required,English,Synthetic Survey,trip good value money compared transport option
MPF00303,"Overall, The metro connection to other transport was convenient.",5,Line 2A,Kandarpada,2026-08-02,Other,Connectivity,interchange,Positive,0.76,Low,Student,Resolved,English,Synthetic Review,overall metro connection transport convenient
MPF00304,"Overall, The fare is reasonable for the service provided.",3,Line 2A,Goregaon West,2026-07-23,College,Fare,fare_complaint,Neutral,-0.01,Medium,Student,Not Required,English,Synthetic Survey,overall fare reasonable service provided
MPF00305,"Today, The escalator was not working and needs maintenance.",2,Line 6,Swami Samarth Nagar,2026-01-31,Shopping,Maintenance,signage_and_fixtures,Negative,-0.68,High,Tourist,Resolved,English,Synthetic Complaint,today escalator working need maintenance
MPF00306,The coach was clean and well maintained.,5,Line 1,Ghatkopar,2026-03-14,Daily commute,Cleanliness,station_cleanliness,Positive,0.92,Low,Senior citizen,Resolved,English,Synthetic Survey,coach clean well maintained
MPF00307,"In my experience, Frequent delays on this route are becoming difficult for daily commuters.",2,Line 3,Marol Naka,2026-08-16,Shopping,Delay,missed_connection,Negative,-0.87,High,General,In Review,English,Synthetic Complaint,experience frequent delay route becoming difficult daily commuter
MPF00308,It was difficult to connect from the metro to the bus stop.,1,Line 7,Aarey,2026-02-23,Shopping,Connectivity,last_mile,Negative,-0.61,High,General,Not Required,English,Synthetic Review,difficult connect metro bus stop
MPF00309,"Overall, The ticket price feels expensive for a short journey.",2,Line 7,Dindoshi,2026-04-29,College,Fare,frequent_commuter_cost,Negative,-0.58,High,Working professional,Not Required,English,Synthetic Complaint,overall ticket price feel expensive short journey
MPF00310,Buying the ticket was quick and easy.,5,Line 6,Swami Samarth Nagar,2026-06-08,Shopping,Ticketing,ticket_machine,Positive,0.84,Low,Senior citizen,Not Required,English,Synthetic Review,buying ticket quick easy
MPF00311,"In my experience, More seating and drinking water facilities are needed.",3,Line 2A,Kandarpada,2026-02-13,Work,Facilities,lift,Neutral,0.04,Medium,General,In Review,English,Synthetic Review,experience seating drinking water facility needed
MPF00312,"During my trip, Please train staff to respond more politely to passengers.",2,Line 7,Dindoshi,2026-05-05,College,Staff Behaviour,security_assistance,Negative,-0.54,High,Tourist,In Review,English,Synthetic Review,trip please train staff respond politely passenger
MPF00313,"Overall, The coach condition was good and everything looked maintained.",5,Line 1,DN Nagar,2026-01-08,Other,Maintenance,signage_and_fixtures,Positive,0.63,Low,Student,Resolved,English,Synthetic Complaint,overall coach condition good everything looked maintained
MPF00314,"In my experience, The escalator was not working and needs maintenance.",2,Line 6,Vikhroli,2026-04-11,Tourism,Maintenance,infrastructure,Negative,-0.62,High,Tourist,Open,English,Synthetic Review,experience escalator working need maintenance
MPF00315,"In my experience, Crowding near the doors made boarding difficult.",1,Line 6,Shyam Nagar,2026-02-05,Tourism,Crowding,door_area_crowding,Negative,-0.71,High,Student,Open,English,Synthetic Complaint,experience crowding near door made boarding difficult
MPF00316,"Today, The escalator was not working and needs maintenance.",2,Line 2A,Shimpoli,2026-01-11,Shopping,Maintenance,signage_and_fixtures,Negative,-0.93,High,Working professional,In Review,English,Synthetic Survey,today escalator working need maintenance
MPF00317,"Today, Please improve passenger safety near the platform edge.",1,Line 2A,Goregaon West,2026-05-29,Other,Safety,general_safety,Negative,-0.93,High,Senior citizen,Resolved,English,Synthetic Review,today please improve passenger safety near platform edge
MPF00318,"In my experience, Please review the fare for frequent daily commuters.",2,Line 6,Jogeshwari,2026-05-05,Shopping,Fare,fare_complaint,Negative,-0.64,High,Working professional,In Review,English,Synthetic Review,experience please review fare frequent daily commuter
MPF00319,"Overall, It was difficult to connect from the metro to the bus stop.",2,Line 6,Swami Samarth Nagar,2026-04-03,Other,Connectivity,last_mile,Negative,-0.9,High,Senior citizen,Open,English,Synthetic Survey,overall difficult connect metro bus stop
MPF00320,Good value for money compared with other transport options.,5,Line 1,DN Nagar,2026-01-12,Shopping,Fare,fare_value,Positive,0.82,Low,Working professional,Not Required,English,Synthetic Survey,good value money compared transport option
MPF00321,"In my experience, Too many passengers were packed into the train today.",1,Line 6,Kanjurmarg,2026-04-14,Work,Crowding,platform_crowding,Negative,-0.42,High,Student,Open,English,Synthetic Complaint,experience many passenger packed train today
MPF00322,"Today, Buying the ticket was quick and easy.",5,Line 6,Swami Samarth Nagar,2026-07-23,Shopping,Ticketing,qr_scanner,Positive,0.95,Low,Working professional,Resolved,English,Synthetic Survey,today buying ticket quick easy
MPF00323,"During my trip, The interchange process was smooth and well signposted.",5,Line 2A,Goregaon West,2026-02-21,Daily commute,Connectivity,last_mile,Positive,0.79,Low,Working professional,Not Required,English,Synthetic Survey,trip interchange process smooth well signposted
MPF00324,"Today, The coach was extremely crowded during peak hours.",3,Line 6,Vikhroli,2026-06-18,Tourism,Crowding,peak_hour_crowding,Neutral,0.02,Medium,General,Not Required,English,Synthetic Review,today coach extremely crowded peak hour
MPF00325,"Today, Frequent delays on this route are becoming difficult for daily commuters.",2,Line 6,Kanjurmarg,2026-05-31,Other,Delay,missed_connection,Negative,-0.43,High,General,In Review,English,Synthetic Review,today frequent delay route becoming difficult daily commuter
MPF00326,"Today, The ticket price feels expensive for a short journey.",2,Line 6,Swami Samarth Nagar,2026-02-18,Daily commute,Fare,fare_value,Negative,-0.4,High,Senior citizen,Resolved,English,Synthetic Review,today ticket price feel expensive short journey
MPF00327,The metro connection to other transport was convenient.,5,Line 1,Ghatkopar,2026-06-16,Other,Connectivity,last_mile,Positive,0.81,Low,Senior citizen,Not Required,English,Synthetic Review,metro connection transport convenient
MPF00328,"During my trip, Better last-mile connectivity would help passengers.",4,Line 7,Goregaon East,2026-05-04,Other,Connectivity,interchange,Positive,0.66,Low,Tourist,Resolved,English,Synthetic Complaint,trip better lastmile connectivity would help passenger
MPF00329,"During my trip, Better last-mile connectivity would help passengers.",4,Line 7,Mogharpada,2026-04-25,Other,Connectivity,last_mile,Positive,0.69,Low,Tourist,Resolved,English,Synthetic Survey,trip better lastmile connectivity would help passenger
MPF00330,"In my experience, Please train staff to respond more politely to passengers.",3,Line 2A,Dahisar East,2026-07-30,Other,Staff Behaviour,staff_politeness,Neutral,0.04,Medium,Student,Not Required,English,Synthetic Survey,experience please train staff respond politely passenger
MPF00331,"During my trip, The fare is reasonable for the service provided.",4,Line 3,BKC,2026-05-14,Tourism,Fare,fare_complaint,Positive,0.7,Low,Student,Resolved,English,Synthetic Complaint,trip fare reasonable service provided
MPF00332,Crowding near the doors made boarding difficult.,2,Line 6,Swami Samarth Nagar,2026-02-13,Tourism,Crowding,platform_crowding,Negative,-0.44,High,Senior citizen,Open,English,Synthetic Complaint,crowding near door made boarding difficult
MPF00333,The station staff were polite and helpful.,5,Line 1,Versova,2026-07-08,College,Staff Behaviour,security_assistance,Positive,0.86,Low,Tourist,Resolved,English,Synthetic Survey,station staff polite helpful
MPF00334,"In my experience, The interchange process was smooth and well signposted.",5,Line 1,Andheri,2026-05-28,College,Connectivity,interchange,Positive,0.69,Low,Working professional,Not Required,English,Synthetic Review,experience interchange process smooth well signposted
MPF00335,The fare is reasonable for the service provided.,5,Line 7,Dindoshi,2026-04-07,Daily commute,Fare,frequent_commuter_cost,Positive,0.67,Low,General,Resolved,Hinglish,Synthetic Review,fare reasonable service provided
MPF00336,"Today, Please improve passenger safety near the platform edge.",3,Line 3,MIDC,2026-07-21,Shopping,Safety,platform_safety,Neutral,0.07,Medium,Student,Resolved,English,Synthetic Complaint,today please improve passenger safety near platform edge
MPF00337,"In my experience, Good value for money compared with other transport options.",4,Line 2A,Kandarpada,2026-07-30,College,Fare,fare_complaint,Positive,0.83,Low,Working professional,Resolved,English,Synthetic Complaint,experience good value money compared transport option
MPF00338,"During my trip, Crowding near the doors made boarding difficult.",2,Line 1,Ghatkopar,2026-07-08,College,Crowding,peak_hour_crowding,Negative,-0.41,High,Working professional,Open,Hinglish,Synthetic Review,trip crowding near door made boarding difficult
MPF00339,"Overall, The ticket machine was not working and caused a queue.",2,Line 2A,Shimpoli,2026-06-23,College,Ticketing,qr_scanner,Negative,-0.45,High,Working professional,Not Required,English,Synthetic Survey,overall ticket machine working caused queue
MPF00340,"During my trip, The train was delayed by 20 minutes and I missed my connection.",3,Line 3,BKC,2026-02-26,Tourism,Delay,missed_connection,Neutral,-0.04,Medium,Senior citizen,In Review,English,Synthetic Review,trip train delayed 20 minute missed connection
MPF00341,"In my experience, Better last-mile connectivity would help passengers.",2,Line 2A,Dahisar East,2026-05-13,Shopping,Connectivity,bus_connection,Negative,-0.65,High,Working professional,Not Required,English,Synthetic Complaint,experience better lastmile connectivity would help passenger
MPF00342,"In my experience, Train service was running late today. Please improve punctuality.",1,Line 7,Aarey,2026-05-01,Tourism,Delay,missed_connection,Negative,-0.75,High,Senior citizen,Open,English,Synthetic Review,experience train service running late today please improve punctuality
MPF00343,"Overall, Crowding near the doors made boarding difficult.",2,Line 7,Goregaon East,2026-02-16,College,Crowding,platform_crowding,Negative,-0.53,High,Senior citizen,In Review,Hinglish,Synthetic Review,overall crowding near door made boarding difficult
MPF00344,"During my trip, The station staff were polite and helpful.",5,Line 2A,Goregaon West,2026-02-15,Shopping,Staff Behaviour,staff_helpfulness,Positive,0.77,Low,Working professional,Not Required,English,Synthetic Survey,trip station staff polite helpful
MPF00345,"During my trip, The interchange process was smooth and well signposted.",5,Line 3,MIDC,2026-07-28,Tourism,Connectivity,bus_connection,Positive,0.77,Low,Student,Not Required,English,Synthetic Survey,trip interchange process smooth well signposted
MPF00346,"During my trip, The seating area and signage were useful.",4,Line 3,Aarey JVLR,2026-06-05,College,Facilities,lift,Positive,0.77,Low,Senior citizen,Not Required,English,Synthetic Complaint,trip seating area signage useful
MPF00347,"During my trip, It was difficult to connect from the metro to the bus stop.",2,Line 6,Kanjurmarg,2026-03-15,Shopping,Connectivity,bus_connection,Negative,-0.55,High,Tourist,Resolved,Hinglish,Synthetic Complaint,trip difficult connect metro bus stop
MPF00348,"In my experience, Please improve passenger safety near the platform edge.",3,Line 2A,Shimpoli,2026-03-23,Daily commute,Safety,general_safety,Neutral,-0.02,Medium,Student,Open,English,Synthetic Review,experience please improve passenger safety near platform edge
MPF00349,"Today, Broken fixtures and damaged signs should be repaired.",2,Line 7,Goregaon East,2026-02-02,Tourism,Maintenance,signage_and_fixtures,Negative,-0.5,High,Tourist,Open,English,Synthetic Survey,today broken fixture damaged sign repaired
MPF00350,"Today, The station floor was dirty and bins were overflowing.",1,Line 2A,Kandarpada,2026-07-15,Shopping,Cleanliness,coach_cleanliness,Negative,-0.89,High,General,Resolved,English,Synthetic Complaint,today station floor dirty bin overflowing
MPF00351,"Today, The escalator was not working and needs maintenance.",2,Line 1,Versova,2026-05-15,Other,Maintenance,infrastructure,Negative,-0.81,High,Senior citizen,Open,English,Synthetic Survey,today escalator working need maintenance
MPF00352,"Today, Security presence at the station was reassuring.",5,Line 1,Andheri,2026-04-27,Tourism,Safety,general_safety,Positive,0.92,Low,Tourist,Resolved,English,Synthetic Complaint,today security presence station reassuring
MPF00353,"Today, The interchange process was smooth and well signposted.",5,Line 6,Vikhroli,2026-03-19,Daily commute,Connectivity,interchange,Positive,0.64,Low,Tourist,Not Required,English,Synthetic Survey,today interchange process smooth well signposted
MPF00354,"Today, The train had comfortable space and was not crowded.",5,Line 1,Ghatkopar,2026-03-01,Shopping,Crowding,peak_hour_crowding,Positive,0.55,Low,Tourist,Not Required,English,Synthetic Complaint,today train comfortable space crowded
MPF00355,"Today, Please train staff to respond more politely to passengers.",2,Line 6,Shyam Nagar,2026-01-21,Other,Staff Behaviour,staff_helpfulness,Negative,-0.8,High,Tourist,Open,Hinglish,Synthetic Review,today please train staff respond politely passenger
MPF00356,"In my experience, The station infrastructure appeared well maintained.",4,Line 2A,Goregaon West,2026-06-08,Daily commute,Maintenance,equipment,Positive,0.72,Low,Working professional,Resolved,English,Synthetic Review,experience station infrastructure appeared well maintained
MPF00357,The lift was out of service and caused inconvenience.,2,Line 7,Mogharpada,2026-03-10,Tourism,Facilities,lift,Negative,-0.92,High,Student,Not Required,English,Synthetic Review,lift service caused inconvenience
MPF00358,The station staff were polite and helpful.,5,Line 3,Aarey JVLR,2026-06-28,Shopping,Staff Behaviour,staff_politeness,Positive,0.64,Low,Senior citizen,Not Required,English,Synthetic Review,station staff polite helpful
MPF00359,"Today, The coach was extremely crowded during peak hours.",1,Line 7,Aarey,2026-08-01,Work,Crowding,peak_hour_crowding,Negative,-0.62,High,Working professional,In Review,Hinglish,Synthetic Review,today coach extremely crowded peak hour
MPF00360,Please review the fare for frequent daily commuters.,3,Line 1,DN Nagar,2026-04-10,Daily commute,Fare,frequent_commuter_cost,Neutral,-0.01,Medium,General,Open,English,Synthetic Review,please review fare frequent daily commuter
MPF00361,"In my experience, The coach was extremely crowded during peak hours.",3,Line 7,Goregaon East,2026-02-25,Shopping,Crowding,peak_hour_crowding,Neutral,-0.08,Medium,Senior citizen,Not Required,English,Synthetic Complaint,experience coach extremely crowded peak hour
MPF00362,"During my trip, I felt safe throughout the journey and at the station.",5,Line 2A,Poisar,2026-02-09,Work,Safety,security_presence,Positive,0.6,Low,Student,Resolved,Hinglish,Synthetic Complaint,trip felt safe throughout journey station
MPF00363,"In my experience, Crowding near the doors made boarding difficult.",2,Line 1,DN Nagar,2026-05-18,Other,Crowding,peak_hour_crowding,Negative,-0.39,High,Student,Open,English,Synthetic Complaint,experience crowding near door made boarding difficult
MPF00364,"During my trip, Security staff guided me properly when I asked for help.",4,Line 2A,Poisar,2026-05-05,Daily commute,Staff Behaviour,security_assistance,Positive,0.84,Low,Tourist,Not Required,English,Synthetic Survey,trip security staff guided properly asked help
MPF00365,"In my experience, There should be more working ticket counters during rush hours.",2,Line 3,BKC,2026-05-16,College,Ticketing,ticket_machine,Negative,-0.62,High,Tourist,Open,English,Synthetic Survey,experience working ticket counter rush hour
MPF00366,The QR ticket scanner worked smoothly.,5,Line 3,SEEPZ,2026-03-24,Work,Ticketing,qr_scanner,Positive,0.7,Low,Student,Resolved,English,Synthetic Survey,qr ticket scanner worked smoothly
MPF00367,"Today, The ticket price feels expensive for a short journey.",3,Line 1,Ghatkopar,2026-01-25,College,Fare,frequent_commuter_cost,Neutral,-0.07,Medium,Senior citizen,In Review,English,Synthetic Survey,today ticket price feel expensive short journey
MPF00368,"Overall, Too many passengers were packed into the train today.",1,Line 1,Andheri,2026-05-06,Daily commute,Crowding,platform_crowding,Negative,-0.66,High,Student,Resolved,English,Synthetic Complaint,overall many passenger packed train today
MPF00369,"Overall, Buying the ticket was quick and easy.",5,Line 6,Kanjurmarg,2026-01-16,Daily commute,Ticketing,counter_queue,Positive,0.84,Low,Working professional,Not Required,English,Synthetic Complaint,overall buying ticket quick easy
MPF00370,"During my trip, I felt safe throughout the journey and at the station.",5,Line 6,Vikhroli,2026-01-26,Daily commute,Safety,general_safety,Positive,0.57,Low,Senior citizen,Resolved,English,Synthetic Survey,trip felt safe throughout journey station
MPF00371,"In my experience, The ticket price feels expensive for a short journey.",2,Line 2A,Goregaon West,2026-01-28,Work,Fare,frequent_commuter_cost,Negative,-0.61,High,General,Resolved,English,Synthetic Complaint,experience ticket price feel expensive short journey
MPF00372,"Overall, More seating and drinking water facilities are needed.",3,Line 6,Shyam Nagar,2026-08-20,Tourism,Facilities,escalator,Neutral,0.01,Medium,Senior citizen,Resolved,English,Synthetic Review,overall seating drinking water facility needed
MPF00373,"Today, Please improve passenger safety near the platform edge.",2,Line 6,Shyam Nagar,2026-04-25,Tourism,Safety,security_presence,Negative,-0.58,High,General,In Review,English,Synthetic Review,today please improve passenger safety near platform edge
MPF00374,"Overall, Buying the ticket was quick and easy.",5,Line 1,Andheri,2026-08-24,Work,Ticketing,qr_scanner,Positive,0.55,Low,Working professional,Resolved,Hinglish,Synthetic Review,overall buying ticket quick easy
MPF00375,The escalator was not working and needs maintenance.,2,Line 6,Kanjurmarg,2026-03-07,Work,Maintenance,equipment,Negative,-0.74,High,Senior citizen,Open,English,Synthetic Survey,escalator working need maintenance
MPF00376,The ticket price feels expensive for a short journey.,2,Line 1,Ghatkopar,2026-06-14,Work,Fare,fare_complaint,Negative,-0.47,High,Tourist,Not Required,Hinglish,Synthetic Complaint,ticket price feel expensive short journey
MPF00377,"During my trip, The fare is reasonable for the service provided.",4,Line 1,Ghatkopar,2026-06-17,Shopping,Fare,frequent_commuter_cost,Positive,0.9,Low,Tourist,Not Required,Hinglish,Synthetic Complaint,trip fare reasonable service provided
MPF00378,Very little waiting time today; the train arrived on schedule.,5,Line 1,Azad Nagar,2026-06-22,Work,Delay,missed_connection,Positive,0.77,Low,Senior citizen,Not Required,English,Synthetic Survey,little waiting time today train arrived schedule
MPF00379,"Today, The coach condition was good and everything looked maintained.",5,Line 3,Marol Naka,2026-01-13,Work,Maintenance,signage_and_fixtures,Positive,0.86,Low,Working professional,Resolved,English,Synthetic Complaint,today coach condition good everything looked maintained
MPF00380,"Today, Please improve cleanliness in the washroom area.",2,Line 3,SEEPZ,2026-05-27,Shopping,Cleanliness,coach_cleanliness,Negative,-0.49,High,General,Resolved,English,Synthetic Complaint,today please improve cleanliness washroom area
MPF00381,It was difficult to connect from the metro to the bus stop.,2,Line 6,Kanjurmarg,2026-04-04,College,Connectivity,bus_connection,Negative,-0.48,High,General,Resolved,English,Synthetic Review,difficult connect metro bus stop
MPF00382,"Overall, I felt safe throughout the journey and at the station.",5,Line 2A,Kandarpada,2026-06-25,Shopping,Safety,security_presence,Positive,0.8,Low,General,Not Required,English,Synthetic Survey,overall felt safe throughout journey station
MPF00383,"In my experience, The coach was clean and well maintained.",5,Line 2A,Dahisar East,2026-05-01,College,Cleanliness,coach_cleanliness,Positive,0.9,Low,Student,Not Required,English,Synthetic Review,experience coach clean well maintained
MPF00384,"In my experience, It was difficult to connect from the metro to the bus stop.",3,Line 7,Dindoshi,2026-06-28,Tourism,Connectivity,last_mile,Neutral,0.05,Medium,Tourist,Open,English,Synthetic Complaint,experience difficult connect metro bus stop
MPF00385,"Overall, The coach condition was good and everything looked maintained.",4,Line 1,Azad Nagar,2026-01-18,Other,Maintenance,equipment,Positive,0.66,Low,General,Resolved,English,Synthetic Survey,overall coach condition good everything looked maintained
MPF00386,"Today, The coach was clean and well maintained.",5,Line 7,Goregaon East,2026-01-23,Tourism,Cleanliness,coach_cleanliness,Positive,0.94,Low,Student,Resolved,Hinglish,Synthetic Complaint,today coach clean well maintained
MPF00387,"Overall, The station has clean lifts and working escalators.",5,Line 2A,Goregaon West,2026-04-01,Shopping,Facilities,escalator,Positive,0.67,Low,Tourist,Not Required,English,Synthetic Complaint,overall station clean lift working escalator
MPF00388,"During my trip, The interchange process was smooth and well signposted.",5,Line 7,Dindoshi,2026-08-18,Daily commute,Connectivity,bus_connection,Positive,0.91,Low,General,Not Required,Hinglish,Synthetic Review,trip interchange process smooth well signposted
MPF00389,"Overall, The ticket price feels expensive for a short journey.",3,Line 2A,Dahisar East,2026-06-17,College,Fare,fare_value,Neutral,-0.07,Medium,General,Open,English,Synthetic Survey,overall ticket price feel expensive short journey
MPF00390,"In my experience, The staff member at the counter was rude and unhelpful.",1,Line 6,Kanjurmarg,2026-05-23,Work,Staff Behaviour,security_assistance,Negative,-0.69,High,General,In Review,Hinglish,Synthetic Survey,experience staff member counter rude unhelpful
MPF00391,The platform was overcrowded and felt unsafe.,2,Line 1,DN Nagar,2026-01-28,Shopping,Safety,platform_safety,Negative,-0.42,High,Tourist,Open,English,Synthetic Survey,platform overcrowded felt unsafe
MPF00392,"In my experience, The station infrastructure appeared well maintained.",5,Line 2A,Dahisar East,2026-07-19,Work,Maintenance,equipment,Positive,0.64,Low,Working professional,Not Required,English,Synthetic Complaint,experience station infrastructure appeared well maintained
MPF00393,"During my trip, Broken fixtures and damaged signs should be repaired.",2,Line 2A,Goregaon West,2026-01-09,Shopping,Maintenance,equipment,Negative,-0.44,High,Tourist,Open,English,Synthetic Survey,trip broken fixture damaged sign repaired
MPF00394,"Overall, The ticket price feels expensive for a short journey.",2,Line 1,Versova,2026-08-16,Shopping,Fare,fare_value,Negative,-0.91,High,General,In Review,English,Synthetic Review,overall ticket price feel expensive short journey
MPF00395,"During my trip, Frequent delays on this route are becoming difficult for daily commuters.",2,Line 3,Marol Naka,2026-04-26,Other,Delay,service_frequency,Negative,-0.58,High,General,Resolved,English,Synthetic Survey,trip frequent delay route becoming difficult daily commuter
MPF00396,Better last-mile connectivity would help passengers.,4,Line 1,DN Nagar,2026-07-18,Other,Connectivity,bus_connection,Positive,0.7,Low,Student,Not Required,English,Synthetic Review,better lastmile connectivity would help passenger
MPF00397,Good value for money compared with other transport options.,5,Line 3,MIDC,2026-08-29,Shopping,Fare,frequent_commuter_cost,Positive,0.91,Low,Tourist,Not Required,English,Synthetic Complaint,good value money compared transport option
MPF00398,"Today, Please review the fare for frequent daily commuters.",2,Line 6,Jogeshwari,2026-03-24,Tourism,Fare,frequent_commuter_cost,Negative,-0.84,High,Working professional,Not Required,Hinglish,Synthetic Review,today please review fare frequent daily commuter
MPF00399,"Today, The coach was clean and well maintained.",5,Line 2A,Dahisar East,2026-04-08,Other,Cleanliness,coach_cleanliness,Positive,0.58,Low,Tourist,Not Required,English,Synthetic Complaint,today coach clean well maintained
MPF00400,"Overall, The escalator was not working and needs maintenance.",2,Line 2A,Kandarpada,2026-06-10,Daily commute,Maintenance,infrastructure,Negative,-0.49,High,Tourist,Resolved,English,Synthetic Review,overall escalator working need maintenance
MPF00401,"During my trip, The station staff were polite and helpful.",4,Line 1,DN Nagar,2026-05-31,Shopping,Staff Behaviour,security_assistance,Positive,0.73,Low,General,Not Required,English,Synthetic Survey,trip station staff polite helpful
MPF00402,"In my experience, Please review the fare for frequent daily commuters.",4,Line 3,Marol Naka,2026-02-07,Tourism,Fare,fare_value,Positive,0.55,Low,Senior citizen,Not Required,English,Synthetic Survey,experience please review fare frequent daily commuter
MPF00403,"In my experience, The coach was extremely crowded during peak hours.",3,Line 7,Aarey,2026-06-22,Daily commute,Crowding,door_area_crowding,Neutral,-0.04,Medium,Student,Open,English,Synthetic Survey,experience coach extremely crowded peak hour
MPF00404,"In my experience, The escalator was not working and needs maintenance.",2,Line 6,Kanjurmarg,2026-07-14,Daily commute,Maintenance,equipment,Negative,-0.39,High,Senior citizen,Resolved,English,Synthetic Survey,experience escalator working need maintenance
MPF00405,There should be more working ticket counters during rush hours.,2,Line 6,Swami Samarth Nagar,2026-01-15,Shopping,Ticketing,ticket_machine,Negative,-0.75,High,General,Open,English,Synthetic Complaint,working ticket counter rush hour
MPF00406,"In my experience, Please improve cleanliness in the washroom area.",2,Line 6,Kanjurmarg,2026-06-07,College,Cleanliness,washroom_cleanliness,Negative,-0.69,High,Senior citizen,In Review,English,Synthetic Survey,experience please improve cleanliness washroom area
MPF00407,"In my experience, More seating and drinking water facilities are needed.",3,Line 3,BKC,2026-07-23,Work,Facilities,lift,Neutral,0.04,Medium,Student,Resolved,English,Synthetic Complaint,experience seating drinking water facility needed
MPF00408,"During my trip, Please review the fare for frequent daily commuters.",3,Line 2A,Goregaon West,2026-03-14,Other,Fare,fare_complaint,Neutral,0.01,Medium,Working professional,Open,English,Synthetic Complaint,trip please review fare frequent daily commuter
MPF00409,The QR ticket scanner worked smoothly.,5,Line 1,Versova,2026-03-26,Other,Ticketing,counter_queue,Positive,0.69,Low,General,Not Required,English,Synthetic Survey,qr ticket scanner worked smoothly
MPF00410,"Overall, Train service was running late today. Please improve punctuality.",2,Line 3,Marol Naka,2026-08-02,Tourism,Delay,missed_connection,Negative,-0.41,High,Senior citizen,Resolved,English,Synthetic Survey,overall train service running late today please improve punctuality
MPF00411,"In my experience, I felt safe throughout the journey and at the station.",5,Line 7,Mogharpada,2026-04-07,College,Safety,general_safety,Positive,0.87,Low,Student,Not Required,Hinglish,Synthetic Review,experience felt safe throughout journey station
MPF00412,"In my experience, Broken fixtures and damaged signs should be repaired.",1,Line 6,Jogeshwari,2026-01-23,College,Maintenance,equipment,Negative,-0.43,High,Senior citizen,In Review,English,Synthetic Review,experience broken fixture damaged sign repaired
MPF00413,"In my experience, The seating area and signage were useful.",4,Line 2A,Kandarpada,2026-01-07,College,Facilities,escalator,Positive,0.62,Low,Student,Not Required,English,Synthetic Complaint,experience seating area signage useful
MPF00414,"In my experience, Security staff guided me properly when I asked for help.",4,Line 6,Jogeshwari,2026-01-10,Work,Staff Behaviour,staff_helpfulness,Positive,0.86,Low,Student,Not Required,Hinglish,Synthetic Complaint,experience security staff guided properly asked help
MPF00415,The coach was clean and well maintained.,5,Line 3,BKC,2026-07-10,College,Cleanliness,station_cleanliness,Positive,0.9,Low,Tourist,Resolved,Hinglish,Synthetic Complaint,coach clean well maintained
MPF00416,"Overall, The ticket machine was not working and caused a queue.",2,Line 1,Ghatkopar,2026-02-08,Tourism,Ticketing,ticket_machine,Negative,-0.78,High,Senior citizen,Not Required,English,Synthetic Review,overall ticket machine working caused queue
MPF00417,"In my experience, The train was delayed by 10 minutes and I missed my connection.",2,Line 7,Aarey,2026-02-13,College,Delay,late_train,Negative,-0.62,High,Working professional,Resolved,Hinglish,Synthetic Survey,experience train delayed 10 minute missed connection
MPF00418,"Overall, Please improve passenger safety near the platform edge.",1,Line 7,Mogharpada,2026-04-11,Other,Safety,platform_safety,Negative,-0.67,High,Student,Open,English,Synthetic Review,overall please improve passenger safety near platform edge
MPF00419,"During my trip, The seating area and signage were useful.",4,Line 6,Kanjurmarg,2026-01-24,Other,Facilities,seating_and_water,Positive,0.84,Low,General,Resolved,English,Synthetic Survey,trip seating area signage useful
MPF00420,"Today, The seating area and signage were useful.",4,Line 3,Aarey JVLR,2026-02-16,Work,Facilities,seating_and_water,Positive,0.64,Low,Working professional,Not Required,Hinglish,Synthetic Review,today seating area signage useful
MPF00421,More seating and drinking water facilities are needed.,3,Line 7,Goregaon East,2026-06-04,Shopping,Facilities,seating_and_water,Neutral,-0.08,Medium,Tourist,In Review,Hinglish,Synthetic Review,seating drinking water facility needed
MPF00422,Please improve cleanliness in the washroom area.,2,Line 2A,Goregaon West,2026-04-16,Daily commute,Cleanliness,coach_cleanliness,Negative,-0.62,High,Senior citizen,Resolved,English,Synthetic Complaint,please improve cleanliness washroom area
MPF00423,"Today, It was difficult to connect from the metro to the bus stop.",1,Line 6,Jogeshwari,2026-07-21,Other,Connectivity,bus_connection,Negative,-0.75,High,General,Resolved,English,Synthetic Complaint,today difficult connect metro bus stop
MPF00424,"In my experience, The coach was extremely crowded during peak hours.",2,Line 6,Jogeshwari,2026-02-15,Tourism,Crowding,door_area_crowding,Negative,-0.88,High,Tourist,Not Required,English,Synthetic Review,experience coach extremely crowded peak hour
MPF00425,"In my experience, The coach condition was good and everything looked maintained.",5,Line 3,Aarey JVLR,2026-07-27,Other,Maintenance,infrastructure,Positive,0.68,Low,Student,Resolved,English,Synthetic Complaint,experience coach condition good everything looked maintained
MPF00426,"In my experience, The seating area and signage were useful.",5,Line 2A,Shimpoli,2026-08-23,Work,Facilities,escalator,Positive,0.73,Low,Senior citizen,Not Required,English,Synthetic Complaint,experience seating area signage useful
MPF00427,"During my trip, Frequent delays on this route are becoming difficult for daily commuters.",1,Line 1,Ghatkopar,2026-08-10,Tourism,Delay,late_train,Negative,-0.73,High,Student,Open,English,Synthetic Review,trip frequent delay route becoming difficult daily commuter
MPF00428,"During my trip, Broken fixtures and damaged signs should be repaired.",2,Line 2A,Poisar,2026-02-05,Shopping,Maintenance,infrastructure,Negative,-0.71,High,General,Open,English,Synthetic Review,trip broken fixture damaged sign repaired
MPF00429,"During my trip, Please improve passenger safety near the platform edge.",2,Line 6,Vikhroli,2026-02-04,Daily commute,Safety,platform_safety,Negative,-0.87,High,Student,Resolved,English,Synthetic Review,trip please improve passenger safety near platform edge
MPF00430,"Overall, More seating and drinking water facilities are needed.",3,Line 2A,Poisar,2026-04-19,Tourism,Facilities,seating_and_water,Neutral,0.0,Medium,Tourist,Open,English,Synthetic Survey,overall seating drinking water facility needed
MPF00431,"In my experience, The lift was out of service and caused inconvenience.",2,Line 1,Ghatkopar,2026-05-04,Tourism,Facilities,seating_and_water,Negative,-0.7,High,General,Not Required,English,Synthetic Complaint,experience lift service caused inconvenience
MPF00432,Broken fixtures and damaged signs should be repaired.,2,Line 7,Aarey,2026-08-16,Tourism,Maintenance,signage_and_fixtures,Negative,-0.51,High,Senior citizen,Not Required,English,Synthetic Complaint,broken fixture damaged sign repaired
MPF00433,"In my experience, The station has clean lifts and working escalators.",5,Line 1,DN Nagar,2026-05-12,Daily commute,Facilities,escalator,Positive,0.67,Low,Senior citizen,Not Required,English,Synthetic Review,experience station clean lift working escalator
MPF00434,"During my trip, Good value for money compared with other transport options.",5,Line 6,Shyam Nagar,2026-05-02,Tourism,Fare,frequent_commuter_cost,Positive,0.56,Low,Senior citizen,Not Required,English,Synthetic Complaint,trip good value money compared transport option
MPF00435,"In my experience, Very little waiting time today; the train arrived on schedule.",4,Line 2A,Goregaon West,2026-06-07,Daily commute,Delay,service_frequency,Positive,0.66,Low,Working professional,Not Required,English,Synthetic Survey,experience little waiting time today train arrived schedule
MPF00436,"Overall, The train was delayed by 25 minutes and I missed my connection.",3,Line 7,Goregaon East,2026-07-20,Other,Delay,missed_connection,Neutral,0.05,Medium,Tourist,Open,English,Synthetic Review,overall train delayed 25 minute missed connection
MPF00437,The coach was extremely crowded during peak hours.,2,Line 2A,Poisar,2026-03-02,Work,Crowding,platform_crowding,Negative,-0.59,High,Tourist,Resolved,English,Synthetic Review,coach extremely crowded peak hour
MPF00438,"During my trip, Security staff guided me properly when I asked for help.",3,Line 3,MIDC,2026-08-31,Shopping,Staff Behaviour,security_assistance,Neutral,-0.09,Medium,Tourist,Resolved,English,Synthetic Complaint,trip security staff guided properly asked help
MPF00439,"Overall, Please review the fare for frequent daily commuters.",4,Line 2A,Poisar,2026-03-22,Daily commute,Fare,frequent_commuter_cost,Positive,0.9,Low,Senior citizen,Not Required,Hinglish,Synthetic Complaint,overall please review fare frequent daily commuter
MPF00440,"In my experience, The interchange process was smooth and well signposted.",5,Line 1,Andheri,2026-07-11,College,Connectivity,interchange,Positive,0.68,Low,Student,Not Required,English,Synthetic Complaint,experience interchange process smooth well signposted
MPF00441,"Overall, The interchange process was smooth and well signposted.",5,Line 6,Jogeshwari,2026-05-15,Other,Connectivity,interchange,Positive,0.77,Low,Student,Not Required,Hinglish,Synthetic Survey,overall interchange process smooth well signposted
MPF00442,"Overall, Security staff guided me properly when I asked for help.",3,Line 3,SEEPZ,2026-06-13,Daily commute,Staff Behaviour,staff_politeness,Neutral,-0.1,Medium,Student,Open,Hinglish,Synthetic Complaint,overall security staff guided properly asked help
MPF00443,"In my experience, The escalator was not working and needs maintenance.",2,Line 1,Andheri,2026-08-28,Other,Maintenance,infrastructure,Negative,-0.41,High,Working professional,Resolved,English,Synthetic Complaint,experience escalator working need maintenance
MPF00444,"Overall, Good value for money compared with other transport options.",4,Line 3,SEEPZ,2026-02-15,Daily commute,Fare,fare_complaint,Positive,0.66,Low,Tourist,Not Required,English,Synthetic Review,overall good value money compared transport option
MPF00445,"Today, Please train staff to respond more politely to passengers.",1,Line 1,Azad Nagar,2026-07-03,Shopping,Staff Behaviour,staff_helpfulness,Negative,-0.86,High,Working professional,Not Required,English,Synthetic Review,today please train staff respond politely passenger
MPF00446,"During my trip, The coach was clean and well maintained.",5,Line 1,Andheri,2026-04-10,Shopping,Cleanliness,station_cleanliness,Positive,0.56,Low,Working professional,Not Required,English,Synthetic Complaint,trip coach clean well maintained
MPF00447,"Today, The fare is reasonable for the service provided.",4,Line 2A,Kandarpada,2026-07-29,Other,Fare,fare_complaint,Positive,0.72,Low,Student,Not Required,English,Synthetic Complaint,today fare reasonable service provided
MPF00448,"During my trip, The interchange process was smooth and well signposted.",5,Line 1,Ghatkopar,2026-07-14,Other,Connectivity,bus_connection,Positive,0.57,Low,Student,Not Required,English,Synthetic Review,trip interchange process smooth well signposted
MPF00449,"Overall, The metro connection to other transport was convenient.",5,Line 2A,Shimpoli,2026-02-05,Daily commute,Connectivity,interchange,Positive,0.83,Low,Senior citizen,Resolved,English,Synthetic Survey,overall metro connection transport convenient
MPF00450,"Today, The escalator was not working and needs maintenance.",1,Line 2A,Dahisar East,2026-01-10,Other,Maintenance,equipment,Negative,-0.47,High,Senior citizen,Resolved,English,Synthetic Survey,today escalator working need maintenance
MPF00451,"Overall, Frequent delays on this route are becoming difficult for daily commuters.",3,Line 1,Versova,2026-01-10,Other,Delay,missed_connection,Neutral,-0.01,Medium,General,Open,English,Synthetic Survey,overall frequent delay route becoming difficult daily commuter
MPF00452,Frequent delays on this route are becoming difficult for daily commuters.,2,Line 2A,Poisar,2026-04-27,Work,Delay,missed_connection,Negative,-0.53,High,Student,In Review,English,Synthetic Survey,frequent delay route becoming difficult daily commuter
MPF00453,"Today, The coach was clean and well maintained.",5,Line 2A,Goregaon West,2026-06-23,Work,Cleanliness,station_cleanliness,Positive,0.87,Low,Student,Not Required,English,Synthetic Complaint,today coach clean well maintained
MPF00454,"Overall, The escalator was not working and needs maintenance.",1,Line 7,Aarey,2026-02-13,College,Maintenance,signage_and_fixtures,Negative,-0.59,High,Student,Open,English,Synthetic Review,overall escalator working need maintenance
MPF00455,"In my experience, Crowding near the doors made boarding difficult.",1,Line 7,Mogharpada,2026-08-14,Other,Crowding,door_area_crowding,Negative,-0.87,High,General,Open,English,Synthetic Survey,experience crowding near door made boarding difficult
MPF00456,"In my experience, Train service was running late today. Please improve punctuality.",2,Line 1,Andheri,2026-04-16,Shopping,Delay,late_train,Negative,-0.7,High,Working professional,Resolved,English,Synthetic Review,experience train service running late today please improve punctuality
MPF00457,"Today, Train service was running late today. Please improve punctuality.",3,Line 2A,Goregaon West,2026-03-02,Other,Delay,late_train,Neutral,0.09,Medium,Senior citizen,Not Required,English,Synthetic Complaint,today train service running late today please improve punctuality
MPF00458,"In my experience, Seats and windows were clean during my journey.",5,Line 1,Ghatkopar,2026-06-25,Other,Cleanliness,station_cleanliness,Positive,0.74,Low,Working professional,Not Required,English,Synthetic Survey,experience seat window clean journey
MPF00459,"During my trip, The coach was extremely crowded during peak hours.",2,Line 3,MIDC,2026-01-27,College,Crowding,platform_crowding,Negative,-0.82,High,Senior citizen,Resolved,English,Synthetic Survey,trip coach extremely crowded peak hour
MPF00460,"Today, Too many passengers were packed into the train today.",3,Line 1,Ghatkopar,2026-02-20,Work,Crowding,platform_crowding,Neutral,-0.08,Medium,Tourist,In Review,English,Synthetic Review,today many passenger packed train today
MPF00461,Seats and windows were clean during my journey.,5,Line 7,Dindoshi,2026-05-05,Work,Cleanliness,coach_cleanliness,Positive,0.85,Low,Tourist,Not Required,Hinglish,Synthetic Complaint,seat window clean journey
MPF00462,"Today, Please train staff to respond more politely to passengers.",2,Line 3,MIDC,2026-03-27,Other,Staff Behaviour,staff_politeness,Negative,-0.87,High,Working professional,In Review,English,Synthetic Survey,today please train staff respond politely passenger
MPF00463,Very little waiting time today; the train arrived on schedule.,5,Line 1,Ghatkopar,2026-07-22,Work,Delay,missed_connection,Positive,0.73,Low,Senior citizen,Resolved,English,Synthetic Survey,little waiting time today train arrived schedule
MPF00464,"Today, The escalator was not working and needs maintenance.",3,Line 6,Jogeshwari,2026-01-04,Work,Maintenance,signage_and_fixtures,Neutral,-0.0,Medium,General,Resolved,English,Synthetic Review,today escalator working need maintenance
MPF00465,"In my experience, Security staff guided me properly when I asked for help.",4,Line 3,MIDC,2026-01-11,Tourism,Staff Behaviour,staff_helpfulness,Positive,0.91,Low,Working professional,Not Required,Hinglish,Synthetic Survey,experience security staff guided properly asked help
MPF00466,Please review the fare for frequent daily commuters.,3,Line 6,Swami Samarth Nagar,2026-02-03,Daily commute,Fare,fare_complaint,Neutral,-0.0,Medium,General,Resolved,English,Synthetic Survey,please review fare frequent daily commuter
MPF00467,"During my trip, The coach was clean and well maintained.",5,Line 7,Dindoshi,2026-08-12,Tourism,Cleanliness,washroom_cleanliness,Positive,0.83,Low,General,Not Required,English,Synthetic Survey,trip coach clean well maintained
MPF00468,Please improve passenger safety near the platform edge.,1,Line 3,MIDC,2026-06-28,Other,Safety,general_safety,Negative,-0.72,High,Senior citizen,In Review,English,Synthetic Review,please improve passenger safety near platform edge
MPF00469,"During my trip, The station staff were polite and helpful.",4,Line 6,Kanjurmarg,2026-04-30,Other,Staff Behaviour,security_assistance,Positive,0.76,Low,Senior citizen,Not Required,Hinglish,Synthetic Review,trip station staff polite helpful
MPF00470,"In my experience, The platform was overcrowded and felt unsafe.",1,Line 1,Versova,2026-06-16,Work,Safety,security_presence,Negative,-0.61,High,Working professional,Resolved,Hinglish,Synthetic Survey,experience platform overcrowded felt unsafe
MPF00471,"During my trip, Security staff guided me properly when I asked for help.",5,Line 6,Jogeshwari,2026-05-09,College,Staff Behaviour,security_assistance,Positive,0.82,Low,Student,Not Required,English,Synthetic Review,trip security staff guided properly asked help
MPF00472,"In my experience, The interchange process was smooth and well signposted.",5,Line 1,Azad Nagar,2026-04-11,Other,Connectivity,interchange,Positive,0.87,Low,Student,Not Required,English,Synthetic Survey,experience interchange process smooth well signposted
MPF00473,The station floor was dirty and bins were overflowing.,2,Line 7,Aarey,2026-04-17,Work,Cleanliness,washroom_cleanliness,Negative,-0.65,High,General,Not Required,Hinglish,Synthetic Review,station floor dirty bin overflowing
MPF00474,"Today, The seating area and signage were useful.",3,Line 6,Jogeshwari,2026-06-15,Daily commute,Facilities,escalator,Neutral,-0.04,Medium,Student,Open,Hinglish,Synthetic Complaint,today seating area signage useful
MPF00475,"In my experience, Security presence at the station was reassuring.",5,Line 3,BKC,2026-07-22,Shopping,Safety,security_presence,Positive,0.89,Low,Tourist,Not Required,English,Synthetic Survey,experience security presence station reassuring
MPF00476,"Overall, Security presence at the station was reassuring.",5,Line 2A,Poisar,2026-08-03,Work,Safety,general_safety,Positive,0.66,Low,General,Not Required,Hinglish,Synthetic Survey,overall security presence station reassuring
MPF00477,"During my trip, The station staff were polite and helpful.",5,Line 2A,Shimpoli,2026-03-30,College,Staff Behaviour,staff_politeness,Positive,0.6,Low,Senior citizen,Resolved,English,Synthetic Review,trip station staff polite helpful
MPF00478,"During my trip, It was difficult to connect from the metro to the bus stop.",1,Line 7,Jogeshwari East,2026-02-09,Shopping,Connectivity,interchange,Negative,-0.4,High,Tourist,Resolved,English,Synthetic Review,trip difficult connect metro bus stop
MPF00479,"During my trip, Security presence at the station was reassuring.",5,Line 6,Kanjurmarg,2026-08-19,Tourism,Safety,platform_safety,Positive,0.82,Low,Tourist,Resolved,English,Synthetic Review,trip security presence station reassuring
MPF00480,"Today, Seats and windows were clean during my journey.",5,Line 2A,Goregaon West,2026-02-19,Shopping,Cleanliness,washroom_cleanliness,Positive,0.89,Low,Senior citizen,Resolved,English,Synthetic Complaint,today seat window clean journey
MPF00481,The ticket machine was not working and caused a queue.,3,Line 6,Jogeshwari,2026-05-06,Other,Ticketing,counter_queue,Neutral,0.07,Medium,Student,Resolved,Hinglish,Synthetic Survey,ticket machine working caused queue
MPF00482,"During my trip, The metro connection to other transport was convenient.",5,Line 6,Kanjurmarg,2026-03-31,Shopping,Connectivity,bus_connection,Positive,0.61,Low,Senior citizen,Not Required,English,Synthetic Review,trip metro connection transport convenient
MPF00483,"Today, The station floor was dirty and bins were overflowing.",2,Line 3,BKC,2026-08-18,College,Cleanliness,station_cleanliness,Negative,-0.47,High,Working professional,Resolved,English,Synthetic Complaint,today station floor dirty bin overflowing
MPF00484,"Overall, The coach condition was good and everything looked maintained.",5,Line 2A,Goregaon West,2026-04-15,Tourism,Maintenance,signage_and_fixtures,Positive,0.74,Low,Senior citizen,Not Required,English,Synthetic Survey,overall coach condition good everything looked maintained
MPF00485,"In my experience, Crowding near the doors made boarding difficult.",2,Line 7,Jogeshwari East,2026-08-02,Shopping,Crowding,platform_crowding,Negative,-0.83,High,Senior citizen,Not Required,English,Synthetic Review,experience crowding near door made boarding difficult
MPF00486,Better last-mile connectivity would help passengers.,2,Line 7,Jogeshwari East,2026-02-15,College,Connectivity,bus_connection,Negative,-0.86,High,Tourist,In Review,English,Synthetic Review,better lastmile connectivity would help passenger
MPF00487,Seats and windows were clean during my journey.,5,Line 2A,Dahisar East,2026-05-02,Tourism,Cleanliness,washroom_cleanliness,Positive,0.85,Low,Tourist,Resolved,English,Synthetic Complaint,seat window clean journey
MPF00488,"Overall, The metro connection to other transport was convenient.",5,Line 1,Versova,2026-01-14,College,Connectivity,bus_connection,Positive,0.57,Low,Tourist,Not Required,Hinglish,Synthetic Survey,overall metro connection transport convenient
MPF00489,"During my trip, I felt safe throughout the journey and at the station.",5,Line 7,Jogeshwari East,2026-07-12,Daily commute,Safety,platform_safety,Positive,0.81,Low,General,Not Required,English,Synthetic Complaint,trip felt safe throughout journey station
MPF00490,"During my trip, Security presence at the station was reassuring.",4,Line 6,Shyam Nagar,2026-04-16,College,Safety,security_presence,Positive,0.76,Low,Working professional,Not Required,English,Synthetic Review,trip security presence station reassuring
MPF00491,"Overall, The staff member at the counter was rude and unhelpful.",1,Line 2A,Dahisar East,2026-04-28,Tourism,Staff Behaviour,staff_politeness,Negative,-0.47,High,General,Not Required,English,Synthetic Review,overall staff member counter rude unhelpful
MPF00492,"During my trip, Frequent delays on this route are becoming difficult for daily commuters.",2,Line 1,DN Nagar,2026-03-19,Shopping,Delay,late_train,Negative,-0.87,High,General,Open,English,Synthetic Complaint,trip frequent delay route becoming difficult daily commuter
MPF00493,"Overall, Too many passengers were packed into the train today.",2,Line 1,DN Nagar,2026-01-05,Work,Crowding,door_area_crowding,Negative,-0.87,High,Student,Not Required,English,Synthetic Survey,overall many passenger packed train today
MPF00494,"In my experience, The station staff were polite and helpful.",5,Line 3,Aarey JVLR,2026-07-13,Daily commute,Staff Behaviour,staff_politeness,Positive,0.57,Low,Senior citizen,Resolved,English,Synthetic Survey,experience station staff polite helpful
MPF00495,"During my trip, The staff member at the counter was rude and unhelpful.",1,Line 1,Ghatkopar,2026-02-11,Other,Staff Behaviour,security_assistance,Negative,-0.9,High,Senior citizen,In Review,Hinglish,Synthetic Review,trip staff member counter rude unhelpful
MPF00496,"In my experience, The metro connection to other transport was convenient.",4,Line 6,Jogeshwari,2026-07-05,Other,Connectivity,interchange,Positive,0.76,Low,Working professional,Resolved,Hinglish,Synthetic Survey,experience metro connection transport convenient
MPF00497,"In my experience, The seating area and signage were useful.",4,Line 2A,Goregaon West,2026-05-12,Daily commute,Facilities,lift,Positive,0.73,Low,Working professional,Not Required,Hinglish,Synthetic Survey,experience seating area signage useful
MPF00498,I felt safe throughout the journey and at the station.,5,Line 3,Aarey JVLR,2026-05-07,College,Safety,platform_safety,Positive,0.6,Low,Senior citizen,Not Required,English,Synthetic Review,felt safe throughout journey station
MPF00499,"Today, The seating area and signage were useful.",4,Line 3,SEEPZ,2026-04-05,College,Facilities,lift,Positive,0.77,Low,Tourist,Not Required,English,Synthetic Complaint,today seating area signage useful
MPF00500,"In my experience, Please improve cleanliness in the washroom area.",1,Line 1,Azad Nagar,2026-08-25,Shopping,Cleanliness,coach_cleanliness,Negative,-0.88,High,Tourist,Not Required,English,Synthetic Complaint,experience please improve cleanliness washroom area
MPF00501,"In my experience, Security staff guided me properly when I asked for help.",4,Line 1,Versova,2026-04-02,Shopping,Staff Behaviour,staff_helpfulness,Positive,0.6,Low,Tourist,Resolved,English,Synthetic Review,experience security staff guided properly asked help
MPF00502,"Today, The seating area and signage were useful.",3,Line 6,Vikhroli,2026-01-26,Shopping,Facilities,seating_and_water,Neutral,-0.08,Medium,Tourist,Open,English,Synthetic Survey,today seating area signage useful
MPF00503,"Today, The station has clean lifts and working escalators.",5,Line 1,Andheri,2026-07-12,Work,Facilities,seating_and_water,Positive,0.82,Low,Senior citizen,Not Required,English,Synthetic Complaint,today station clean lift working escalator
MPF00504,"Today, Security staff guided me properly when I asked for help.",4,Line 3,Marol Naka,2026-08-14,Tourism,Staff Behaviour,staff_politeness,Positive,0.75,Low,Senior citizen,Not Required,English,Synthetic Review,today security staff guided properly asked help
MPF00505,"Today, Please improve passenger safety near the platform edge.",1,Line 3,Marol Naka,2026-02-04,Tourism,Safety,security_presence,Negative,-0.93,High,Senior citizen,In Review,Hinglish,Synthetic Review,today please improve passenger safety near platform edge
MPF00506,"In my experience, Please improve cleanliness in the washroom area.",3,Line 3,Marol Naka,2026-03-09,Shopping,Cleanliness,station_cleanliness,Neutral,0.01,Medium,General,Not Required,Hinglish,Synthetic Review,experience please improve cleanliness washroom area
MPF00507,"During my trip, The station infrastructure appeared well maintained.",3,Line 6,Vikhroli,2026-05-30,Daily commute,Maintenance,infrastructure,Neutral,-0.09,Medium,Working professional,In Review,Hinglish,Synthetic Complaint,trip station infrastructure appeared well maintained
MPF00508,"During my trip, Please improve cleanliness in the washroom area.",2,Line 7,Jogeshwari East,2026-01-22,Other,Cleanliness,washroom_cleanliness,Negative,-0.74,High,Working professional,In Review,English,Synthetic Complaint,trip please improve cleanliness washroom area
MPF00509,Seats and windows were clean during my journey.,5,Line 1,Versova,2026-06-28,Shopping,Cleanliness,station_cleanliness,Positive,0.68,Low,Tourist,Not Required,English,Synthetic Survey,seat window clean journey
MPF00510,"Today, Please improve passenger safety near the platform edge.",2,Line 6,Swami Samarth Nagar,2026-05-09,Shopping,Safety,general_safety,Negative,-0.61,High,Student,In Review,English,Synthetic Review,today please improve passenger safety near platform edge
MPF00511,"Today, The station infrastructure appeared well maintained.",4,Line 7,Dindoshi,2026-05-27,Daily commute,Maintenance,equipment,Positive,0.75,Low,General,Not Required,English,Synthetic Review,today station infrastructure appeared well maintained
MPF00512,"During my trip, The coach was clean and well maintained.",5,Line 2A,Goregaon West,2026-07-30,Tourism,Cleanliness,station_cleanliness,Positive,0.58,Low,Tourist,Not Required,English,Synthetic Complaint,trip coach clean well maintained
MPF00513,"Today, Good value for money compared with other transport options.",5,Line 6,Shyam Nagar,2026-06-30,Tourism,Fare,frequent_commuter_cost,Positive,0.65,Low,Tourist,Not Required,English,Synthetic Complaint,today good value money compared transport option
MPF00514,"Today, The lift was out of service and caused inconvenience.",2,Line 2A,Goregaon West,2026-07-06,Tourism,Facilities,seating_and_water,Negative,-0.39,High,General,Resolved,Hinglish,Synthetic Complaint,today lift service caused inconvenience
MPF00515,"Overall, Security staff guided me properly when I asked for help.",4,Line 1,Ghatkopar,2026-06-12,Other,Staff Behaviour,staff_politeness,Positive,0.61,Low,Senior citizen,Not Required,Hinglish,Synthetic Survey,overall security staff guided properly asked help
MPF00516,"In my experience, The ticket machine was not working and caused a queue.",2,Line 3,SEEPZ,2026-04-29,Daily commute,Ticketing,counter_queue,Negative,-0.71,High,Working professional,Open,English,Synthetic Review,experience ticket machine working caused queue
MPF00517,"Overall, The fare is reasonable for the service provided.",4,Line 6,Vikhroli,2026-07-04,College,Fare,fare_complaint,Positive,0.6,Low,Senior citizen,Resolved,English,Synthetic Survey,overall fare reasonable service provided
MPF00518,"During my trip, Seats and windows were clean during my journey.",4,Line 1,Andheri,2026-08-04,Shopping,Cleanliness,coach_cleanliness,Positive,0.91,Low,Senior citizen,Not Required,English,Synthetic Complaint,trip seat window clean journey
MPF00519,"In my experience, The coach condition was good and everything looked maintained.",5,Line 2A,Dahisar East,2026-07-08,Daily commute,Maintenance,equipment,Positive,0.65,Low,Working professional,Not Required,English,Synthetic Complaint,experience coach condition good everything looked maintained
MPF00520,"Overall, The staff member at the counter was rude and unhelpful.",1,Line 2A,Poisar,2026-05-17,Shopping,Staff Behaviour,staff_helpfulness,Negative,-0.37,High,Tourist,Not Required,English,Synthetic Review,overall staff member counter rude unhelpful
MPF00521,"Overall, Better last-mile connectivity would help passengers.",3,Line 1,Versova,2026-01-06,Work,Connectivity,last_mile,Neutral,0.08,Medium,Senior citizen,In Review,English,Synthetic Review,overall better lastmile connectivity would help passenger
MPF00522,"In my experience, Train service was running late today. Please improve punctuality.",2,Line 6,Swami Samarth Nagar,2026-08-08,Other,Delay,service_frequency,Negative,-0.76,High,Senior citizen,Resolved,Hinglish,Synthetic Survey,experience train service running late today please improve punctuality
MPF00523,Good value for money compared with other transport options.,5,Line 3,Aarey JVLR,2026-08-10,Work,Fare,fare_value,Positive,0.67,Low,Tourist,Not Required,English,Synthetic Review,good value money compared transport option
MPF00524,"Today, Good value for money compared with other transport options.",4,Line 3,Marol Naka,2026-07-06,Other,Fare,frequent_commuter_cost,Positive,0.88,Low,Senior citizen,Not Required,English,Synthetic Complaint,today good value money compared transport option
MPF00525,"Overall, The train was delayed by 30 minutes and I missed my connection.",2,Line 7,Jogeshwari East,2026-01-22,Work,Delay,late_train,Negative,-0.48,High,Student,In Review,English,Synthetic Complaint,overall train delayed 30 minute missed connection
MPF00526,"Today, It was difficult to connect from the metro to the bus stop.",2,Line 2A,Shimpoli,2026-02-20,Other,Connectivity,interchange,Negative,-0.68,High,Working professional,In Review,English,Synthetic Review,today difficult connect metro bus stop
MPF00527,"In my experience, Crowding near the doors made boarding difficult.",2,Line 3,SEEPZ,2026-04-29,Daily commute,Crowding,peak_hour_crowding,Negative,-0.94,High,General,Open,English,Synthetic Survey,experience crowding near door made boarding difficult
MPF00528,"Today, Frequent delays on this route are becoming difficult for daily commuters.",3,Line 7,Dindoshi,2026-07-03,Daily commute,Delay,missed_connection,Neutral,-0.05,Medium,Senior citizen,Not Required,English,Synthetic Survey,today frequent delay route becoming difficult daily commuter
MPF00529,"Overall, The station has clean lifts and working escalators.",5,Line 3,Marol Naka,2026-08-08,College,Facilities,lift,Positive,0.93,Low,Senior citizen,Not Required,English,Synthetic Review,overall station clean lift working escalator
MPF00530,"Overall, The ticket machine was not working and caused a queue.",2,Line 6,Jogeshwari,2026-04-26,Daily commute,Ticketing,ticket_machine,Negative,-0.47,High,Senior citizen,Open,Hinglish,Synthetic Complaint,overall ticket machine working caused queue
MPF00531,"Today, The station has clean lifts and working escalators.",5,Line 7,Mogharpada,2026-07-08,Other,Facilities,seating_and_water,Positive,0.9,Low,Tourist,Resolved,English,Synthetic Review,today station clean lift working escalator
MPF00532,"During my trip, The coach was clean and well maintained.",5,Line 7,Aarey,2026-05-10,College,Cleanliness,washroom_cleanliness,Positive,0.74,Low,General,Not Required,Hinglish,Synthetic Review,trip coach clean well maintained
MPF00533,"In my experience, Good value for money compared with other transport options.",4,Line 3,SEEPZ,2026-01-23,College,Fare,fare_complaint,Positive,0.78,Low,Working professional,Not Required,English,Synthetic Survey,experience good value money compared transport option
MPF00534,"During my trip, The train had comfortable space and was not crowded.",4,Line 6,Vikhroli,2026-06-06,Shopping,Crowding,door_area_crowding,Positive,0.94,Low,Senior citizen,Not Required,English,Synthetic Review,trip train comfortable space crowded
MPF00535,"Today, The ticket price feels expensive for a short journey.",2,Line 6,Shyam Nagar,2026-02-28,Other,Fare,fare_value,Negative,-0.62,High,Tourist,Open,English,Synthetic Survey,today ticket price feel expensive short journey
MPF00536,"Today, The ticket machine was not working and caused a queue.",2,Line 1,Azad Nagar,2026-05-07,Shopping,Ticketing,ticket_machine,Negative,-0.88,High,Student,Resolved,English,Synthetic Review,today ticket machine working caused queue
MPF00537,"During my trip, I felt safe throughout the journey and at the station.",5,Line 2A,Dahisar East,2026-05-15,Other,Safety,general_safety,Positive,0.88,Low,General,Resolved,Hinglish,Synthetic Survey,trip felt safe throughout journey station
MPF00538,The station floor was dirty and bins were overflowing.,2,Line 2A,Poisar,2026-02-09,Other,Cleanliness,coach_cleanliness,Negative,-0.93,High,Student,Not Required,English,Synthetic Review,station floor dirty bin overflowing
MPF00539,"During my trip, More seating and drinking water facilities are needed.",4,Line 1,Azad Nagar,2026-07-07,College,Facilities,seating_and_water,Positive,0.81,Low,Student,Not Required,English,Synthetic Complaint,trip seating drinking water facility needed
MPF00540,Very little waiting time today; the train arrived on schedule.,4,Line 2A,Shimpoli,2026-07-17,Tourism,Delay,service_frequency,Positive,0.77,Low,Tourist,Not Required,English,Synthetic Survey,little waiting time today train arrived schedule
MPF00541,"Today, The staff member at the counter was rude and unhelpful.",1,Line 1,Andheri,2026-07-08,Other,Staff Behaviour,staff_helpfulness,Negative,-0.56,High,Working professional,Resolved,English,Synthetic Review,today staff member counter rude unhelpful
MPF00542,"In my experience, I felt safe throughout the journey and at the station.",5,Line 6,Jogeshwari,2026-07-27,Shopping,Safety,security_presence,Positive,0.75,Low,Tourist,Not Required,English,Synthetic Review,experience felt safe throughout journey station
MPF00543,Please review the fare for frequent daily commuters.,4,Line 6,Jogeshwari,2026-06-11,Shopping,Fare,frequent_commuter_cost,Positive,0.69,Low,Working professional,Not Required,English,Synthetic Complaint,please review fare frequent daily commuter
MPF00544,There should be more working ticket counters during rush hours.,2,Line 6,Swami Samarth Nagar,2026-05-26,Work,Ticketing,ticket_machine,Negative,-0.77,High,Senior citizen,Resolved,Hinglish,Synthetic Review,working ticket counter rush hour
MPF00545,"Today, The train was delayed by 25 minutes and I missed my connection.",2,Line 6,Swami Samarth Nagar,2026-01-21,Other,Delay,missed_connection,Negative,-0.89,High,General,In Review,English,Synthetic Complaint,today train delayed 25 minute missed connection
MPF00546,"Today, The lift was out of service and caused inconvenience.",1,Line 1,Andheri,2026-04-26,Other,Facilities,seating_and_water,Negative,-0.9,High,Senior citizen,Resolved,English,Synthetic Complaint,today lift service caused inconvenience
MPF00547,Too many passengers were packed into the train today.,3,Line 7,Goregaon East,2026-04-12,Other,Crowding,peak_hour_crowding,Neutral,-0.05,Medium,Student,Not Required,English,Synthetic Survey,many passenger packed train today
MPF00548,"Today, More seating and drinking water facilities are needed.",4,Line 1,DN Nagar,2026-06-26,College,Facilities,seating_and_water,Positive,0.84,Low,General,Resolved,English,Synthetic Complaint,today seating drinking water facility needed
MPF00549,The station floor was dirty and bins were overflowing.,2,Line 3,SEEPZ,2026-06-16,Daily commute,Cleanliness,coach_cleanliness,Negative,-0.88,High,Working professional,Open,Hinglish,Synthetic Review,station floor dirty bin overflowing
MPF00550,"During my trip, It was difficult to connect from the metro to the bus stop.",2,Line 2A,Poisar,2026-06-29,Shopping,Connectivity,bus_connection,Negative,-0.86,High,Student,Open,English,Synthetic Complaint,trip difficult connect metro bus stop
MPF00551,"Overall, Frequent delays on this route are becoming difficult for daily commuters.",2,Line 3,Marol Naka,2026-04-21,Shopping,Delay,service_frequency,Negative,-0.77,High,Student,Resolved,English,Synthetic Complaint,overall frequent delay route becoming difficult daily commuter
MPF00552,"Today, The station infrastructure appeared well maintained.",4,Line 3,BKC,2026-01-16,Tourism,Maintenance,signage_and_fixtures,Positive,0.74,Low,General,Not Required,Hinglish,Synthetic Complaint,today station infrastructure appeared well maintained
MPF00553,The station infrastructure appeared well maintained.,4,Line 1,Azad Nagar,2026-04-22,Shopping,Maintenance,infrastructure,Positive,0.91,Low,Tourist,Not Required,English,Synthetic Complaint,station infrastructure appeared well maintained
MPF00554,"Today, Please train staff to respond more politely to passengers.",2,Line 2A,Kandarpada,2026-08-15,Tourism,Staff Behaviour,staff_helpfulness,Negative,-0.65,High,Senior citizen,Resolved,Hinglish,Synthetic Survey,today please train staff respond politely passenger
MPF00555,"In my experience, Please improve passenger safety near the platform edge.",2,Line 3,Marol Naka,2026-02-10,Other,Safety,general_safety,Negative,-0.78,High,Student,Open,English,Synthetic Survey,experience please improve passenger safety near platform edge
MPF00556,"Overall, Please review the fare for frequent daily commuters.",3,Line 3,Aarey JVLR,2026-02-10,Daily commute,Fare,fare_value,Neutral,0.01,Medium,Senior citizen,In Review,Hinglish,Synthetic Complaint,overall please review fare frequent daily commuter
MPF00557,Seats and windows were clean during my journey.,5,Line 6,Swami Samarth Nagar,2026-07-17,Tourism,Cleanliness,washroom_cleanliness,Positive,0.64,Low,Working professional,Not Required,English,Synthetic Survey,seat window clean journey
MPF00558,The metro connection to other transport was convenient.,5,Line 7,Dindoshi,2026-05-10,Daily commute,Connectivity,interchange,Positive,0.87,Low,Student,Resolved,English,Synthetic Survey,metro connection transport convenient
MPF00559,"During my trip, Security staff guided me properly when I asked for help.",4,Line 2A,Dahisar East,2026-02-01,Shopping,Staff Behaviour,staff_politeness,Positive,0.85,Low,Student,Not Required,English,Synthetic Survey,trip security staff guided properly asked help
MPF00560,"During my trip, Train service was running late today. Please improve punctuality.",2,Line 3,Marol Naka,2026-06-20,Daily commute,Delay,late_train,Negative,-0.65,High,Senior citizen,In Review,English,Synthetic Complaint,trip train service running late today please improve punctuality
MPF00561,"Today, The ticket price feels expensive for a short journey.",2,Line 2A,Goregaon West,2026-04-24,Shopping,Fare,fare_value,Negative,-0.4,High,General,In Review,English,Synthetic Survey,today ticket price feel expensive short journey
MPF00562,"During my trip, The coach was clean and well maintained.",5,Line 1,Ghatkopar,2026-02-08,Work,Cleanliness,washroom_cleanliness,Positive,0.94,Low,Tourist,Resolved,English,Synthetic Complaint,trip coach clean well maintained
MPF00563,"In my experience, There should be more working ticket counters during rush hours.",2,Line 1,Ghatkopar,2026-06-06,College,Ticketing,ticket_machine,Negative,-0.52,High,Senior citizen,In Review,English,Synthetic Complaint,experience working ticket counter rush hour
MPF00564,"During my trip, Please train staff to respond more politely to passengers.",2,Line 3,Marol Naka,2026-07-05,College,Staff Behaviour,security_assistance,Negative,-0.48,High,Student,In Review,English,Synthetic Review,trip please train staff respond politely passenger
MPF00565,The interchange process was smooth and well signposted.,5,Line 2A,Goregaon West,2026-08-16,Tourism,Connectivity,last_mile,Positive,0.77,Low,Senior citizen,Not Required,English,Synthetic Survey,interchange process smooth well signposted
MPF00566,"Today, Security staff guided me properly when I asked for help.",5,Line 6,Shyam Nagar,2026-07-13,Daily commute,Staff Behaviour,security_assistance,Positive,0.59,Low,Senior citizen,Not Required,English,Synthetic Survey,today security staff guided properly asked help
MPF00567,"During my trip, Buying the ticket was quick and easy.",5,Line 1,Azad Nagar,2026-03-14,Tourism,Ticketing,qr_scanner,Positive,0.87,Low,General,Not Required,English,Synthetic Review,trip buying ticket quick easy
MPF00568,"During my trip, The ticket price feels expensive for a short journey.",3,Line 6,Jogeshwari,2026-01-21,College,Fare,fare_value,Neutral,0.02,Medium,Tourist,Resolved,English,Synthetic Review,trip ticket price feel expensive short journey
MPF00569,"Today, Crowding near the doors made boarding difficult.",1,Line 1,Azad Nagar,2026-05-30,Tourism,Crowding,door_area_crowding,Negative,-0.73,High,Tourist,Resolved,English,Synthetic Review,today crowding near door made boarding difficult
MPF00570,"Overall, More seating and drinking water facilities are needed.",4,Line 3,Marol Naka,2026-04-27,Other,Facilities,escalator,Positive,0.6,Low,Tourist,Resolved,English,Synthetic Survey,overall seating drinking water facility needed
MPF00571,"In my experience, The interchange process was smooth and well signposted.",5,Line 1,DN Nagar,2026-03-20,College,Connectivity,bus_connection,Positive,0.59,Low,General,Not Required,English,Synthetic Review,experience interchange process smooth well signposted
MPF00572,"Overall, The station has clean lifts and working escalators.",5,Line 7,Goregaon East,2026-05-21,College,Facilities,escalator,Positive,0.72,Low,Senior citizen,Not Required,English,Synthetic Survey,overall station clean lift working escalator
MPF00573,"During my trip, Please review the fare for frequent daily commuters.",4,Line 1,Andheri,2026-06-12,College,Fare,fare_complaint,Positive,0.73,Low,Tourist,Not Required,English,Synthetic Complaint,trip please review fare frequent daily commuter
MPF00574,"In my experience, The train had comfortable space and was not crowded.",5,Line 3,Marol Naka,2026-07-08,Work,Crowding,door_area_crowding,Positive,0.71,Low,Tourist,Resolved,English,Synthetic Review,experience train comfortable space crowded
MPF00575,Very little waiting time today; the train arrived on schedule.,5,Line 1,DN Nagar,2026-02-18,Tourism,Delay,service_frequency,Positive,0.58,Low,General,Resolved,English,Synthetic Complaint,little waiting time today train arrived schedule
MPF00576,"During my trip, The station floor was dirty and bins were overflowing.",2,Line 6,Swami Samarth Nagar,2026-05-31,Other,Cleanliness,coach_cleanliness,Negative,-0.8,High,General,In Review,English,Synthetic Review,trip station floor dirty bin overflowing
MPF00577,"Today, Please improve passenger safety near the platform edge.",1,Line 3,Aarey JVLR,2026-02-13,College,Safety,security_presence,Negative,-0.43,High,Tourist,Open,English,Synthetic Complaint,today please improve passenger safety near platform edge
MPF00578,"During my trip, Buying the ticket was quick and easy.",5,Line 2A,Shimpoli,2026-01-15,Daily commute,Ticketing,counter_queue,Positive,0.82,Low,General,Not Required,Hinglish,Synthetic Complaint,trip buying ticket quick easy
MPF00579,"During my trip, The platform was overcrowded and felt unsafe.",2,Line 3,Aarey JVLR,2026-07-12,Daily commute,Safety,general_safety,Negative,-0.72,High,Student,In Review,English,Synthetic Complaint,trip platform overcrowded felt unsafe
MPF00580,"Today, Buying the ticket was quick and easy.",5,Line 3,Aarey JVLR,2026-05-22,Shopping,Ticketing,qr_scanner,Positive,0.71,Low,Student,Not Required,English,Synthetic Review,today buying ticket quick easy
MPF00581,"In my experience, It was difficult to connect from the metro to the bus stop.",2,Line 1,DN Nagar,2026-05-19,Other,Connectivity,interchange,Negative,-0.68,High,General,Open,English,Synthetic Review,experience difficult connect metro bus stop
MPF00582,Please review the fare for frequent daily commuters.,3,Line 2A,Goregaon West,2026-01-16,Tourism,Fare,fare_complaint,Neutral,0.09,Medium,Senior citizen,Open,English,Synthetic Survey,please review fare frequent daily commuter
MPF00583,"Overall, There should be more working ticket counters during rush hours.",3,Line 7,Mogharpada,2026-01-23,College,Ticketing,counter_queue,Neutral,0.07,Medium,Student,Not Required,English,Synthetic Review,overall working ticket counter rush hour
MPF00584,"Overall, The interchange process was smooth and well signposted.",5,Line 1,DN Nagar,2026-06-19,College,Connectivity,bus_connection,Positive,0.75,Low,Senior citizen,Not Required,English,Synthetic Survey,overall interchange process smooth well signposted
MPF00585,"Overall, The seating area and signage were useful.",3,Line 7,Dindoshi,2026-08-18,Daily commute,Facilities,seating_and_water,Neutral,0.02,Medium,Student,Resolved,English,Synthetic Complaint,overall seating area signage useful
MPF00586,The metro connection to other transport was convenient.,5,Line 3,Marol Naka,2026-04-02,Other,Connectivity,bus_connection,Positive,0.56,Low,Tourist,Not Required,English,Synthetic Complaint,metro connection transport convenient
MPF00587,"Overall, Please improve cleanliness in the washroom area.",2,Line 2A,Dahisar East,2026-01-24,Other,Cleanliness,washroom_cleanliness,Negative,-0.94,High,Student,In Review,English,Synthetic Survey,overall please improve cleanliness washroom area
MPF00588,Please train staff to respond more politely to passengers.,2,Line 7,Dindoshi,2026-04-12,Other,Staff Behaviour,staff_politeness,Negative,-0.65,High,General,Open,English,Synthetic Complaint,please train staff respond politely passenger
MPF00589,"In my experience, Better last-mile connectivity would help passengers.",3,Line 7,Mogharpada,2026-02-02,Tourism,Connectivity,last_mile,Neutral,0.03,Medium,General,Not Required,English,Synthetic Complaint,experience better lastmile connectivity would help passenger
MPF00590,"During my trip, The ticket machine was not working and caused a queue.",2,Line 1,DN Nagar,2026-08-29,Daily commute,Ticketing,counter_queue,Negative,-0.44,High,General,Resolved,English,Synthetic Survey,trip ticket machine working caused queue
MPF00591,Please review the fare for frequent daily commuters.,4,Line 1,Versova,2026-08-24,College,Fare,fare_complaint,Positive,0.74,Low,General,Not Required,English,Synthetic Review,please review fare frequent daily commuter
MPF00592,"Overall, I felt safe throughout the journey and at the station.",5,Line 6,Vikhroli,2026-01-20,Tourism,Safety,platform_safety,Positive,0.58,Low,Student,Resolved,Hinglish,Synthetic Review,overall felt safe throughout journey station
MPF00593,Security presence at the station was reassuring.,4,Line 2A,Shimpoli,2026-01-28,Daily commute,Safety,security_presence,Positive,0.74,Low,General,Not Required,English,Synthetic Survey,security presence station reassuring
MPF00594,"Overall, Very little waiting time today; the train arrived on schedule.",4,Line 2A,Kandarpada,2026-01-22,Tourism,Delay,late_train,Positive,0.86,Low,Tourist,Resolved,English,Synthetic Survey,overall little waiting time today train arrived schedule
MPF00595,I felt safe throughout the journey and at the station.,5,Line 1,Azad Nagar,2026-03-17,Tourism,Safety,security_presence,Positive,0.57,Low,Tourist,Resolved,English,Synthetic Survey,felt safe throughout journey station
MPF00596,"In my experience, Broken fixtures and damaged signs should be repaired.",3,Line 3,Aarey JVLR,2026-06-16,Shopping,Maintenance,signage_and_fixtures,Neutral,-0.1,Medium,Tourist,Not Required,English,Synthetic Review,experience broken fixture damaged sign repaired
MPF00597,"Overall, The interchange process was smooth and well signposted.",4,Line 1,Azad Nagar,2026-06-13,Tourism,Connectivity,last_mile,Positive,0.59,Low,Student,Resolved,English,Synthetic Survey,overall interchange process smooth well signposted
MPF00598,"In my experience, Please review the fare for frequent daily commuters.",3,Line 7,Goregaon East,2026-04-22,Work,Fare,frequent_commuter_cost,Neutral,-0.06,Medium,Student,In Review,English,Synthetic Complaint,experience please review fare frequent daily commuter
MPF00599,"Today, The escalator was not working and needs maintenance.",2,Line 7,Goregaon East,2026-03-02,College,Maintenance,signage_and_fixtures,Negative,-0.59,High,Senior citizen,Open,Hinglish,Synthetic Survey,today escalator working need maintenance
MPF00600,"Overall, Good value for money compared with other transport options.",5,Line 6,Swami Samarth Nagar,2026-03-26,College,Fare,frequent_commuter_cost,Positive,0.86,Low,Working professional,Resolved,English,Synthetic Complaint,overall good value money compared transport option
MPF00601,"During my trip, The station infrastructure appeared well maintained.",4,Line 6,Shyam Nagar,2026-06-27,Daily commute,Maintenance,infrastructure,Positive,0.59,Low,Tourist,Resolved,English,Synthetic Survey,trip station infrastructure appeared well maintained
MPF00602,"During my trip, The staff member at the counter was rude and unhelpful.",1,Line 3,BKC,2026-01-08,Work,Staff Behaviour,security_assistance,Negative,-0.83,High,Student,Not Required,English,Synthetic Review,trip staff member counter rude unhelpful
MPF00603,"In my experience, There should be more working ticket counters during rush hours.",2,Line 1,DN Nagar,2026-08-15,Daily commute,Ticketing,counter_queue,Negative,-0.92,High,Working professional,Open,English,Synthetic Survey,experience working ticket counter rush hour
MPF00604,"Overall, It was difficult to connect from the metro to the bus stop.",1,Line 2A,Kandarpada,2026-06-17,College,Connectivity,interchange,Negative,-0.84,High,Student,Open,English,Synthetic Review,overall difficult connect metro bus stop
MPF00605,"During my trip, There should be more working ticket counters during rush hours.",2,Line 7,Dindoshi,2026-02-06,Tourism,Ticketing,ticket_machine,Negative,-0.55,High,General,Not Required,Hinglish,Synthetic Survey,trip working ticket counter rush hour
MPF00606,"During my trip, Better last-mile connectivity would help passengers.",3,Line 2A,Shimpoli,2026-03-17,Other,Connectivity,interchange,Neutral,0.02,Medium,Working professional,Open,Hinglish,Synthetic Complaint,trip better lastmile connectivity would help passenger
MPF00607,"In my experience, Very little waiting time today; the train arrived on schedule.",5,Line 7,Dindoshi,2026-04-10,Work,Delay,missed_connection,Positive,0.9,Low,Student,Not Required,English,Synthetic Complaint,experience little waiting time today train arrived schedule
MPF00608,"During my trip, More seating and drinking water facilities are needed.",3,Line 6,Shyam Nagar,2026-08-24,Shopping,Facilities,seating_and_water,Neutral,0.01,Medium,Tourist,Resolved,English,Synthetic Complaint,trip seating drinking water facility needed
MPF00609,"Overall, The staff member at the counter was rude and unhelpful.",1,Line 1,DN Nagar,2026-05-21,Shopping,Staff Behaviour,staff_politeness,Negative,-0.82,High,Tourist,In Review,English,Synthetic Review,overall staff member counter rude unhelpful
MPF00610,"During my trip, There should be more working ticket counters during rush hours.",2,Line 2A,Dahisar East,2026-04-30,Shopping,Ticketing,counter_queue,Negative,-0.6,High,General,Resolved,English,Synthetic Review,trip working ticket counter rush hour
MPF00611,"Today, The seating area and signage were useful.",3,Line 3,SEEPZ,2026-03-17,Work,Facilities,seating_and_water,Neutral,-0.06,Medium,Senior citizen,In Review,English,Synthetic Survey,today seating area signage useful
MPF00612,Seats and windows were clean during my journey.,4,Line 6,Kanjurmarg,2026-03-06,Daily commute,Cleanliness,station_cleanliness,Positive,0.58,Low,General,Resolved,English,Synthetic Review,seat window clean journey
MPF00613,"In my experience, The escalator was not working and needs maintenance.",2,Line 7,Dindoshi,2026-07-30,College,Maintenance,signage_and_fixtures,Negative,-0.94,High,Senior citizen,Resolved,Hinglish,Synthetic Review,experience escalator working need maintenance
MPF00614,"Overall, It was difficult to connect from the metro to the bus stop.",2,Line 1,Azad Nagar,2026-07-28,Work,Connectivity,bus_connection,Negative,-0.52,High,Tourist,Resolved,English,Synthetic Complaint,overall difficult connect metro bus stop
MPF00615,"Today, The platform was overcrowded and felt unsafe.",2,Line 7,Aarey,2026-01-03,Tourism,Safety,security_presence,Negative,-0.69,High,Student,In Review,English,Synthetic Complaint,today platform overcrowded felt unsafe
MPF00616,"Today, Please train staff to respond more politely to passengers.",3,Line 7,Goregaon East,2026-02-09,Tourism,Staff Behaviour,staff_helpfulness,Neutral,-0.04,Medium,Student,Not Required,English,Synthetic Survey,today please train staff respond politely passenger
MPF00617,"Overall, Broken fixtures and damaged signs should be repaired.",2,Line 6,Kanjurmarg,2026-04-26,Shopping,Maintenance,signage_and_fixtures,Negative,-0.91,High,Working professional,In Review,English,Synthetic Complaint,overall broken fixture damaged sign repaired
MPF00618,"In my experience, The coach was extremely crowded during peak hours.",2,Line 7,Aarey,2026-01-18,Other,Crowding,door_area_crowding,Negative,-0.93,High,General,Open,English,Synthetic Survey,experience coach extremely crowded peak hour
MPF00619,"In my experience, Security staff guided me properly when I asked for help.",3,Line 7,Dindoshi,2026-04-11,College,Staff Behaviour,staff_politeness,Neutral,-0.01,Medium,General,In Review,English,Synthetic Review,experience security staff guided properly asked help
MPF00620,Better last-mile connectivity would help passengers.,3,Line 1,DN Nagar,2026-07-29,Work,Connectivity,last_mile,Neutral,0.09,Medium,Working professional,In Review,Hinglish,Synthetic Review,better lastmile connectivity would help passenger
MPF00621,"Overall, The station infrastructure appeared well maintained.",5,Line 3,MIDC,2026-07-31,Shopping,Maintenance,equipment,Positive,0.84,Low,Senior citizen,Not Required,English,Synthetic Survey,overall station infrastructure appeared well maintained
MPF00622,"Today, The interchange process was smooth and well signposted.",5,Line 6,Jogeshwari,2026-08-04,Daily commute,Connectivity,last_mile,Positive,0.74,Low,Student,Not Required,English,Synthetic Complaint,today interchange process smooth well signposted
MPF00623,"Overall, The escalator was not working and needs maintenance.",2,Line 7,Jogeshwari East,2026-05-26,Other,Maintenance,infrastructure,Negative,-0.41,High,Tourist,Open,English,Synthetic Complaint,overall escalator working need maintenance
MPF00624,"In my experience, The staff member at the counter was rude and unhelpful.",1,Line 3,Aarey JVLR,2026-02-01,Daily commute,Staff Behaviour,staff_helpfulness,Negative,-0.55,High,Working professional,Resolved,Hinglish,Synthetic Complaint,experience staff member counter rude unhelpful
MPF00625,"Today, The interchange process was smooth and well signposted.",5,Line 1,Andheri,2026-06-22,Tourism,Connectivity,last_mile,Positive,0.65,Low,Student,Resolved,English,Synthetic Complaint,today interchange process smooth well signposted
MPF00626,"Today, Please improve passenger safety near the platform edge.",1,Line 3,Marol Naka,2026-01-18,Daily commute,Safety,platform_safety,Negative,-0.94,High,Working professional,In Review,English,Synthetic Review,today please improve passenger safety near platform edge
MPF00627,"During my trip, The lift was out of service and caused inconvenience.",2,Line 6,Jogeshwari,2026-05-17,Daily commute,Facilities,seating_and_water,Negative,-0.85,High,General,In Review,English,Synthetic Survey,trip lift service caused inconvenience
MPF00628,"During my trip, The coach was clean and well maintained.",5,Line 3,MIDC,2026-01-13,Work,Cleanliness,washroom_cleanliness,Positive,0.73,Low,Working professional,Not Required,English,Synthetic Complaint,trip coach clean well maintained
MPF00629,Good value for money compared with other transport options.,5,Line 6,Swami Samarth Nagar,2026-01-24,Shopping,Fare,fare_value,Positive,0.55,Low,Working professional,Not Required,Hinglish,Synthetic Survey,good value money compared transport option
MPF00630,Very little waiting time today; the train arrived on schedule.,5,Line 3,Aarey JVLR,2026-01-28,Daily commute,Delay,service_frequency,Positive,0.93,Low,Working professional,Not Required,English,Synthetic Complaint,little waiting time today train arrived schedule
MPF00631,"Today, The staff member at the counter was rude and unhelpful.",1,Line 7,Mogharpada,2026-04-13,Work,Staff Behaviour,security_assistance,Negative,-0.88,High,Student,Open,English,Synthetic Survey,today staff member counter rude unhelpful
MPF00632,"Overall, The ticket price feels expensive for a short journey.",1,Line 7,Aarey,2026-04-16,College,Fare,fare_complaint,Negative,-0.56,High,General,Not Required,English,Synthetic Survey,overall ticket price feel expensive short journey
MPF00633,The station floor was dirty and bins were overflowing.,3,Line 6,Vikhroli,2026-02-14,Other,Cleanliness,washroom_cleanliness,Neutral,-0.04,Medium,Tourist,Open,English,Synthetic Review,station floor dirty bin overflowing
MPF00634,"In my experience, Seats and windows were clean during my journey.",5,Line 7,Jogeshwari East,2026-06-07,Tourism,Cleanliness,coach_cleanliness,Positive,0.73,Low,Working professional,Not Required,English,Synthetic Survey,experience seat window clean journey
MPF00635,The ticket price feels expensive for a short journey.,1,Line 7,Dindoshi,2026-06-14,Shopping,Fare,fare_value,Negative,-0.87,High,Senior citizen,Resolved,English,Synthetic Survey,ticket price feel expensive short journey
MPF00636,"During my trip, The seating area and signage were useful.",4,Line 2A,Goregaon West,2026-07-12,Daily commute,Facilities,lift,Positive,0.81,Low,General,Resolved,English,Synthetic Review,trip seating area signage useful
MPF00637,"In my experience, The platform was overcrowded and felt unsafe.",1,Line 2A,Kandarpada,2026-05-14,Other,Safety,security_presence,Negative,-0.41,High,Working professional,Resolved,English,Synthetic Review,experience platform overcrowded felt unsafe
MPF00638,The train was delayed by 20 minutes and I missed my connection.,2,Line 2A,Poisar,2026-08-01,Work,Delay,late_train,Negative,-0.92,High,Working professional,Resolved,English,Synthetic Complaint,train delayed 20 minute missed connection
MPF00639,"Today, Please improve cleanliness in the washroom area.",2,Line 2A,Goregaon West,2026-03-15,Work,Cleanliness,washroom_cleanliness,Negative,-0.85,High,Working professional,Open,English,Synthetic Review,today please improve cleanliness washroom area
MPF00640,"During my trip, There should be more working ticket counters during rush hours.",2,Line 3,MIDC,2026-07-29,Shopping,Ticketing,counter_queue,Negative,-0.72,High,Tourist,Resolved,English,Synthetic Survey,trip working ticket counter rush hour
MPF00641,"In my experience, The fare is reasonable for the service provided.",5,Line 1,Azad Nagar,2026-03-14,Other,Fare,fare_complaint,Positive,0.61,Low,Working professional,Not Required,English,Synthetic Review,experience fare reasonable service provided
MPF00642,"Overall, The station has clean lifts and working escalators.",5,Line 6,Kanjurmarg,2026-08-25,Work,Facilities,escalator,Positive,0.63,Low,Student,Not Required,English,Synthetic Review,overall station clean lift working escalator
MPF00643,"In my experience, Please review the fare for frequent daily commuters.",2,Line 3,SEEPZ,2026-07-15,Daily commute,Fare,fare_complaint,Negative,-0.7,High,Student,Open,English,Synthetic Survey,experience please review fare frequent daily commuter
MPF00644,"During my trip, Better last-mile connectivity would help passengers.",2,Line 7,Goregaon East,2026-06-11,Shopping,Connectivity,last_mile,Negative,-0.56,High,Working professional,Not Required,English,Synthetic Review,trip better lastmile connectivity would help passenger
MPF00645,"Overall, There should be more working ticket counters during rush hours.",2,Line 1,DN Nagar,2026-07-02,Tourism,Ticketing,counter_queue,Negative,-0.8,High,Working professional,Not Required,English,Synthetic Complaint,overall working ticket counter rush hour
MPF00646,"Overall, The station floor was dirty and bins were overflowing.",2,Line 3,BKC,2026-03-20,College,Cleanliness,washroom_cleanliness,Negative,-0.8,High,General,Resolved,Hinglish,Synthetic Complaint,overall station floor dirty bin overflowing
MPF00647,"During my trip, Seats and windows were clean during my journey.",5,Line 3,Aarey JVLR,2026-01-25,Shopping,Cleanliness,coach_cleanliness,Positive,0.92,Low,Senior citizen,Not Required,English,Synthetic Survey,trip seat window clean journey
MPF00648,"Today, Good value for money compared with other transport options.",5,Line 3,BKC,2026-04-26,Work,Fare,frequent_commuter_cost,Positive,0.62,Low,Working professional,Resolved,English,Synthetic Survey,today good value money compared transport option
MPF00649,"Overall, The station staff were polite and helpful.",5,Line 2A,Shimpoli,2026-01-21,Shopping,Staff Behaviour,staff_helpfulness,Positive,0.65,Low,Tourist,Resolved,English,Synthetic Survey,overall station staff polite helpful
MPF00650,"During my trip, Seats and windows were clean during my journey.",4,Line 1,Azad Nagar,2026-03-10,Shopping,Cleanliness,coach_cleanliness,Positive,0.78,Low,Tourist,Not Required,English,Synthetic Survey,trip seat window clean journey
MPF00651,The station floor was dirty and bins were overflowing.,2,Line 6,Swami Samarth Nagar,2026-04-20,College,Cleanliness,station_cleanliness,Negative,-0.59,High,Tourist,In Review,English,Synthetic Complaint,station floor dirty bin overflowing
MPF00652,"Today, The platform was overcrowded and felt unsafe.",2,Line 7,Goregaon East,2026-04-13,College,Safety,general_safety,Negative,-0.58,High,Senior citizen,In Review,English,Synthetic Complaint,today platform overcrowded felt unsafe
MPF00653,"During my trip, The coach condition was good and everything looked maintained.",5,Line 2A,Dahisar East,2026-08-30,Tourism,Maintenance,equipment,Positive,0.7,Low,Tourist,Not Required,English,Synthetic Complaint,trip coach condition good everything looked maintained
MPF00654,"Today, Very little waiting time today; the train arrived on schedule.",5,Line 1,Versova,2026-06-18,Shopping,Delay,missed_connection,Positive,0.79,Low,General,Not Required,English,Synthetic Review,today little waiting time today train arrived schedule
MPF00655,"Overall, The ticket machine was not working and caused a queue.",3,Line 1,Azad Nagar,2026-03-19,Other,Ticketing,qr_scanner,Neutral,0.08,Medium,General,Resolved,English,Synthetic Survey,overall ticket machine working caused queue
MPF00656,"Today, Crowding near the doors made boarding difficult.",3,Line 6,Vikhroli,2026-04-22,Work,Crowding,platform_crowding,Neutral,-0.05,Medium,Working professional,Not Required,English,Synthetic Survey,today crowding near door made boarding difficult
MPF00657,"Overall, Please improve passenger safety near the platform edge.",2,Line 1,DN Nagar,2026-03-27,Other,Safety,platform_safety,Negative,-0.55,High,Student,Open,English,Synthetic Complaint,overall please improve passenger safety near platform edge
MPF00658,"Today, Seats and windows were clean during my journey.",5,Line 6,Kanjurmarg,2026-01-29,Shopping,Cleanliness,coach_cleanliness,Positive,0.94,Low,Working professional,Not Required,English,Synthetic Survey,today seat window clean journey
MPF00659,"During my trip, The station staff were polite and helpful.",5,Line 7,Mogharpada,2026-05-18,Shopping,Staff Behaviour,staff_politeness,Positive,0.89,Low,General,Not Required,English,Synthetic Complaint,trip station staff polite helpful
MPF00660,"Overall, Security presence at the station was reassuring.",5,Line 3,Marol Naka,2026-03-22,Tourism,Safety,platform_safety,Positive,0.82,Low,Working professional,Resolved,English,Synthetic Review,overall security presence station reassuring
MPF00661,"In my experience, More seating and drinking water facilities are needed.",3,Line 7,Dindoshi,2026-06-26,Other,Facilities,lift,Neutral,-0.07,Medium,Student,In Review,English,Synthetic Complaint,experience seating drinking water facility needed
MPF00662,"During my trip, The lift was out of service and caused inconvenience.",2,Line 7,Mogharpada,2026-08-28,College,Facilities,lift,Negative,-0.91,High,Working professional,Open,Hinglish,Synthetic Complaint,trip lift service caused inconvenience
MPF00663,"Overall, More seating and drinking water facilities are needed.",2,Line 1,DN Nagar,2026-04-11,College,Facilities,lift,Negative,-0.62,High,Tourist,In Review,English,Synthetic Review,overall seating drinking water facility needed
MPF00664,"In my experience, The ticket machine was not working and caused a queue.",2,Line 6,Shyam Nagar,2026-03-19,College,Ticketing,counter_queue,Negative,-0.89,High,General,Not Required,Hinglish,Synthetic Complaint,experience ticket machine working caused queue
MPF00665,"Today, Crowding near the doors made boarding difficult.",2,Line 2A,Goregaon West,2026-06-16,Work,Crowding,peak_hour_crowding,Negative,-0.41,High,Working professional,Open,English,Synthetic Complaint,today crowding near door made boarding difficult
MPF00666,"Today, The station floor was dirty and bins were overflowing.",2,Line 7,Mogharpada,2026-01-31,Daily commute,Cleanliness,washroom_cleanliness,Negative,-0.39,High,Senior citizen,Open,Hinglish,Synthetic Survey,today station floor dirty bin overflowing
MPF00667,"Today, The ticket price feels expensive for a short journey.",2,Line 7,Mogharpada,2026-07-10,Work,Fare,fare_complaint,Negative,-0.93,High,Tourist,Open,English,Synthetic Complaint,today ticket price feel expensive short journey
MPF00668,"Today, Good value for money compared with other transport options.",5,Line 1,Azad Nagar,2026-05-27,Daily commute,Fare,frequent_commuter_cost,Positive,0.55,Low,Student,Not Required,English,Synthetic Complaint,today good value money compared transport option
MPF00669,"Today, The station floor was dirty and bins were overflowing.",2,Line 3,SEEPZ,2026-07-28,Work,Cleanliness,washroom_cleanliness,Negative,-0.77,High,Student,Open,English,Synthetic Review,today station floor dirty bin overflowing
MPF00670,"In my experience, Better last-mile connectivity would help passengers.",4,Line 1,Azad Nagar,2026-02-16,Other,Connectivity,last_mile,Positive,0.77,Low,Student,Resolved,English,Synthetic Survey,experience better lastmile connectivity would help passenger
MPF00671,Better last-mile connectivity would help passengers.,2,Line 2A,Dahisar East,2026-01-22,Work,Connectivity,interchange,Negative,-0.87,High,Working professional,In Review,English,Synthetic Survey,better lastmile connectivity would help passenger
MPF00672,The platform was overcrowded and felt unsafe.,2,Line 6,Shyam Nagar,2026-05-06,Tourism,Safety,general_safety,Negative,-0.77,High,Senior citizen,Open,English,Synthetic Complaint,platform overcrowded felt unsafe
MPF00673,The platform was overcrowded and felt unsafe.,1,Line 7,Mogharpada,2026-05-22,Work,Safety,platform_safety,Negative,-0.81,High,Working professional,Open,English,Synthetic Complaint,platform overcrowded felt unsafe
MPF00674,"In my experience, The ticket machine was not working and caused a queue.",2,Line 6,Shyam Nagar,2026-04-27,College,Ticketing,ticket_machine,Negative,-0.91,High,Senior citizen,Open,English,Synthetic Review,experience ticket machine working caused queue
MPF00675,"During my trip, Too many passengers were packed into the train today.",2,Line 7,Jogeshwari East,2026-03-22,Tourism,Crowding,door_area_crowding,Negative,-0.52,High,General,Resolved,English,Synthetic Survey,trip many passenger packed train today
MPF00676,"During my trip, The escalator was not working and needs maintenance.",1,Line 3,Aarey JVLR,2026-01-23,Other,Maintenance,equipment,Negative,-0.63,High,General,In Review,English,Synthetic Complaint,trip escalator working need maintenance
MPF00677,Too many passengers were packed into the train today.,1,Line 7,Goregaon East,2026-05-15,Work,Crowding,platform_crowding,Negative,-0.72,High,Tourist,Not Required,Hinglish,Synthetic Survey,many passenger packed train today
MPF00678,"During my trip, The station has clean lifts and working escalators.",5,Line 7,Mogharpada,2026-08-31,Tourism,Facilities,escalator,Positive,0.9,Low,Senior citizen,Not Required,English,Synthetic Review,trip station clean lift working escalator
MPF00679,"In my experience, Better last-mile connectivity would help passengers.",3,Line 2A,Kandarpada,2026-04-07,Other,Connectivity,last_mile,Neutral,-0.05,Medium,General,Open,English,Synthetic Survey,experience better lastmile connectivity would help passenger
MPF00680,"In my experience, The platform was overcrowded and felt unsafe.",2,Line 7,Aarey,2026-03-12,Work,Safety,security_presence,Negative,-0.53,High,Tourist,Resolved,Hinglish,Synthetic Review,experience platform overcrowded felt unsafe
MPF00681,"Today, Buying the ticket was quick and easy.",5,Line 6,Jogeshwari,2026-05-28,Other,Ticketing,ticket_machine,Positive,0.89,Low,Student,Not Required,English,Synthetic Survey,today buying ticket quick easy
MPF00682,"Today, Better last-mile connectivity would help passengers.",4,Line 1,Versova,2026-06-07,Work,Connectivity,interchange,Positive,0.92,Low,Tourist,Not Required,English,Synthetic Survey,today better lastmile connectivity would help passenger
MPF00683,"In my experience, The interchange process was smooth and well signposted.",5,Line 1,Azad Nagar,2026-04-04,Shopping,Connectivity,interchange,Positive,0.57,Low,Working professional,Not Required,English,Synthetic Survey,experience interchange process smooth well signposted
MPF00684,"Today, Frequent delays on this route are becoming difficult for daily commuters.",2,Line 6,Shyam Nagar,2026-03-16,Daily commute,Delay,service_frequency,Negative,-0.73,High,Senior citizen,Resolved,Hinglish,Synthetic Survey,today frequent delay route becoming difficult daily commuter
MPF00685,"In my experience, The ticket machine was not working and caused a queue.",2,Line 3,SEEPZ,2026-08-17,College,Ticketing,qr_scanner,Negative,-0.82,High,General,Not Required,Hinglish,Synthetic Review,experience ticket machine working caused queue
MPF00686,"Today, I felt safe throughout the journey and at the station.",5,Line 3,Aarey JVLR,2026-01-03,Daily commute,Safety,platform_safety,Positive,0.67,Low,Student,Not Required,English,Synthetic Review,today felt safe throughout journey station
MPF00687,"In my experience, The station staff were polite and helpful.",5,Line 3,Marol Naka,2026-04-12,Shopping,Staff Behaviour,staff_helpfulness,Positive,0.71,Low,Student,Not Required,English,Synthetic Review,experience station staff polite helpful
MPF00688,"During my trip, The ticket price feels expensive for a short journey.",1,Line 7,Goregaon East,2026-04-22,Other,Fare,fare_value,Negative,-0.36,High,Tourist,In Review,English,Synthetic Complaint,trip ticket price feel expensive short journey
MPF00689,The station floor was dirty and bins were overflowing.,2,Line 7,Dindoshi,2026-02-20,Other,Cleanliness,station_cleanliness,Negative,-0.71,High,Senior citizen,Open,Hinglish,Synthetic Complaint,station floor dirty bin overflowing
MPF00690,"Today, Please review the fare for frequent daily commuters.",3,Line 7,Aarey,2026-01-29,Shopping,Fare,fare_value,Neutral,-0.04,Medium,General,Resolved,English,Synthetic Survey,today please review fare frequent daily commuter
MPF00691,The train had comfortable space and was not crowded.,5,Line 1,DN Nagar,2026-03-16,College,Crowding,door_area_crowding,Positive,0.57,Low,Tourist,Not Required,Hinglish,Synthetic Review,train comfortable space crowded
MPF00692,"Overall, The ticket price feels expensive for a short journey.",3,Line 3,Aarey JVLR,2026-07-30,College,Fare,fare_complaint,Neutral,-0.06,Medium,Student,Open,Hinglish,Synthetic Complaint,overall ticket price feel expensive short journey
MPF00693,"In my experience, The station floor was dirty and bins were overflowing.",2,Line 2A,Poisar,2026-04-20,Work,Cleanliness,coach_cleanliness,Negative,-0.81,High,Tourist,Open,English,Synthetic Survey,experience station floor dirty bin overflowing
MPF00694,"Today, The coach was clean and well maintained.",5,Line 6,Jogeshwari,2026-05-11,Other,Cleanliness,station_cleanliness,Positive,0.67,Low,Working professional,Not Required,English,Synthetic Survey,today coach clean well maintained
MPF00695,"During my trip, Seats and windows were clean during my journey.",5,Line 1,Versova,2026-01-14,Work,Cleanliness,washroom_cleanliness,Positive,0.83,Low,Senior citizen,Not Required,Hinglish,Synthetic Survey,trip seat window clean journey
MPF00696,"In my experience, There should be more working ticket counters during rush hours.",1,Line 7,Dindoshi,2026-01-25,College,Ticketing,qr_scanner,Negative,-0.69,High,Tourist,In Review,English,Synthetic Survey,experience working ticket counter rush hour
MPF00697,"During my trip, The train had comfortable space and was not crowded.",5,Line 1,Ghatkopar,2026-01-23,College,Crowding,peak_hour_crowding,Positive,0.76,Low,Working professional,Resolved,English,Synthetic Review,trip train comfortable space crowded
MPF00698,"Overall, The coach was clean and well maintained.",5,Line 2A,Goregaon West,2026-05-02,Daily commute,Cleanliness,coach_cleanliness,Positive,0.83,Low,Student,Not Required,Hinglish,Synthetic Complaint,overall coach clean well maintained
MPF00699,"Today, Train service was running late today. Please improve punctuality.",3,Line 6,Jogeshwari,2026-07-03,Tourism,Delay,late_train,Neutral,0.04,Medium,Senior citizen,Resolved,Hinglish,Synthetic Complaint,today train service running late today please improve punctuality
MPF00700,"In my experience, More seating and drinking water facilities are needed.",2,Line 3,Aarey JVLR,2026-02-18,College,Facilities,seating_and_water,Negative,-0.85,High,Working professional,Not Required,English,Synthetic Complaint,experience seating drinking water facility needed
MPF00701,"Today, The metro connection to other transport was convenient.",5,Line 3,Marol Naka,2026-02-10,Shopping,Connectivity,last_mile,Positive,0.7,Low,Tourist,Not Required,English,Synthetic Survey,today metro connection transport convenient
MPF00702,"In my experience, Frequent delays on this route are becoming difficult for daily commuters.",2,Line 2A,Goregaon West,2026-01-12,Work,Delay,missed_connection,Negative,-0.77,High,Senior citizen,Open,English,Synthetic Survey,experience frequent delay route becoming difficult daily commuter
MPF00703,"Overall, Train service was running late today. Please improve punctuality.",2,Line 2A,Kandarpada,2026-01-01,Daily commute,Delay,missed_connection,Negative,-0.43,High,Working professional,Resolved,Hinglish,Synthetic Survey,overall train service running late today please improve punctuality
MPF00704,"In my experience, Security presence at the station was reassuring.",5,Line 7,Mogharpada,2026-07-30,Shopping,Safety,security_presence,Positive,0.84,Low,General,Resolved,English,Synthetic Survey,experience security presence station reassuring
MPF00705,"In my experience, The train had comfortable space and was not crowded.",5,Line 2A,Kandarpada,2026-06-04,Other,Crowding,platform_crowding,Positive,0.59,Low,Tourist,Resolved,Hinglish,Synthetic Complaint,experience train comfortable space crowded
MPF00706,"Overall, Security staff guided me properly when I asked for help.",5,Line 2A,Poisar,2026-08-19,Shopping,Staff Behaviour,staff_helpfulness,Positive,0.8,Low,Working professional,Not Required,English,Synthetic Survey,overall security staff guided properly asked help
MPF00707,"Overall, Crowding near the doors made boarding difficult.",2,Line 1,Azad Nagar,2026-02-11,Other,Crowding,peak_hour_crowding,Negative,-0.61,High,Working professional,Not Required,English,Synthetic Review,overall crowding near door made boarding difficult
MPF00708,The station staff were polite and helpful.,5,Line 3,BKC,2026-06-04,Other,Staff Behaviour,staff_politeness,Positive,0.65,Low,Tourist,Resolved,English,Synthetic Survey,station staff polite helpful
MPF00709,The train was delayed by 5 minutes and I missed my connection.,2,Line 3,Marol Naka,2026-05-19,Daily commute,Delay,missed_connection,Negative,-0.8,High,Senior citizen,Open,English,Synthetic Survey,train delayed 5 minute missed connection
MPF00710,"In my experience, The staff member at the counter was rude and unhelpful.",1,Line 7,Aarey,2026-05-20,College,Staff Behaviour,security_assistance,Negative,-0.46,High,Senior citizen,Open,English,Synthetic Survey,experience staff member counter rude unhelpful
MPF00711,The coach was clean and well maintained.,5,Line 7,Mogharpada,2026-04-20,Tourism,Cleanliness,station_cleanliness,Positive,0.67,Low,Tourist,Not Required,English,Synthetic Survey,coach clean well maintained
MPF00712,"Today, The ticket machine was not working and caused a queue.",1,Line 2A,Kandarpada,2026-01-20,Daily commute,Ticketing,qr_scanner,Negative,-0.65,High,Working professional,In Review,English,Synthetic Review,today ticket machine working caused queue
MPF00713,"In my experience, I felt safe throughout the journey and at the station.",5,Line 7,Aarey,2026-06-25,Tourism,Safety,security_presence,Positive,0.62,Low,Senior citizen,Not Required,English,Synthetic Complaint,experience felt safe throughout journey station
MPF00714,"Today, I felt safe throughout the journey and at the station.",5,Line 6,Shyam Nagar,2026-03-23,Other,Safety,platform_safety,Positive,0.92,Low,Student,Resolved,English,Synthetic Survey,today felt safe throughout journey station
MPF00715,"In my experience, The station has clean lifts and working escalators.",5,Line 3,Marol Naka,2026-04-01,College,Facilities,escalator,Positive,0.93,Low,Working professional,Not Required,English,Synthetic Review,experience station clean lift working escalator
MPF00716,"During my trip, More seating and drinking water facilities are needed.",3,Line 3,Marol Naka,2026-05-17,Other,Facilities,escalator,Neutral,0.06,Medium,Working professional,Resolved,English,Synthetic Complaint,trip seating drinking water facility needed
MPF00717,"In my experience, Please train staff to respond more politely to passengers.",2,Line 6,Kanjurmarg,2026-01-01,Other,Staff Behaviour,staff_politeness,Negative,-0.63,High,Working professional,Open,English,Synthetic Review,experience please train staff respond politely passenger
MPF00718,Better last-mile connectivity would help passengers.,2,Line 1,Versova,2026-08-27,College,Connectivity,bus_connection,Negative,-0.4,High,Working professional,Open,English,Synthetic Complaint,better lastmile connectivity would help passenger
MPF00719,"Overall, The station staff were polite and helpful.",4,Line 2A,Shimpoli,2026-04-06,Other,Staff Behaviour,staff_politeness,Positive,0.93,Low,Working professional,Resolved,English,Synthetic Review,overall station staff polite helpful
MPF00720,"Overall, Please improve cleanliness in the washroom area.",1,Line 1,Ghatkopar,2026-08-01,Work,Cleanliness,station_cleanliness,Negative,-0.86,High,Student,Not Required,English,Synthetic Complaint,overall please improve cleanliness washroom area
MPF00721,"In my experience, The lift was out of service and caused inconvenience.",2,Line 2A,Shimpoli,2026-01-29,Other,Facilities,lift,Negative,-0.67,High,Senior citizen,Not Required,English,Synthetic Review,experience lift service caused inconvenience
MPF00722,"Overall, The escalator was not working and needs maintenance.",1,Line 1,Andheri,2026-05-09,Shopping,Maintenance,equipment,Negative,-0.71,High,Tourist,In Review,English,Synthetic Complaint,overall escalator working need maintenance
MPF00723,"In my experience, The train had comfortable space and was not crowded.",5,Line 2A,Poisar,2026-02-17,Work,Crowding,platform_crowding,Positive,0.94,Low,Working professional,Not Required,English,Synthetic Review,experience train comfortable space crowded
MPF00724,"During my trip, Please improve cleanliness in the washroom area.",2,Line 6,Kanjurmarg,2026-03-11,Work,Cleanliness,coach_cleanliness,Negative,-0.45,High,Student,Resolved,English,Synthetic Survey,trip please improve cleanliness washroom area
MPF00725,"Overall, Security presence at the station was reassuring.",5,Line 1,Andheri,2026-05-22,Daily commute,Safety,platform_safety,Positive,0.62,Low,Student,Not Required,English,Synthetic Survey,overall security presence station reassuring
MPF00726,"In my experience, Buying the ticket was quick and easy.",4,Line 1,DN Nagar,2026-04-02,Shopping,Ticketing,counter_queue,Positive,0.78,Low,Student,Not Required,English,Synthetic Survey,experience buying ticket quick easy
MPF00727,"During my trip, Security staff guided me properly when I asked for help.",4,Line 3,BKC,2026-01-07,Daily commute,Staff Behaviour,security_assistance,Positive,0.83,Low,Senior citizen,Resolved,English,Synthetic Survey,trip security staff guided properly asked help
MPF00728,"Overall, The coach condition was good and everything looked maintained.",5,Line 3,Marol Naka,2026-06-17,Daily commute,Maintenance,infrastructure,Positive,0.82,Low,Student,Not Required,Hinglish,Synthetic Complaint,overall coach condition good everything looked maintained
MPF00729,"Overall, The interchange process was smooth and well signposted.",5,Line 2A,Goregaon West,2026-06-06,Tourism,Connectivity,last_mile,Positive,0.67,Low,Tourist,Not Required,English,Synthetic Survey,overall interchange process smooth well signposted
MPF00730,Broken fixtures and damaged signs should be repaired.,2,Line 1,DN Nagar,2026-01-25,College,Maintenance,equipment,Negative,-0.49,High,General,Not Required,Hinglish,Synthetic Review,broken fixture damaged sign repaired
MPF00731,"During my trip, The ticket machine was not working and caused a queue.",3,Line 7,Dindoshi,2026-05-02,Daily commute,Ticketing,counter_queue,Neutral,-0.03,Medium,Student,Resolved,English,Synthetic Review,trip ticket machine working caused queue
MPF00732,"During my trip, Please improve cleanliness in the washroom area.",2,Line 3,MIDC,2026-01-22,Tourism,Cleanliness,washroom_cleanliness,Negative,-0.71,High,Working professional,In Review,English,Synthetic Review,trip please improve cleanliness washroom area
MPF00733,The seating area and signage were useful.,5,Line 3,BKC,2026-03-16,Daily commute,Facilities,escalator,Positive,0.94,Low,Working professional,Not Required,English,Synthetic Survey,seating area signage useful
MPF00734,"Today, The fare is reasonable for the service provided.",4,Line 2A,Goregaon West,2026-02-16,College,Fare,frequent_commuter_cost,Positive,0.82,Low,Tourist,Not Required,English,Synthetic Survey,today fare reasonable service provided
MPF00735,"During my trip, The ticket price feels expensive for a short journey.",1,Line 1,Azad Nagar,2026-03-13,Tourism,Fare,fare_complaint,Negative,-0.76,High,Tourist,Resolved,English,Synthetic Survey,trip ticket price feel expensive short journey
MPF00736,"Overall, Crowding near the doors made boarding difficult.",2,Line 1,Ghatkopar,2026-05-02,Tourism,Crowding,peak_hour_crowding,Negative,-0.61,High,Tourist,In Review,English,Synthetic Review,overall crowding near door made boarding difficult
MPF00737,"During my trip, Frequent delays on this route are becoming difficult for daily commuters.",2,Line 1,DN Nagar,2026-08-12,Daily commute,Delay,service_frequency,Negative,-0.9,High,Senior citizen,Resolved,English,Synthetic Review,trip frequent delay route becoming difficult daily commuter
MPF00738,The ticket machine was not working and caused a queue.,2,Line 6,Jogeshwari,2026-05-02,College,Ticketing,qr_scanner,Negative,-0.74,High,Working professional,Resolved,English,Synthetic Review,ticket machine working caused queue
MPF00739,"In my experience, Please improve passenger safety near the platform edge.",3,Line 2A,Poisar,2026-07-30,Other,Safety,general_safety,Neutral,-0.06,Medium,General,In Review,English,Synthetic Complaint,experience please improve passenger safety near platform edge
MPF00740,"Today, Crowding near the doors made boarding difficult.",2,Line 7,Aarey,2026-08-30,Other,Crowding,peak_hour_crowding,Negative,-0.88,High,Tourist,Not Required,English,Synthetic Review,today crowding near door made boarding difficult
MPF00741,"Overall, The coach was clean and well maintained.",5,Line 3,BKC,2026-06-23,Work,Cleanliness,washroom_cleanliness,Positive,0.83,Low,General,Not Required,English,Synthetic Survey,overall coach clean well maintained
MPF00742,"During my trip, I felt safe throughout the journey and at the station.",5,Line 1,Versova,2026-04-01,Daily commute,Safety,security_presence,Positive,0.88,Low,Tourist,Not Required,English,Synthetic Review,trip felt safe throughout journey station
MPF00743,"Overall, The interchange process was smooth and well signposted.",5,Line 6,Vikhroli,2026-08-05,Work,Connectivity,last_mile,Positive,0.72,Low,General,Not Required,English,Synthetic Review,overall interchange process smooth well signposted
MPF00744,The coach condition was good and everything looked maintained.,4,Line 3,SEEPZ,2026-05-09,Tourism,Maintenance,signage_and_fixtures,Positive,0.81,Low,Tourist,Resolved,English,Synthetic Review,coach condition good everything looked maintained
MPF00745,"Today, The ticket price feels expensive for a short journey.",3,Line 1,Versova,2026-04-16,Work,Fare,frequent_commuter_cost,Neutral,-0.02,Medium,Tourist,In Review,Hinglish,Synthetic Review,today ticket price feel expensive short journey
MPF00746,"During my trip, The platform was overcrowded and felt unsafe.",2,Line 3,Aarey JVLR,2026-01-02,College,Safety,security_presence,Negative,-0.42,High,Senior citizen,Resolved,Hinglish,Synthetic Survey,trip platform overcrowded felt unsafe
MPF00747,"In my experience, Train service was running late today. Please improve punctuality.",3,Line 1,Andheri,2026-04-11,Work,Delay,late_train,Neutral,-0.04,Medium,General,Open,Hinglish,Synthetic Complaint,experience train service running late today please improve punctuality
MPF00748,"Today, Frequent delays on this route are becoming difficult for daily commuters.",2,Line 6,Vikhroli,2026-07-25,College,Delay,late_train,Negative,-0.71,High,General,Open,English,Synthetic Complaint,today frequent delay route becoming difficult daily commuter
MPF00749,"During my trip, Broken fixtures and damaged signs should be repaired.",3,Line 6,Swami Samarth Nagar,2026-01-03,College,Maintenance,signage_and_fixtures,Neutral,-0.07,Medium,Working professional,Not Required,English,Synthetic Review,trip broken fixture damaged sign repaired
MPF00750,"Today, The train was delayed by 25 minutes and I missed my connection.",1,Line 6,Jogeshwari,2026-06-17,Work,Delay,late_train,Negative,-0.5,High,Tourist,Open,English,Synthetic Survey,today train delayed 25 minute missed connection
MPF00751,"Today, It was difficult to connect from the metro to the bus stop.",2,Line 7,Dindoshi,2026-05-29,College,Connectivity,interchange,Negative,-0.55,High,Student,Not Required,Hinglish,Synthetic Complaint,today difficult connect metro bus stop
MPF00752,"Overall, The coach condition was good and everything looked maintained.",5,Line 1,Azad Nagar,2026-01-26,Work,Maintenance,equipment,Positive,0.65,Low,Student,Not Required,English,Synthetic Review,overall coach condition good everything looked maintained
MPF00753,Please improve cleanliness in the washroom area.,2,Line 1,Azad Nagar,2026-02-16,Shopping,Cleanliness,station_cleanliness,Negative,-0.54,High,Senior citizen,Resolved,English,Synthetic Survey,please improve cleanliness washroom area
MPF00754,"During my trip, The coach condition was good and everything looked maintained.",5,Line 1,DN Nagar,2026-03-07,Tourism,Maintenance,infrastructure,Positive,0.74,Low,General,Resolved,English,Synthetic Complaint,trip coach condition good everything looked maintained
MPF00755,"In my experience, The train was delayed by 25 minutes and I missed my connection.",2,Line 2A,Goregaon West,2026-02-26,College,Delay,late_train,Negative,-0.82,High,Student,In Review,Hinglish,Synthetic Survey,experience train delayed 25 minute missed connection
MPF00756,There should be more working ticket counters during rush hours.,2,Line 2A,Kandarpada,2026-05-12,Other,Ticketing,counter_queue,Negative,-0.53,High,Senior citizen,Resolved,English,Synthetic Review,working ticket counter rush hour
MPF00757,"During my trip, Too many passengers were packed into the train today.",2,Line 2A,Kandarpada,2026-05-05,Tourism,Crowding,door_area_crowding,Negative,-0.89,High,Senior citizen,Open,English,Synthetic Complaint,trip many passenger packed train today
MPF00758,"In my experience, The station infrastructure appeared well maintained.",3,Line 3,Marol Naka,2026-07-29,Shopping,Maintenance,infrastructure,Neutral,0.02,Medium,Working professional,In Review,English,Synthetic Complaint,experience station infrastructure appeared well maintained
MPF00759,"Today, Very little waiting time today; the train arrived on schedule.",5,Line 3,MIDC,2026-07-27,Other,Delay,service_frequency,Positive,0.79,Low,General,Not Required,English,Synthetic Survey,today little waiting time today train arrived schedule
MPF00760,"Overall, The platform was overcrowded and felt unsafe.",2,Line 3,MIDC,2026-02-24,College,Safety,security_presence,Negative,-0.73,High,Student,Resolved,English,Synthetic Review,overall platform overcrowded felt unsafe
MPF00761,"During my trip, The station staff were polite and helpful.",5,Line 6,Shyam Nagar,2026-04-18,Work,Staff Behaviour,security_assistance,Positive,0.63,Low,Student,Resolved,English,Synthetic Complaint,trip station staff polite helpful
MPF00762,The platform was overcrowded and felt unsafe.,2,Line 3,SEEPZ,2026-03-25,College,Safety,general_safety,Negative,-0.65,High,Tourist,Open,English,Synthetic Complaint,platform overcrowded felt unsafe
MPF00763,The coach condition was good and everything looked maintained.,5,Line 3,MIDC,2026-08-24,Shopping,Maintenance,signage_and_fixtures,Positive,0.95,Low,Senior citizen,Not Required,English,Synthetic Complaint,coach condition good everything looked maintained
MPF00764,The train was delayed by 20 minutes and I missed my connection.,2,Line 1,Versova,2026-07-18,College,Delay,service_frequency,Negative,-0.52,High,Senior citizen,Open,English,Synthetic Complaint,train delayed 20 minute missed connection
MPF00765,"Today, Frequent delays on this route are becoming difficult for daily commuters.",2,Line 3,BKC,2026-01-13,Daily commute,Delay,late_train,Negative,-0.44,High,Senior citizen,Open,Hinglish,Synthetic Survey,today frequent delay route becoming difficult daily commuter
MPF00766,"Overall, Please improve passenger safety near the platform edge.",1,Line 2A,Dahisar East,2026-01-29,College,Safety,platform_safety,Negative,-0.84,High,General,In Review,Hinglish,Synthetic Survey,overall please improve passenger safety near platform edge
MPF00767,"In my experience, The QR ticket scanner worked smoothly.",5,Line 7,Aarey,2026-08-09,Work,Ticketing,ticket_machine,Positive,0.66,Low,Working professional,Not Required,English,Synthetic Review,experience qr ticket scanner worked smoothly
MPF00768,"In my experience, The station has clean lifts and working escalators.",5,Line 6,Vikhroli,2026-02-27,Other,Facilities,lift,Positive,0.78,Low,Tourist,Resolved,Hinglish,Synthetic Review,experience station clean lift working escalator
MPF00769,"Overall, Seats and windows were clean during my journey.",5,Line 7,Goregaon East,2026-04-30,Daily commute,Cleanliness,station_cleanliness,Positive,0.83,Low,Tourist,Resolved,English,Synthetic Survey,overall seat window clean journey
MPF00770,"In my experience, Seats and windows were clean during my journey.",5,Line 2A,Poisar,2026-08-23,College,Cleanliness,coach_cleanliness,Positive,0.76,Low,Senior citizen,Resolved,English,Synthetic Survey,experience seat window clean journey
MPF00771,"In my experience, Please review the fare for frequent daily commuters.",3,Line 2A,Kandarpada,2026-03-20,Work,Fare,frequent_commuter_cost,Neutral,0.06,Medium,Student,Open,English,Synthetic Complaint,experience please review fare frequent daily commuter
MPF00772,The station has clean lifts and working escalators.,5,Line 1,DN Nagar,2026-04-26,Shopping,Facilities,escalator,Positive,0.56,Low,Working professional,Resolved,English,Synthetic Complaint,station clean lift working escalator
MPF00773,"Today, The metro connection to other transport was convenient.",5,Line 7,Aarey,2026-04-05,Tourism,Connectivity,interchange,Positive,0.61,Low,Tourist,Not Required,English,Synthetic Review,today metro connection transport convenient
MPF00774,"Overall, The ticket price feels expensive for a short journey.",2,Line 1,Azad Nagar,2026-06-24,College,Fare,fare_value,Negative,-0.84,High,General,Resolved,English,Synthetic Survey,overall ticket price feel expensive short journey
MPF00775,The station staff were polite and helpful.,5,Line 2A,Dahisar East,2026-07-03,Daily commute,Staff Behaviour,staff_helpfulness,Positive,0.66,Low,General,Resolved,English,Synthetic Complaint,station staff polite helpful
MPF00776,"During my trip, The station floor was dirty and bins were overflowing.",2,Line 3,Marol Naka,2026-01-01,Work,Cleanliness,coach_cleanliness,Negative,-0.83,High,Senior citizen,In Review,English,Synthetic Complaint,trip station floor dirty bin overflowing
MPF00777,"During my trip, Broken fixtures and damaged signs should be repaired.",2,Line 2A,Goregaon West,2026-02-06,Other,Maintenance,infrastructure,Negative,-0.85,High,Student,In Review,English,Synthetic Review,trip broken fixture damaged sign repaired
MPF00778,"During my trip, I felt safe throughout the journey and at the station.",4,Line 3,Marol Naka,2026-05-06,Daily commute,Safety,platform_safety,Positive,0.62,Low,General,Resolved,English,Synthetic Survey,trip felt safe throughout journey station
MPF00779,"During my trip, The train was delayed by 25 minutes and I missed my connection.",2,Line 3,Aarey JVLR,2026-03-27,Work,Delay,service_frequency,Negative,-0.63,High,Working professional,In Review,English,Synthetic Complaint,trip train delayed 25 minute missed connection
MPF00780,"Today, The interchange process was smooth and well signposted.",5,Line 3,SEEPZ,2026-08-08,Daily commute,Connectivity,last_mile,Positive,0.7,Low,Senior citizen,Resolved,English,Synthetic Complaint,today interchange process smooth well signposted
MPF00781,"Today, Buying the ticket was quick and easy.",5,Line 3,Aarey JVLR,2026-06-28,Work,Ticketing,counter_queue,Positive,0.81,Low,Senior citizen,Resolved,English,Synthetic Complaint,today buying ticket quick easy
MPF00782,The station floor was dirty and bins were overflowing.,2,Line 7,Dindoshi,2026-02-14,Other,Cleanliness,station_cleanliness,Negative,-0.42,High,General,Resolved,Hinglish,Synthetic Complaint,station floor dirty bin overflowing
MPF00783,"During my trip, Please review the fare for frequent daily commuters.",3,Line 7,Goregaon East,2026-07-23,Tourism,Fare,fare_complaint,Neutral,-0.09,Medium,Senior citizen,Not Required,Hinglish,Synthetic Review,trip please review fare frequent daily commuter
MPF00784,"Today, Buying the ticket was quick and easy.",5,Line 6,Shyam Nagar,2026-03-15,Work,Ticketing,ticket_machine,Positive,0.74,Low,General,Not Required,Hinglish,Synthetic Review,today buying ticket quick easy
MPF00785,"During my trip, The station has clean lifts and working escalators.",5,Line 7,Aarey,2026-01-13,Shopping,Facilities,escalator,Positive,0.6,Low,Senior citizen,Resolved,English,Synthetic Survey,trip station clean lift working escalator
MPF00786,"During my trip, The ticket machine was not working and caused a queue.",2,Line 2A,Kandarpada,2026-02-26,Work,Ticketing,ticket_machine,Negative,-0.35,High,Tourist,Not Required,English,Synthetic Review,trip ticket machine working caused queue
MPF00787,"Today, Please train staff to respond more politely to passengers.",1,Line 3,SEEPZ,2026-08-13,College,Staff Behaviour,staff_helpfulness,Negative,-0.41,High,General,Resolved,English,Synthetic Complaint,today please train staff respond politely passenger
MPF00788,"Today, Security staff guided me properly when I asked for help.",5,Line 6,Jogeshwari,2026-04-07,College,Staff Behaviour,staff_helpfulness,Positive,0.63,Low,Student,Resolved,English,Synthetic Survey,today security staff guided properly asked help
MPF00789,"During my trip, Better last-mile connectivity would help passengers.",4,Line 1,DN Nagar,2026-04-16,Other,Connectivity,bus_connection,Positive,0.92,Low,Senior citizen,Not Required,English,Synthetic Review,trip better lastmile connectivity would help passenger
MPF00790,"Overall, Frequent delays on this route are becoming difficult for daily commuters.",3,Line 1,Ghatkopar,2026-05-20,Work,Delay,missed_connection,Neutral,0.08,Medium,General,Open,English,Synthetic Complaint,overall frequent delay route becoming difficult daily commuter
MPF00791,The ticket price feels expensive for a short journey.,2,Line 7,Aarey,2026-03-11,Tourism,Fare,frequent_commuter_cost,Negative,-0.47,High,Tourist,Not Required,Hinglish,Synthetic Survey,ticket price feel expensive short journey
MPF00792,"In my experience, The coach condition was good and everything looked maintained.",5,Line 1,Versova,2026-05-13,Daily commute,Maintenance,infrastructure,Positive,0.83,Low,Student,Resolved,English,Synthetic Survey,experience coach condition good everything looked maintained
MPF00793,"Overall, Too many passengers were packed into the train today.",2,Line 6,Vikhroli,2026-01-18,Other,Crowding,peak_hour_crowding,Negative,-0.57,High,Student,Open,English,Synthetic Survey,overall many passenger packed train today
MPF00794,"Overall, The coach was clean and well maintained.",4,Line 2A,Goregaon West,2026-05-04,Tourism,Cleanliness,coach_cleanliness,Positive,0.74,Low,Tourist,Not Required,English,Synthetic Review,overall coach clean well maintained
MPF00795,"In my experience, There should be more working ticket counters during rush hours.",1,Line 2A,Goregaon West,2026-05-11,Other,Ticketing,qr_scanner,Negative,-0.69,High,Student,Open,English,Synthetic Survey,experience working ticket counter rush hour
MPF00796,"During my trip, More seating and drinking water facilities are needed.",2,Line 6,Jogeshwari,2026-06-28,Shopping,Facilities,lift,Negative,-0.37,High,Senior citizen,Resolved,English,Synthetic Review,trip seating drinking water facility needed
MPF00797,"During my trip, The ticket price feels expensive for a short journey.",2,Line 3,Marol Naka,2026-06-16,Shopping,Fare,frequent_commuter_cost,Negative,-0.88,High,Student,Not Required,English,Synthetic Complaint,trip ticket price feel expensive short journey
MPF00798,"Today, Very little waiting time today; the train arrived on schedule.",5,Line 6,Vikhroli,2026-05-15,Work,Delay,service_frequency,Positive,0.66,Low,Senior citizen,Not Required,English,Synthetic Complaint,today little waiting time today train arrived schedule
MPF00799,"In my experience, Too many passengers were packed into the train today.",2,Line 6,Swami Samarth Nagar,2026-01-18,Work,Crowding,platform_crowding,Negative,-0.67,High,Senior citizen,In Review,English,Synthetic Review,experience many passenger packed train today
MPF00800,"In my experience, The lift was out of service and caused inconvenience.",3,Line 3,Marol Naka,2026-06-08,Other,Facilities,escalator,Neutral,-0.05,Medium,Senior citizen,In Review,English,Synthetic Complaint,experience lift service caused inconvenience
MPF00801,Train service was running late today. Please improve punctuality.,1,Line 1,Andheri,2026-01-27,Other,Delay,late_train,Negative,-0.65,High,Tourist,Resolved,English,Synthetic Survey,train service running late today please improve punctuality
MPF00802,"During my trip, The coach was clean and well maintained.",4,Line 3,Marol Naka,2026-08-04,Other,Cleanliness,coach_cleanliness,Positive,0.56,Low,Student,Resolved,English,Synthetic Complaint,trip coach clean well maintained
MPF00803,"Overall, Please improve cleanliness in the washroom area.",3,Line 2A,Kandarpada,2026-02-21,Work,Cleanliness,washroom_cleanliness,Neutral,0.01,Medium,Senior citizen,In Review,English,Synthetic Survey,overall please improve cleanliness washroom area
MPF00804,"In my experience, It was difficult to connect from the metro to the bus stop.",1,Line 2A,Poisar,2026-04-03,Other,Connectivity,bus_connection,Negative,-0.57,High,Student,Open,English,Synthetic Survey,experience difficult connect metro bus stop
MPF00805,"In my experience, Seats and windows were clean during my journey.",5,Line 6,Kanjurmarg,2026-08-19,Work,Cleanliness,washroom_cleanliness,Positive,0.63,Low,General,Not Required,Hinglish,Synthetic Complaint,experience seat window clean journey
MPF00806,"Today, More seating and drinking water facilities are needed.",2,Line 2A,Dahisar East,2026-03-01,Work,Facilities,lift,Negative,-0.61,High,General,Not Required,English,Synthetic Review,today seating drinking water facility needed
MPF00807,"During my trip, I felt safe throughout the journey and at the station.",5,Line 6,Kanjurmarg,2026-05-17,College,Safety,general_safety,Positive,0.71,Low,Student,Not Required,Hinglish,Synthetic Survey,trip felt safe throughout journey station
MPF00808,"In my experience, The station infrastructure appeared well maintained.",3,Line 2A,Goregaon West,2026-01-08,Daily commute,Maintenance,infrastructure,Neutral,0.01,Medium,General,In Review,English,Synthetic Complaint,experience station infrastructure appeared well maintained
MPF00809,The ticket machine was not working and caused a queue.,2,Line 7,Jogeshwari East,2026-05-07,Other,Ticketing,ticket_machine,Negative,-0.83,High,Senior citizen,Not Required,Hinglish,Synthetic Survey,ticket machine working caused queue
MPF00810,"Today, Very little waiting time today; the train arrived on schedule.",5,Line 6,Kanjurmarg,2026-01-11,Daily commute,Delay,late_train,Positive,0.85,Low,General,Not Required,English,Synthetic Complaint,today little waiting time today train arrived schedule
MPF00811,"During my trip, It was difficult to connect from the metro to the bus stop.",2,Line 1,Azad Nagar,2026-05-17,Work,Connectivity,last_mile,Negative,-0.66,High,Student,Not Required,Hinglish,Synthetic Survey,trip difficult connect metro bus stop
MPF00812,"Today, Better last-mile connectivity would help passengers.",3,Line 3,Aarey JVLR,2026-01-31,Shopping,Connectivity,last_mile,Neutral,0.04,Medium,Tourist,Not Required,English,Synthetic Review,today better lastmile connectivity would help passenger
MPF00813,Security staff guided me properly when I asked for help.,4,Line 7,Goregaon East,2026-03-05,Tourism,Staff Behaviour,staff_politeness,Positive,0.64,Low,Student,Not Required,English,Synthetic Complaint,security staff guided properly asked help
MPF00814,"During my trip, Crowding near the doors made boarding difficult.",1,Line 1,Andheri,2026-04-12,Tourism,Crowding,door_area_crowding,Negative,-0.76,High,Working professional,Open,Hinglish,Synthetic Complaint,trip crowding near door made boarding difficult
MPF00815,"Overall, Seats and windows were clean during my journey.",5,Line 1,Andheri,2026-03-16,College,Cleanliness,washroom_cleanliness,Positive,0.83,Low,Working professional,Not Required,English,Synthetic Complaint,overall seat window clean journey
MPF00816,"In my experience, The QR ticket scanner worked smoothly.",5,Line 2A,Goregaon West,2026-02-22,College,Ticketing,ticket_machine,Positive,0.59,Low,Tourist,Not Required,English,Synthetic Survey,experience qr ticket scanner worked smoothly
MPF00817,"During my trip, The ticket machine was not working and caused a queue.",2,Line 6,Jogeshwari,2026-01-06,Work,Ticketing,counter_queue,Negative,-0.93,High,Tourist,Resolved,English,Synthetic Survey,trip ticket machine working caused queue
MPF00818,There should be more working ticket counters during rush hours.,1,Line 1,Versova,2026-04-24,Tourism,Ticketing,ticket_machine,Negative,-0.78,High,Tourist,Resolved,English,Synthetic Review,working ticket counter rush hour
MPF00819,"Today, The ticket price feels expensive for a short journey.",3,Line 2A,Shimpoli,2026-08-21,College,Fare,frequent_commuter_cost,Neutral,-0.09,Medium,Student,In Review,English,Synthetic Survey,today ticket price feel expensive short journey
MPF00820,"During my trip, The escalator was not working and needs maintenance.",3,Line 7,Goregaon East,2026-08-27,Shopping,Maintenance,signage_and_fixtures,Neutral,-0.01,Medium,Student,Resolved,English,Synthetic Complaint,trip escalator working need maintenance
MPF00821,"In my experience, More seating and drinking water facilities are needed.",4,Line 7,Mogharpada,2026-03-13,Shopping,Facilities,seating_and_water,Positive,0.65,Low,Tourist,Not Required,English,Synthetic Survey,experience seating drinking water facility needed
MPF00822,"In my experience, Security staff guided me properly when I asked for help.",4,Line 7,Aarey,2026-01-04,College,Staff Behaviour,staff_politeness,Positive,0.57,Low,Senior citizen,Resolved,English,Synthetic Complaint,experience security staff guided properly asked help
MPF00823,"Today, Security presence at the station was reassuring.",5,Line 7,Mogharpada,2026-08-05,Daily commute,Safety,general_safety,Positive,0.56,Low,Tourist,Not Required,English,Synthetic Complaint,today security presence station reassuring
MPF00824,"In my experience, The train was delayed by 15 minutes and I missed my connection.",3,Line 2A,Poisar,2026-08-11,Daily commute,Delay,service_frequency,Neutral,-0.04,Medium,Tourist,In Review,English,Synthetic Review,experience train delayed 15 minute missed connection
MPF00825,Too many passengers were packed into the train today.,2,Line 2A,Shimpoli,2026-03-23,Daily commute,Crowding,peak_hour_crowding,Negative,-0.88,High,Working professional,Resolved,English,Synthetic Complaint,many passenger packed train today
MPF00826,Very little waiting time today; the train arrived on schedule.,5,Line 6,Jogeshwari,2026-04-24,Daily commute,Delay,late_train,Positive,0.77,Low,General,Not Required,English,Synthetic Complaint,little waiting time today train arrived schedule
MPF00827,"In my experience, The staff member at the counter was rude and unhelpful.",1,Line 6,Swami Samarth Nagar,2026-02-06,Other,Staff Behaviour,staff_politeness,Negative,-0.45,High,Tourist,Resolved,English,Synthetic Review,experience staff member counter rude unhelpful
MPF00828,"During my trip, Security presence at the station was reassuring.",5,Line 7,Mogharpada,2026-08-27,College,Safety,platform_safety,Positive,0.93,Low,General,Not Required,English,Synthetic Review,trip security presence station reassuring
MPF00829,"In my experience, The station floor was dirty and bins were overflowing.",3,Line 6,Swami Samarth Nagar,2026-01-09,Other,Cleanliness,washroom_cleanliness,Neutral,0.06,Medium,Senior citizen,Resolved,Hinglish,Synthetic Complaint,experience station floor dirty bin overflowing
MPF00830,"In my experience, The coach was clean and well maintained.",5,Line 2A,Poisar,2026-06-05,Other,Cleanliness,station_cleanliness,Positive,0.95,Low,General,Resolved,English,Synthetic Survey,experience coach clean well maintained
MPF00831,"Overall, The seating area and signage were useful.",5,Line 6,Kanjurmarg,2026-03-22,Work,Facilities,seating_and_water,Positive,0.67,Low,Senior citizen,Not Required,English,Synthetic Review,overall seating area signage useful
MPF00832,More seating and drinking water facilities are needed.,3,Line 1,DN Nagar,2026-07-21,Daily commute,Facilities,escalator,Neutral,0.01,Medium,Senior citizen,Open,English,Synthetic Review,seating drinking water facility needed
MPF00833,"In my experience, Too many passengers were packed into the train today.",2,Line 2A,Goregaon West,2026-04-18,College,Crowding,platform_crowding,Negative,-0.59,High,Senior citizen,Not Required,English,Synthetic Review,experience many passenger packed train today
MPF00834,"Today, The lift was out of service and caused inconvenience.",1,Line 2A,Goregaon West,2026-01-26,Shopping,Facilities,lift,Negative,-0.85,High,Senior citizen,Resolved,English,Synthetic Complaint,today lift service caused inconvenience
MPF00835,"Overall, Train service was running late today. Please improve punctuality.",3,Line 1,Azad Nagar,2026-05-23,Shopping,Delay,late_train,Neutral,0.07,Medium,Tourist,Resolved,English,Synthetic Complaint,overall train service running late today please improve punctuality
MPF00836,"In my experience, Security presence at the station was reassuring.",5,Line 7,Aarey,2026-06-11,Other,Safety,security_presence,Positive,0.59,Low,Student,Not Required,English,Synthetic Review,experience security presence station reassuring
MPF00837,"Overall, The lift was out of service and caused inconvenience.",3,Line 3,SEEPZ,2026-06-01,Tourism,Facilities,escalator,Neutral,0.08,Medium,Student,Not Required,English,Synthetic Complaint,overall lift service caused inconvenience
MPF00838,"In my experience, Please improve passenger safety near the platform edge.",3,Line 3,Marol Naka,2026-05-25,Daily commute,Safety,general_safety,Neutral,-0.04,Medium,Working professional,In Review,English,Synthetic Survey,experience please improve passenger safety near platform edge
MPF00839,"During my trip, Better last-mile connectivity would help passengers.",3,Line 6,Kanjurmarg,2026-05-13,Work,Connectivity,bus_connection,Neutral,-0.04,Medium,Working professional,Open,English,Synthetic Review,trip better lastmile connectivity would help passenger
MPF00840,"During my trip, I felt safe throughout the journey and at the station.",5,Line 6,Kanjurmarg,2026-06-05,College,Safety,platform_safety,Positive,0.6,Low,Tourist,Not Required,English,Synthetic Review,trip felt safe throughout journey station
MPF00841,"In my experience, The coach was extremely crowded during peak hours.",3,Line 2A,Kandarpada,2026-05-06,Daily commute,Crowding,peak_hour_crowding,Neutral,0.05,Medium,General,Open,Hinglish,Synthetic Survey,experience coach extremely crowded peak hour
MPF00842,"Today, There should be more working ticket counters during rush hours.",3,Line 7,Dindoshi,2026-08-16,Shopping,Ticketing,counter_queue,Neutral,-0.07,Medium,Senior citizen,Not Required,Hinglish,Synthetic Review,today working ticket counter rush hour
MPF00843,The station floor was dirty and bins were overflowing.,2,Line 3,SEEPZ,2026-05-10,Other,Cleanliness,station_cleanliness,Negative,-0.47,High,Working professional,In Review,English,Synthetic Survey,station floor dirty bin overflowing
MPF00844,"During my trip, The metro connection to other transport was convenient.",4,Line 7,Jogeshwari East,2026-01-03,Other,Connectivity,interchange,Positive,0.72,Low,General,Resolved,English,Synthetic Complaint,trip metro connection transport convenient
MPF00845,"Overall, The ticket price feels expensive for a short journey.",2,Line 2A,Goregaon West,2026-02-20,Shopping,Fare,frequent_commuter_cost,Negative,-0.67,High,Working professional,In Review,English,Synthetic Survey,overall ticket price feel expensive short journey
MPF00846,The station staff were polite and helpful.,5,Line 1,Ghatkopar,2026-06-11,Work,Staff Behaviour,security_assistance,Positive,0.77,Low,Working professional,Resolved,English,Synthetic Review,station staff polite helpful
MPF00847,"Overall, The lift was out of service and caused inconvenience.",2,Line 2A,Kandarpada,2026-01-25,Shopping,Facilities,lift,Negative,-0.55,High,Tourist,Resolved,English,Synthetic Review,overall lift service caused inconvenience
MPF00848,"Overall, Please review the fare for frequent daily commuters.",3,Line 1,Versova,2026-04-12,Shopping,Fare,frequent_commuter_cost,Neutral,-0.08,Medium,Senior citizen,In Review,English,Synthetic Complaint,overall please review fare frequent daily commuter
MPF00849,"Overall, More seating and drinking water facilities are needed.",2,Line 2A,Poisar,2026-05-24,Tourism,Facilities,escalator,Negative,-0.78,High,Working professional,Resolved,Hinglish,Synthetic Survey,overall seating drinking water facility needed
MPF00850,"Today, Please review the fare for frequent daily commuters.",3,Line 7,Goregaon East,2026-06-12,Daily commute,Fare,fare_value,Neutral,-0.05,Medium,Senior citizen,Open,English,Synthetic Review,today please review fare frequent daily commuter
MPF00851,"Overall, The ticket price feels expensive for a short journey.",3,Line 7,Jogeshwari East,2026-06-04,Other,Fare,frequent_commuter_cost,Neutral,-0.06,Medium,Student,In Review,Hinglish,Synthetic Survey,overall ticket price feel expensive short journey
MPF00852,"During my trip, The fare is reasonable for the service provided.",4,Line 1,Andheri,2026-02-20,Tourism,Fare,fare_value,Positive,0.86,Low,Student,Not Required,English,Synthetic Complaint,trip fare reasonable service provided
MPF00853,"During my trip, Security staff guided me properly when I asked for help.",4,Line 6,Vikhroli,2026-01-27,Tourism,Staff Behaviour,security_assistance,Positive,0.72,Low,Working professional,Not Required,Hinglish,Synthetic Complaint,trip security staff guided properly asked help
MPF00854,"During my trip, Train service was running late today. Please improve punctuality.",1,Line 3,Marol Naka,2026-04-13,Other,Delay,late_train,Negative,-0.81,High,Working professional,In Review,English,Synthetic Complaint,trip train service running late today please improve punctuality
MPF00855,"Today, The coach was clean and well maintained.",4,Line 7,Aarey,2026-07-22,Tourism,Cleanliness,station_cleanliness,Positive,0.56,Low,General,Resolved,Hinglish,Synthetic Complaint,today coach clean well maintained
MPF00856,"In my experience, The QR ticket scanner worked smoothly.",4,Line 2A,Goregaon West,2026-04-20,Shopping,Ticketing,ticket_machine,Positive,0.67,Low,Working professional,Not Required,English,Synthetic Review,experience qr ticket scanner worked smoothly
MPF00857,"During my trip, The interchange process was smooth and well signposted.",5,Line 2A,Poisar,2026-07-02,Shopping,Connectivity,interchange,Positive,0.75,Low,Student,Not Required,Hinglish,Synthetic Complaint,trip interchange process smooth well signposted
MPF00858,"Overall, The coach condition was good and everything looked maintained.",5,Line 3,MIDC,2026-01-22,Tourism,Maintenance,infrastructure,Positive,0.7,Low,Student,Not Required,English,Synthetic Complaint,overall coach condition good everything looked maintained
MPF00859,"Overall, Please train staff to respond more politely to passengers.",1,Line 6,Jogeshwari,2026-07-16,Tourism,Staff Behaviour,staff_helpfulness,Negative,-0.87,High,Tourist,Open,English,Synthetic Survey,overall please train staff respond politely passenger
MPF00860,The QR ticket scanner worked smoothly.,5,Line 7,Jogeshwari East,2026-07-13,Tourism,Ticketing,qr_scanner,Positive,0.83,Low,Tourist,Resolved,Hinglish,Synthetic Survey,qr ticket scanner worked smoothly
MPF00861,"Overall, The seating area and signage were useful.",4,Line 3,BKC,2026-06-29,Shopping,Facilities,lift,Positive,0.73,Low,General,Not Required,English,Synthetic Review,overall seating area signage useful
MPF00862,Train service was running late today. Please improve punctuality.,2,Line 3,MIDC,2026-07-25,Daily commute,Delay,missed_connection,Negative,-0.83,High,Student,Open,Hinglish,Synthetic Complaint,train service running late today please improve punctuality
MPF00863,Better last-mile connectivity would help passengers.,3,Line 3,MIDC,2026-06-16,College,Connectivity,interchange,Neutral,-0.08,Medium,Senior citizen,In Review,English,Synthetic Complaint,better lastmile connectivity would help passenger
MPF00864,"During my trip, It was difficult to connect from the metro to the bus stop.",3,Line 2A,Kandarpada,2026-07-04,Shopping,Connectivity,interchange,Neutral,0.02,Medium,Tourist,In Review,English,Synthetic Complaint,trip difficult connect metro bus stop
MPF00865,"Today, The station has clean lifts and working escalators.",5,Line 2A,Goregaon West,2026-01-25,Daily commute,Facilities,seating_and_water,Positive,0.61,Low,Student,Not Required,English,Synthetic Complaint,today station clean lift working escalator
MPF00866,"Today, The coach was clean and well maintained.",5,Line 3,SEEPZ,2026-08-26,College,Cleanliness,coach_cleanliness,Positive,0.61,Low,General,Resolved,Hinglish,Synthetic Survey,today coach clean well maintained
MPF00867,"In my experience, Good value for money compared with other transport options.",5,Line 7,Goregaon East,2026-02-09,Tourism,Fare,fare_value,Positive,0.92,Low,General,Not Required,English,Synthetic Complaint,experience good value money compared transport option
MPF00868,The train had comfortable space and was not crowded.,5,Line 2A,Kandarpada,2026-06-21,Tourism,Crowding,door_area_crowding,Positive,0.87,Low,Tourist,Resolved,English,Synthetic Complaint,train comfortable space crowded
MPF00869,Train service was running late today. Please improve punctuality.,3,Line 2A,Shimpoli,2026-08-18,Work,Delay,late_train,Neutral,-0.07,Medium,Tourist,In Review,Hinglish,Synthetic Survey,train service running late today please improve punctuality
MPF00870,"Today, More seating and drinking water facilities are needed.",3,Line 2A,Goregaon West,2026-06-30,Daily commute,Facilities,escalator,Neutral,-0.04,Medium,Working professional,Resolved,English,Synthetic Review,today seating drinking water facility needed
MPF00871,The interchange process was smooth and well signposted.,5,Line 7,Goregaon East,2026-05-06,Work,Connectivity,last_mile,Positive,0.89,Low,Senior citizen,Resolved,English,Synthetic Review,interchange process smooth well signposted
MPF00872,"During my trip, Better last-mile connectivity would help passengers.",3,Line 7,Aarey,2026-04-19,College,Connectivity,interchange,Neutral,-0.09,Medium,Tourist,In Review,English,Synthetic Complaint,trip better lastmile connectivity would help passenger
MPF00873,"Overall, Please train staff to respond more politely to passengers.",1,Line 6,Kanjurmarg,2026-01-25,College,Staff Behaviour,staff_helpfulness,Negative,-0.83,High,General,In Review,English,Synthetic Review,overall please train staff respond politely passenger
MPF00874,"During my trip, Very little waiting time today; the train arrived on schedule.",5,Line 7,Mogharpada,2026-08-09,Other,Delay,missed_connection,Positive,0.71,Low,Senior citizen,Resolved,English,Synthetic Survey,trip little waiting time today train arrived schedule
MPF00875,"Today, More seating and drinking water facilities are needed.",4,Line 3,BKC,2026-02-15,Daily commute,Facilities,lift,Positive,0.87,Low,Senior citizen,Resolved,English,Synthetic Complaint,today seating drinking water facility needed
MPF00876,The coach was clean and well maintained.,5,Line 1,Azad Nagar,2026-07-08,Tourism,Cleanliness,coach_cleanliness,Positive,0.59,Low,Senior citizen,Resolved,Hinglish,Synthetic Complaint,coach clean well maintained
MPF00877,The train had comfortable space and was not crowded.,5,Line 7,Goregaon East,2026-01-22,Other,Crowding,peak_hour_crowding,Positive,0.72,Low,Student,Resolved,English,Synthetic Review,train comfortable space crowded
MPF00878,"In my experience, The ticket machine was not working and caused a queue.",2,Line 3,Aarey JVLR,2026-03-29,Other,Ticketing,counter_queue,Negative,-0.85,High,Student,In Review,English,Synthetic Survey,experience ticket machine working caused queue
MPF00879,Broken fixtures and damaged signs should be repaired.,1,Line 6,Swami Samarth Nagar,2026-07-21,Daily commute,Maintenance,infrastructure,Negative,-0.84,High,Working professional,Not Required,English,Synthetic Survey,broken fixture damaged sign repaired
MPF00880,"Overall, The station has clean lifts and working escalators.",5,Line 2A,Kandarpada,2026-04-08,Other,Facilities,seating_and_water,Positive,0.88,Low,Working professional,Not Required,English,Synthetic Survey,overall station clean lift working escalator
MPF00881,"During my trip, The ticket machine was not working and caused a queue.",2,Line 7,Dindoshi,2026-03-08,Work,Ticketing,qr_scanner,Negative,-0.81,High,Senior citizen,Open,Hinglish,Synthetic Review,trip ticket machine working caused queue
MPF00882,"In my experience, Please improve cleanliness in the washroom area.",2,Line 3,SEEPZ,2026-09-01,Other,Cleanliness,washroom_cleanliness,Negative,-0.74,High,General,Open,English,Synthetic Survey,experience please improve cleanliness washroom area
MPF00883,"Today, It was difficult to connect from the metro to the bus stop.",2,Line 3,MIDC,2026-05-12,Other,Connectivity,interchange,Negative,-0.56,High,Senior citizen,In Review,English,Synthetic Survey,today difficult connect metro bus stop
MPF00884,The seating area and signage were useful.,5,Line 7,Dindoshi,2026-04-07,Work,Facilities,seating_and_water,Positive,0.81,Low,Tourist,Not Required,English,Synthetic Complaint,seating area signage useful
MPF00885,"During my trip, I felt safe throughout the journey and at the station.",4,Line 6,Swami Samarth Nagar,2026-03-20,Shopping,Safety,platform_safety,Positive,0.61,Low,Senior citizen,Not Required,English,Synthetic Review,trip felt safe throughout journey station
MPF00886,"In my experience, The coach was extremely crowded during peak hours.",2,Line 3,BKC,2026-03-06,Other,Crowding,platform_crowding,Negative,-0.59,High,Tourist,Resolved,English,Synthetic Survey,experience coach extremely crowded peak hour
MPF00887,"Today, Please improve passenger safety near the platform edge.",2,Line 7,Mogharpada,2026-04-13,Work,Safety,general_safety,Negative,-0.93,High,General,In Review,English,Synthetic Complaint,today please improve passenger safety near platform edge
MPF00888,"In my experience, It was difficult to connect from the metro to the bus stop.",3,Line 1,DN Nagar,2026-01-24,Tourism,Connectivity,bus_connection,Neutral,-0.06,Medium,Working professional,In Review,English,Synthetic Survey,experience difficult connect metro bus stop
MPF00889,"Today, More seating and drinking water facilities are needed.",2,Line 2A,Kandarpada,2026-03-02,Work,Facilities,lift,Negative,-0.55,High,Working professional,Not Required,English,Synthetic Survey,today seating drinking water facility needed
MPF00890,"In my experience, The staff member at the counter was rude and unhelpful.",1,Line 3,Aarey JVLR,2026-02-24,Work,Staff Behaviour,staff_helpfulness,Negative,-0.95,High,Senior citizen,Resolved,English,Synthetic Complaint,experience staff member counter rude unhelpful
MPF00891,"Overall, The station staff were polite and helpful.",5,Line 3,Marol Naka,2026-08-12,Work,Staff Behaviour,staff_helpfulness,Positive,0.86,Low,Tourist,Resolved,English,Synthetic Complaint,overall station staff polite helpful
MPF00892,"Today, The metro connection to other transport was convenient.",5,Line 6,Vikhroli,2026-05-09,Tourism,Connectivity,interchange,Positive,0.56,Low,Working professional,Not Required,English,Synthetic Review,today metro connection transport convenient
MPF00893,"Overall, The fare is reasonable for the service provided.",4,Line 6,Kanjurmarg,2026-06-17,Daily commute,Fare,fare_value,Positive,0.75,Low,Working professional,Not Required,English,Synthetic Review,overall fare reasonable service provided
MPF00894,"Today, The QR ticket scanner worked smoothly.",4,Line 3,MIDC,2026-03-30,Shopping,Ticketing,qr_scanner,Positive,0.65,Low,Working professional,Not Required,English,Synthetic Survey,today qr ticket scanner worked smoothly
MPF00895,"Overall, Train service was running late today. Please improve punctuality.",3,Line 1,Azad Nagar,2026-07-17,Other,Delay,late_train,Neutral,0.0,Medium,Tourist,Resolved,English,Synthetic Review,overall train service running late today please improve punctuality
MPF00896,"Today, Buying the ticket was quick and easy.",5,Line 7,Jogeshwari East,2026-04-19,Shopping,Ticketing,qr_scanner,Positive,0.7,Low,Senior citizen,Not Required,Hinglish,Synthetic Survey,today buying ticket quick easy
MPF00897,"In my experience, The coach was extremely crowded during peak hours.",2,Line 3,Aarey JVLR,2026-01-11,Tourism,Crowding,peak_hour_crowding,Negative,-0.83,High,Tourist,Resolved,English,Synthetic Review,experience coach extremely crowded peak hour
MPF00898,"During my trip, I felt safe throughout the journey and at the station.",5,Line 3,Marol Naka,2026-02-15,Other,Safety,security_presence,Positive,0.72,Low,Senior citizen,Resolved,English,Synthetic Review,trip felt safe throughout journey station
MPF00899,"During my trip, Frequent delays on this route are becoming difficult for daily commuters.",1,Line 7,Jogeshwari East,2026-01-22,College,Delay,missed_connection,Negative,-0.59,High,Student,Open,English,Synthetic Survey,trip frequent delay route becoming difficult daily commuter
MPF00900,"During my trip, Crowding near the doors made boarding difficult.",2,Line 1,DN Nagar,2026-01-20,Other,Crowding,door_area_crowding,Negative,-0.37,High,General,Resolved,English,Synthetic Survey,trip crowding near door made boarding difficult
MPF00901,"In my experience, The coach was extremely crowded during peak hours.",1,Line 7,Aarey,2026-09-01,Other,Crowding,platform_crowding,Negative,-0.75,High,Senior citizen,Not Required,English,Synthetic Survey,experience coach extremely crowded peak hour
MPF00902,"In my experience, The fare is reasonable for the service provided.",4,Line 7,Aarey,2026-04-06,Tourism,Fare,frequent_commuter_cost,Positive,0.95,Low,General,Resolved,English,Synthetic Survey,experience fare reasonable service provided
MPF00903,"Overall, Good value for money compared with other transport options.",5,Line 3,MIDC,2026-03-11,Daily commute,Fare,fare_value,Positive,0.75,Low,General,Resolved,English,Synthetic Review,overall good value money compared transport option
MPF00904,"Overall, Frequent delays on this route are becoming difficult for daily commuters.",2,Line 3,MIDC,2026-03-25,Tourism,Delay,late_train,Negative,-0.79,High,Senior citizen,Open,English,Synthetic Complaint,overall frequent delay route becoming difficult daily commuter
MPF00905,"Today, There should be more working ticket counters during rush hours.",3,Line 1,Ghatkopar,2026-03-29,Shopping,Ticketing,counter_queue,Neutral,-0.03,Medium,Tourist,Not Required,Hinglish,Synthetic Review,today working ticket counter rush hour
MPF00906,"Today, Crowding near the doors made boarding difficult.",2,Line 7,Jogeshwari East,2026-08-07,Work,Crowding,platform_crowding,Negative,-0.63,High,Tourist,Not Required,English,Synthetic Complaint,today crowding near door made boarding difficult
MPF00907,"Overall, The interchange process was smooth and well signposted.",5,Line 1,Azad Nagar,2026-06-09,College,Connectivity,last_mile,Positive,0.7,Low,Senior citizen,Not Required,English,Synthetic Survey,overall interchange process smooth well signposted
MPF00908,Please improve passenger safety near the platform edge.,2,Line 2A,Goregaon West,2026-08-31,Shopping,Safety,platform_safety,Negative,-0.62,High,Working professional,In Review,English,Synthetic Complaint,please improve passenger safety near platform edge
MPF00909,"In my experience, The staff member at the counter was rude and unhelpful.",1,Line 1,Azad Nagar,2026-04-18,Work,Staff Behaviour,security_assistance,Negative,-0.84,High,Tourist,In Review,English,Synthetic Survey,experience staff member counter rude unhelpful
MPF00910,"During my trip, I felt safe throughout the journey and at the station.",5,Line 7,Goregaon East,2026-07-31,Shopping,Safety,security_presence,Positive,0.76,Low,Working professional,Not Required,Hinglish,Synthetic Review,trip felt safe throughout journey station
MPF00911,"In my experience, Good value for money compared with other transport options.",5,Line 2A,Shimpoli,2026-06-17,Other,Fare,fare_complaint,Positive,0.86,Low,Working professional,Not Required,English,Synthetic Complaint,experience good value money compared transport option
MPF00912,"Overall, The station staff were polite and helpful.",5,Line 3,Marol Naka,2026-06-06,Tourism,Staff Behaviour,staff_politeness,Positive,0.79,Low,Student,Not Required,English,Synthetic Review,overall station staff polite helpful
MPF00913,The station has clean lifts and working escalators.,5,Line 2A,Goregaon West,2026-04-05,Other,Facilities,seating_and_water,Positive,0.9,Low,Tourist,Not Required,English,Synthetic Review,station clean lift working escalator
MPF00914,"Overall, The lift was out of service and caused inconvenience.",2,Line 2A,Shimpoli,2026-06-25,Daily commute,Facilities,seating_and_water,Negative,-0.91,High,Working professional,Resolved,English,Synthetic Survey,overall lift service caused inconvenience
MPF00915,Crowding near the doors made boarding difficult.,3,Line 3,MIDC,2026-07-11,Work,Crowding,peak_hour_crowding,Neutral,0.07,Medium,Working professional,Not Required,English,Synthetic Survey,crowding near door made boarding difficult
MPF00916,"Today, More seating and drinking water facilities are needed.",3,Line 3,BKC,2026-05-04,Tourism,Facilities,seating_and_water,Neutral,0.08,Medium,Student,Not Required,English,Synthetic Review,today seating drinking water facility needed
MPF00917,"Today, The fare is reasonable for the service provided.",5,Line 1,Versova,2026-07-14,Shopping,Fare,frequent_commuter_cost,Positive,0.8,Low,Tourist,Not Required,English,Synthetic Review,today fare reasonable service provided
MPF00918,"During my trip, Please improve passenger safety near the platform edge.",2,Line 1,DN Nagar,2026-01-19,Shopping,Safety,security_presence,Negative,-0.4,High,Working professional,Resolved,English,Synthetic Complaint,trip please improve passenger safety near platform edge
MPF00919,"Today, The QR ticket scanner worked smoothly.",5,Line 3,MIDC,2026-05-14,Other,Ticketing,counter_queue,Positive,0.86,Low,Senior citizen,Not Required,English,Synthetic Survey,today qr ticket scanner worked smoothly
MPF00920,"During my trip, Security presence at the station was reassuring.",5,Line 1,DN Nagar,2026-06-22,Work,Safety,security_presence,Positive,0.93,Low,General,Resolved,English,Synthetic Review,trip security presence station reassuring
MPF00921,"During my trip, The train had comfortable space and was not crowded.",5,Line 2A,Shimpoli,2026-07-04,Work,Crowding,platform_crowding,Positive,0.56,Low,General,Not Required,English,Synthetic Review,trip train comfortable space crowded
MPF00922,"Overall, The lift was out of service and caused inconvenience.",3,Line 6,Vikhroli,2026-02-13,College,Facilities,seating_and_water,Neutral,0.07,Medium,General,Resolved,English,Synthetic Complaint,overall lift service caused inconvenience
MPF00923,More seating and drinking water facilities are needed.,3,Line 3,MIDC,2026-02-20,Work,Facilities,escalator,Neutral,-0.06,Medium,Working professional,Not Required,English,Synthetic Complaint,seating drinking water facility needed
MPF00924,"In my experience, The coach condition was good and everything looked maintained.",5,Line 3,Marol Naka,2026-01-18,College,Maintenance,equipment,Positive,0.85,Low,Student,Not Required,English,Synthetic Complaint,experience coach condition good everything looked maintained
MPF00925,"Today, The metro connection to other transport was convenient.",5,Line 6,Kanjurmarg,2026-08-08,Work,Connectivity,interchange,Positive,0.76,Low,Senior citizen,Resolved,English,Synthetic Complaint,today metro connection transport convenient
MPF00926,"During my trip, The coach was extremely crowded during peak hours.",3,Line 2A,Poisar,2026-05-14,Other,Crowding,door_area_crowding,Neutral,-0.04,Medium,Working professional,Not Required,English,Synthetic Survey,trip coach extremely crowded peak hour
MPF00927,"In my experience, The staff member at the counter was rude and unhelpful.",1,Line 1,DN Nagar,2026-05-03,Tourism,Staff Behaviour,staff_politeness,Negative,-0.67,High,Student,Not Required,English,Synthetic Survey,experience staff member counter rude unhelpful
MPF00928,"In my experience, The lift was out of service and caused inconvenience.",3,Line 3,Aarey JVLR,2026-07-04,Shopping,Facilities,escalator,Neutral,-0.06,Medium,Senior citizen,Resolved,English,Synthetic Survey,experience lift service caused inconvenience
MPF00929,"During my trip, Broken fixtures and damaged signs should be repaired.",2,Line 2A,Goregaon West,2026-03-14,Shopping,Maintenance,signage_and_fixtures,Negative,-0.59,High,Working professional,Resolved,English,Synthetic Complaint,trip broken fixture damaged sign repaired
MPF00930,"During my trip, It was difficult to connect from the metro to the bus stop.",3,Line 7,Goregaon East,2026-01-02,Other,Connectivity,bus_connection,Neutral,0.0,Medium,Tourist,Open,English,Synthetic Review,trip difficult connect metro bus stop
MPF00931,The lift was out of service and caused inconvenience.,2,Line 6,Vikhroli,2026-07-19,Daily commute,Facilities,lift,Negative,-0.55,High,Tourist,Open,English,Synthetic Survey,lift service caused inconvenience
MPF00932,"In my experience, The QR ticket scanner worked smoothly.",5,Line 2A,Shimpoli,2026-02-19,College,Ticketing,counter_queue,Positive,0.59,Low,General,Not Required,English,Synthetic Survey,experience qr ticket scanner worked smoothly
MPF00933,"In my experience, The escalator was not working and needs maintenance.",2,Line 2A,Shimpoli,2026-08-28,Shopping,Maintenance,equipment,Negative,-0.56,High,Senior citizen,In Review,English,Synthetic Review,experience escalator working need maintenance
MPF00934,"During my trip, The QR ticket scanner worked smoothly.",5,Line 7,Dindoshi,2026-01-15,Shopping,Ticketing,counter_queue,Positive,0.73,Low,General,Not Required,English,Synthetic Review,trip qr ticket scanner worked smoothly
MPF00935,"Overall, The seating area and signage were useful.",4,Line 7,Dindoshi,2026-07-22,College,Facilities,escalator,Positive,0.81,Low,Senior citizen,Not Required,Hinglish,Synthetic Review,overall seating area signage useful
MPF00936,"In my experience, It was difficult to connect from the metro to the bus stop.",3,Line 7,Mogharpada,2026-07-05,College,Connectivity,bus_connection,Neutral,-0.01,Medium,Student,Open,English,Synthetic Review,experience difficult connect metro bus stop
MPF00937,"Today, Frequent delays on this route are becoming difficult for daily commuters.",2,Line 6,Vikhroli,2026-03-29,Tourism,Delay,service_frequency,Negative,-0.78,High,General,Open,English,Synthetic Complaint,today frequent delay route becoming difficult daily commuter
MPF00938,"Today, The seating area and signage were useful.",4,Line 6,Shyam Nagar,2026-05-31,Daily commute,Facilities,escalator,Positive,0.9,Low,Senior citizen,Not Required,Hinglish,Synthetic Survey,today seating area signage useful
MPF00939,"Overall, The metro connection to other transport was convenient.",5,Line 6,Jogeshwari,2026-02-05,Other,Connectivity,interchange,Positive,0.78,Low,Senior citizen,Resolved,English,Synthetic Survey,overall metro connection transport convenient
MPF00940,"During my trip, The lift was out of service and caused inconvenience.",2,Line 7,Goregaon East,2026-06-04,College,Facilities,seating_and_water,Negative,-0.81,High,Senior citizen,In Review,English,Synthetic Review,trip lift service caused inconvenience
MPF00941,"Today, Please improve cleanliness in the washroom area.",2,Line 1,DN Nagar,2026-05-25,Tourism,Cleanliness,station_cleanliness,Negative,-0.47,High,Student,In Review,Hinglish,Synthetic Survey,today please improve cleanliness washroom area
MPF00942,"In my experience, Please improve passenger safety near the platform edge.",2,Line 1,Ghatkopar,2026-07-24,Other,Safety,general_safety,Negative,-0.57,High,Student,Resolved,English,Synthetic Survey,experience please improve passenger safety near platform edge
MPF00943,"Today, The lift was out of service and caused inconvenience.",2,Line 1,Ghatkopar,2026-06-15,Other,Facilities,seating_and_water,Negative,-0.67,High,Working professional,Not Required,English,Synthetic Survey,today lift service caused inconvenience
MPF00944,"Today, Better last-mile connectivity would help passengers.",4,Line 7,Jogeshwari East,2026-02-08,Tourism,Connectivity,bus_connection,Positive,0.67,Low,Tourist,Not Required,English,Synthetic Review,today better lastmile connectivity would help passenger
MPF00945,"Overall, Please improve passenger safety near the platform edge.",3,Line 2A,Goregaon West,2026-03-20,Other,Safety,platform_safety,Neutral,0.09,Medium,General,Open,English,Synthetic Survey,overall please improve passenger safety near platform edge
MPF00946,"In my experience, The metro connection to other transport was convenient.",5,Line 1,Andheri,2026-02-11,College,Connectivity,bus_connection,Positive,0.93,Low,Senior citizen,Not Required,Hinglish,Synthetic Review,experience metro connection transport convenient
MPF00947,"Overall, Security staff guided me properly when I asked for help.",4,Line 7,Dindoshi,2026-04-25,Shopping,Staff Behaviour,staff_helpfulness,Positive,0.6,Low,Student,Not Required,English,Synthetic Survey,overall security staff guided properly asked help
MPF00948,Please train staff to respond more politely to passengers.,1,Line 3,MIDC,2026-07-13,Tourism,Staff Behaviour,staff_politeness,Negative,-0.37,High,General,Not Required,English,Synthetic Survey,please train staff respond politely passenger
MPF00949,"During my trip, The station infrastructure appeared well maintained.",4,Line 1,Azad Nagar,2026-08-30,Daily commute,Maintenance,equipment,Positive,0.63,Low,General,Resolved,English,Synthetic Survey,trip station infrastructure appeared well maintained
MPF00950,Please review the fare for frequent daily commuters.,3,Line 1,Andheri,2026-06-29,College,Fare,fare_value,Neutral,-0.03,Medium,Student,In Review,English,Synthetic Survey,please review fare frequent daily commuter
MPF00951,"During my trip, Very little waiting time today; the train arrived on schedule.",4,Line 3,Marol Naka,2026-02-05,Work,Delay,missed_connection,Positive,0.61,Low,Working professional,Resolved,English,Synthetic Survey,trip little waiting time today train arrived schedule
MPF00952,"During my trip, Train service was running late today. Please improve punctuality.",2,Line 3,Aarey JVLR,2026-02-16,Work,Delay,service_frequency,Negative,-0.58,High,Tourist,Resolved,English,Synthetic Complaint,trip train service running late today please improve punctuality
MPF00953,"During my trip, Frequent delays on this route are becoming difficult for daily commuters.",2,Line 1,DN Nagar,2026-08-16,College,Delay,service_frequency,Negative,-0.57,High,General,In Review,English,Synthetic Survey,trip frequent delay route becoming difficult daily commuter
MPF00954,"Today, The fare is reasonable for the service provided.",5,Line 1,DN Nagar,2026-04-18,Work,Fare,fare_value,Positive,0.84,Low,Working professional,Not Required,English,Synthetic Survey,today fare reasonable service provided
MPF00955,"Today, More seating and drinking water facilities are needed.",3,Line 1,Azad Nagar,2026-02-02,Other,Facilities,escalator,Neutral,0.07,Medium,Student,Resolved,English,Synthetic Review,today seating drinking water facility needed
MPF00956,"Today, The coach condition was good and everything looked maintained.",5,Line 6,Shyam Nagar,2026-01-22,Work,Maintenance,signage_and_fixtures,Positive,0.63,Low,General,Not Required,English,Synthetic Complaint,today coach condition good everything looked maintained
MPF00957,"Overall, Buying the ticket was quick and easy.",5,Line 1,Azad Nagar,2026-05-14,Other,Ticketing,qr_scanner,Positive,0.62,Low,Senior citizen,Resolved,English,Synthetic Complaint,overall buying ticket quick easy
MPF00958,"During my trip, The train had comfortable space and was not crowded.",5,Line 6,Shyam Nagar,2026-02-06,Daily commute,Crowding,platform_crowding,Positive,0.78,Low,Tourist,Not Required,English,Synthetic Survey,trip train comfortable space crowded
MPF00959,Crowding near the doors made boarding difficult.,3,Line 1,DN Nagar,2026-02-24,College,Crowding,door_area_crowding,Neutral,-0.0,Medium,Working professional,Resolved,English,Synthetic Review,crowding near door made boarding difficult
MPF00960,"During my trip, Better last-mile connectivity would help passengers.",4,Line 6,Shyam Nagar,2026-06-19,College,Connectivity,interchange,Positive,0.92,Low,Working professional,Resolved,English,Synthetic Review,trip better lastmile connectivity would help passenger
MPF00961,"Today, Buying the ticket was quick and easy.",4,Line 7,Mogharpada,2026-05-21,Work,Ticketing,qr_scanner,Positive,0.94,Low,Student,Not Required,English,Synthetic Survey,today buying ticket quick easy
MPF00962,"Today, Security presence at the station was reassuring.",5,Line 7,Dindoshi,2026-02-26,Daily commute,Safety,platform_safety,Positive,0.94,Low,General,Not Required,English,Synthetic Complaint,today security presence station reassuring
MPF00963,"In my experience, It was difficult to connect from the metro to the bus stop.",3,Line 2A,Kandarpada,2026-02-10,Tourism,Connectivity,interchange,Neutral,-0.09,Medium,Senior citizen,Open,English,Synthetic Review,experience difficult connect metro bus stop
MPF00964,"In my experience, The staff member at the counter was rude and unhelpful.",1,Line 2A,Goregaon West,2026-04-10,College,Staff Behaviour,security_assistance,Negative,-0.44,High,Student,Resolved,Hinglish,Synthetic Review,experience staff member counter rude unhelpful
MPF00965,"During my trip, The seating area and signage were useful.",3,Line 3,Marol Naka,2026-06-06,Other,Facilities,seating_and_water,Neutral,-0.09,Medium,General,Open,English,Synthetic Complaint,trip seating area signage useful
MPF00966,"Today, The ticket price feels expensive for a short journey.",2,Line 1,Andheri,2026-06-01,Work,Fare,fare_value,Negative,-0.49,High,Tourist,Resolved,English,Synthetic Review,today ticket price feel expensive short journey
MPF00967,"Overall, The station floor was dirty and bins were overflowing.",2,Line 2A,Kandarpada,2026-04-24,Other,Cleanliness,coach_cleanliness,Negative,-0.88,High,General,Open,Hinglish,Synthetic Survey,overall station floor dirty bin overflowing
MPF00968,"During my trip, The train was delayed by 25 minutes and I missed my connection.",3,Line 7,Goregaon East,2026-07-30,Other,Delay,late_train,Neutral,-0.08,Medium,General,Resolved,English,Synthetic Review,trip train delayed 25 minute missed connection
MPF00969,"During my trip, The lift was out of service and caused inconvenience.",2,Line 6,Kanjurmarg,2026-06-10,Daily commute,Facilities,escalator,Negative,-0.38,High,Tourist,In Review,Hinglish,Synthetic Survey,trip lift service caused inconvenience
MPF00970,"Overall, Crowding near the doors made boarding difficult.",3,Line 3,BKC,2026-08-11,Other,Crowding,platform_crowding,Neutral,-0.08,Medium,General,In Review,Hinglish,Synthetic Survey,overall crowding near door made boarding difficult
MPF00971,The fare is reasonable for the service provided.,4,Line 3,Marol Naka,2026-08-03,Other,Fare,fare_complaint,Positive,0.89,Low,Senior citizen,Not Required,Hinglish,Synthetic Complaint,fare reasonable service provided
MPF00972,"Today, The train was delayed by 30 minutes and I missed my connection.",2,Line 7,Aarey,2026-05-05,Work,Delay,missed_connection,Negative,-0.6,High,General,Open,English,Synthetic Complaint,today train delayed 30 minute missed connection
MPF00973,"In my experience, Please review the fare for frequent daily commuters.",2,Line 6,Kanjurmarg,2026-04-03,Other,Fare,frequent_commuter_cost,Negative,-0.6,High,Student,Not Required,English,Synthetic Survey,experience please review fare frequent daily commuter
MPF00974,"Today, The fare is reasonable for the service provided.",4,Line 6,Vikhroli,2026-02-25,Tourism,Fare,frequent_commuter_cost,Positive,0.78,Low,Student,Resolved,Hinglish,Synthetic Survey,today fare reasonable service provided
MPF00975,"Today, I felt safe throughout the journey and at the station.",4,Line 2A,Dahisar East,2026-03-12,College,Safety,security_presence,Positive,0.84,Low,Senior citizen,Not Required,English,Synthetic Survey,today felt safe throughout journey station
MPF00976,"Overall, The seating area and signage were useful.",5,Line 1,Versova,2026-08-08,Tourism,Facilities,lift,Positive,0.86,Low,Senior citizen,Not Required,English,Synthetic Review,overall seating area signage useful
MPF00977,"During my trip, The escalator was not working and needs maintenance.",1,Line 7,Goregaon East,2026-02-17,Daily commute,Maintenance,equipment,Negative,-0.4,High,Tourist,Resolved,English,Synthetic Complaint,trip escalator working need maintenance
MPF00978,"Today, The seating area and signage were useful.",4,Line 2A,Kandarpada,2026-08-21,Work,Facilities,seating_and_water,Positive,0.85,Low,Senior citizen,Resolved,English,Synthetic Review,today seating area signage useful
MPF00979,"In my experience, It was difficult to connect from the metro to the bus stop.",1,Line 6,Shyam Nagar,2026-02-07,Daily commute,Connectivity,last_mile,Negative,-0.83,High,General,Resolved,Hinglish,Synthetic Review,experience difficult connect metro bus stop
MPF00980,"Today, Please improve passenger safety near the platform edge.",1,Line 7,Mogharpada,2026-04-24,Other,Safety,platform_safety,Negative,-0.44,High,Senior citizen,In Review,English,Synthetic Survey,today please improve passenger safety near platform edge
MPF00981,"Today, The train had comfortable space and was not crowded.",5,Line 2A,Goregaon West,2026-02-07,Work,Crowding,peak_hour_crowding,Positive,0.88,Low,Working professional,Resolved,Hinglish,Synthetic Survey,today train comfortable space crowded
MPF00982,"Today, Frequent delays on this route are becoming difficult for daily commuters.",3,Line 7,Dindoshi,2026-05-28,Tourism,Delay,service_frequency,Neutral,0.01,Medium,Working professional,Resolved,English,Synthetic Complaint,today frequent delay route becoming difficult daily commuter
MPF00983,"During my trip, There should be more working ticket counters during rush hours.",2,Line 7,Goregaon East,2026-08-09,College,Ticketing,qr_scanner,Negative,-0.76,High,Student,Open,Hinglish,Synthetic Review,trip working ticket counter rush hour
MPF00984,"In my experience, The escalator was not working and needs maintenance.",2,Line 2A,Goregaon West,2026-06-29,Daily commute,Maintenance,signage_and_fixtures,Negative,-0.63,High,General,In Review,English,Synthetic Complaint,experience escalator working need maintenance
MPF00985,The seating area and signage were useful.,4,Line 6,Jogeshwari,2026-04-25,Shopping,Facilities,seating_and_water,Positive,0.8,Low,General,Not Required,English,Synthetic Complaint,seating area signage useful
MPF00986,"During my trip, The lift was out of service and caused inconvenience.",1,Line 1,Versova,2026-06-03,College,Facilities,escalator,Negative,-0.38,High,General,Not Required,English,Synthetic Complaint,trip lift service caused inconvenience
MPF00987,"Today, The ticket price feels expensive for a short journey.",2,Line 3,MIDC,2026-07-16,Other,Fare,frequent_commuter_cost,Negative,-0.63,High,Senior citizen,Resolved,English,Synthetic Survey,today ticket price feel expensive short journey
MPF00988,"During my trip, The train was delayed by 30 minutes and I missed my connection.",3,Line 6,Shyam Nagar,2026-02-11,Daily commute,Delay,missed_connection,Neutral,-0.08,Medium,General,Resolved,English,Synthetic Complaint,trip train delayed 30 minute missed connection
MPF00989,The escalator was not working and needs maintenance.,2,Line 2A,Shimpoli,2026-06-29,College,Maintenance,signage_and_fixtures,Negative,-0.51,High,Student,Resolved,English,Synthetic Complaint,escalator working need maintenance
MPF00990,"During my trip, Please review the fare for frequent daily commuters.",3,Line 3,Marol Naka,2026-01-24,College,Fare,fare_value,Neutral,-0.08,Medium,Working professional,In Review,English,Synthetic Review,trip please review fare frequent daily commuter
MPF00991,The staff member at the counter was rude and unhelpful.,1,Line 7,Jogeshwari East,2026-01-16,Daily commute,Staff Behaviour,security_assistance,Negative,-0.68,High,General,Not Required,English,Synthetic Complaint,staff member counter rude unhelpful
MPF00992,The coach was extremely crowded during peak hours.,1,Line 7,Aarey,2026-02-14,College,Crowding,peak_hour_crowding,Negative,-0.75,High,Student,In Review,English,Synthetic Survey,coach extremely crowded peak hour
MPF00993,Too many passengers were packed into the train today.,2,Line 6,Vikhroli,2026-02-08,Tourism,Crowding,door_area_crowding,Negative,-0.59,High,Working professional,Open,Hinglish,Synthetic Complaint,many passenger packed train today
MPF00994,"During my trip, The train was delayed by 15 minutes and I missed my connection.",1,Line 1,Ghatkopar,2026-06-04,Work,Delay,late_train,Negative,-0.74,High,General,In Review,English,Synthetic Survey,trip train delayed 15 minute missed connection
MPF00995,More seating and drinking water facilities are needed.,4,Line 6,Shyam Nagar,2026-01-11,Work,Facilities,escalator,Positive,0.58,Low,Senior citizen,Not Required,English,Synthetic Review,seating drinking water facility needed
MPF00996,The coach condition was good and everything looked maintained.,5,Line 1,Azad Nagar,2026-02-21,Tourism,Maintenance,equipment,Positive,0.91,Low,General,Resolved,English,Synthetic Complaint,coach condition good everything looked maintained
MPF00997,"Today, The lift was out of service and caused inconvenience.",2,Line 7,Dindoshi,2026-05-24,Daily commute,Facilities,escalator,Negative,-0.69,High,Tourist,Not Required,English,Synthetic Review,today lift service caused inconvenience
MPF00998,There should be more working ticket counters during rush hours.,3,Line 6,Vikhroli,2026-03-22,Work,Ticketing,qr_scanner,Neutral,0.07,Medium,Student,Open,English,Synthetic Complaint,working ticket counter rush hour
MPF00999,"Today, The train was delayed by 15 minutes and I missed my connection.",2,Line 1,Ghatkopar,2026-05-15,Tourism,Delay,late_train,Negative,-0.74,High,Student,Resolved,Hinglish,Synthetic Complaint,today train delayed 15 minute missed connection
MPF01000,"Today, Train service was running late today. Please improve punctuality.",2,Line 6,Shyam Nagar,2026-05-27,Other,Delay,missed_connection,Negative,-0.41,High,Senior citizen,In Review,English,Synthetic Survey,today train service running late today please improve punctuality
MPF01001,Frequent delays on this route are becoming difficult for daily commuters.,2,Line 6,Swami Samarth Nagar,2026-08-23,Work,Delay,service_frequency,Negative,-0.95,High,Senior citizen,Open,Hinglish,Synthetic Review,frequent delay route becoming difficult daily commuter
MPF01002,"During my trip, Too many passengers were packed into the train today.",2,Line 1,DN Nagar,2026-06-26,Other,Crowding,peak_hour_crowding,Negative,-0.54,High,Senior citizen,In Review,English,Synthetic Review,trip many passenger packed train today
MPF01003,"Today, Good value for money compared with other transport options.",5,Line 3,Marol Naka,2026-06-26,Other,Fare,fare_value,Positive,0.79,Low,Tourist,Not Required,English,Synthetic Complaint,today good value money compared transport option
MPF01004,The station floor was dirty and bins were overflowing.,2,Line 1,Andheri,2026-05-18,Work,Cleanliness,station_cleanliness,Negative,-0.63,High,Senior citizen,Resolved,Hinglish,Synthetic Review,station floor dirty bin overflowing
MPF01005,"Today, Buying the ticket was quick and easy.",5,Line 7,Mogharpada,2026-01-28,Tourism,Ticketing,ticket_machine,Positive,0.93,Low,Tourist,Not Required,English,Synthetic Review,today buying ticket quick easy
MPF01006,The ticket price feels expensive for a short journey.,2,Line 2A,Dahisar East,2026-07-16,College,Fare,fare_value,Negative,-0.69,High,Tourist,Resolved,English,Synthetic Complaint,ticket price feel expensive short journey
MPF01007,"In my experience, Security staff guided me properly when I asked for help.",3,Line 6,Jogeshwari,2026-02-21,College,Staff Behaviour,security_assistance,Neutral,0.09,Medium,Senior citizen,In Review,Hinglish,Synthetic Review,experience security staff guided properly asked help
MPF01008,"In my experience, The ticket price feels expensive for a short journey.",1,Line 1,Azad Nagar,2026-08-12,Other,Fare,fare_complaint,Negative,-0.81,High,Working professional,Resolved,English,Synthetic Survey,experience ticket price feel expensive short journey
MPF01009,"Overall, The station infrastructure appeared well maintained.",4,Line 1,DN Nagar,2026-05-17,College,Maintenance,infrastructure,Positive,0.77,Low,Student,Not Required,English,Synthetic Complaint,overall station infrastructure appeared well maintained
MPF01010,"Overall, Security presence at the station was reassuring.",4,Line 6,Jogeshwari,2026-01-31,Daily commute,Safety,platform_safety,Positive,0.82,Low,Tourist,Not Required,English,Synthetic Complaint,overall security presence station reassuring
MPF01011,"Today, The metro connection to other transport was convenient.",5,Line 1,Ghatkopar,2026-06-06,College,Connectivity,bus_connection,Positive,0.81,Low,General,Resolved,English,Synthetic Review,today metro connection transport convenient
MPF01012,"In my experience, The lift was out of service and caused inconvenience.",2,Line 7,Jogeshwari East,2026-08-14,College,Facilities,lift,Negative,-0.82,High,Working professional,Resolved,Hinglish,Synthetic Review,experience lift service caused inconvenience
MPF01013,Good value for money compared with other transport options.,5,Line 7,Aarey,2026-02-23,Tourism,Fare,fare_complaint,Positive,0.71,Low,Working professional,Resolved,Hinglish,Synthetic Review,good value money compared transport option
MPF01014,"Today, More seating and drinking water facilities are needed.",3,Line 3,Marol Naka,2026-02-25,College,Facilities,seating_and_water,Neutral,-0.03,Medium,Tourist,Open,English,Synthetic Survey,today seating drinking water facility needed
MPF01015,"In my experience, Security staff guided me properly when I asked for help.",4,Line 2A,Goregaon West,2026-06-16,College,Staff Behaviour,staff_helpfulness,Positive,0.7,Low,Working professional,Not Required,English,Synthetic Complaint,experience security staff guided properly asked help
MPF01016,"Overall, The fare is reasonable for the service provided.",4,Line 7,Mogharpada,2026-01-07,Work,Fare,frequent_commuter_cost,Positive,0.77,Low,Tourist,Not Required,Hinglish,Synthetic Review,overall fare reasonable service provided
MPF01017,"In my experience, The escalator was not working and needs maintenance.",2,Line 2A,Poisar,2026-03-04,Tourism,Maintenance,signage_and_fixtures,Negative,-0.57,High,Working professional,In Review,English,Synthetic Review,experience escalator working need maintenance
MPF01018,I felt safe throughout the journey and at the station.,4,Line 2A,Poisar,2026-02-21,Daily commute,Safety,general_safety,Positive,0.58,Low,Student,Not Required,English,Synthetic Review,felt safe throughout journey station
MPF01019,"In my experience, Buying the ticket was quick and easy.",5,Line 2A,Shimpoli,2026-01-26,Shopping,Ticketing,qr_scanner,Positive,0.78,Low,Tourist,Not Required,English,Synthetic Review,experience buying ticket quick easy
MPF01020,"In my experience, Crowding near the doors made boarding difficult.",3,Line 2A,Shimpoli,2026-08-06,Tourism,Crowding,peak_hour_crowding,Neutral,-0.02,Medium,General,In Review,English,Synthetic Complaint,experience crowding near door made boarding difficult
MPF01021,"Overall, The station has clean lifts and working escalators.",5,Line 1,DN Nagar,2026-05-27,Shopping,Facilities,lift,Positive,0.74,Low,Working professional,Not Required,English,Synthetic Complaint,overall station clean lift working escalator
MPF01022,The seating area and signage were useful.,4,Line 3,Aarey JVLR,2026-08-28,Work,Facilities,seating_and_water,Positive,0.58,Low,General,Not Required,English,Synthetic Survey,seating area signage useful
MPF01023,"In my experience, Buying the ticket was quick and easy.",5,Line 2A,Kandarpada,2026-05-12,Tourism,Ticketing,counter_queue,Positive,0.56,Low,Tourist,Not Required,Hinglish,Synthetic Survey,experience buying ticket quick easy
MPF01024,The seating area and signage were useful.,4,Line 6,Swami Samarth Nagar,2026-07-11,College,Facilities,seating_and_water,Positive,0.83,Low,Tourist,Not Required,Hinglish,Synthetic Review,seating area signage useful
MPF01025,"In my experience, I felt safe throughout the journey and at the station.",4,Line 3,Aarey JVLR,2026-01-10,Daily commute,Safety,general_safety,Positive,0.84,Low,Senior citizen,Not Required,English,Synthetic Review,experience felt safe throughout journey station
MPF01026,"Today, Security presence at the station was reassuring.",5,Line 7,Jogeshwari East,2026-03-10,Work,Safety,platform_safety,Positive,0.83,Low,Senior citizen,Not Required,English,Synthetic Review,today security presence station reassuring
MPF01027,"Overall, I felt safe throughout the journey and at the station.",4,Line 3,Aarey JVLR,2026-01-03,Work,Safety,general_safety,Positive,0.65,Low,Senior citizen,Not Required,English,Synthetic Survey,overall felt safe throughout journey station
MPF01028,"In my experience, The coach condition was good and everything looked maintained.",5,Line 1,Versova,2026-02-21,College,Maintenance,signage_and_fixtures,Positive,0.8,Low,Student,Resolved,English,Synthetic Survey,experience coach condition good everything looked maintained
MPF01029,"Today, The coach was clean and well maintained.",5,Line 1,DN Nagar,2026-07-01,Other,Cleanliness,station_cleanliness,Positive,0.63,Low,Student,Not Required,English,Synthetic Survey,today coach clean well maintained
MPF01030,"In my experience, The seating area and signage were useful.",3,Line 6,Jogeshwari,2026-02-06,Tourism,Facilities,seating_and_water,Neutral,-0.01,Medium,Student,Open,English,Synthetic Review,experience seating area signage useful
MPF01031,"Overall, The coach was clean and well maintained.",5,Line 6,Jogeshwari,2026-05-10,Work,Cleanliness,washroom_cleanliness,Positive,0.85,Low,Working professional,Resolved,English,Synthetic Review,overall coach clean well maintained
MPF01032,"Overall, Good value for money compared with other transport options.",5,Line 7,Dindoshi,2026-01-17,Other,Fare,fare_complaint,Positive,0.55,Low,Senior citizen,Not Required,English,Synthetic Survey,overall good value money compared transport option
MPF01033,"Today, Broken fixtures and damaged signs should be repaired.",1,Line 7,Aarey,2026-06-24,Other,Maintenance,signage_and_fixtures,Negative,-0.36,High,Student,In Review,English,Synthetic Complaint,today broken fixture damaged sign repaired
MPF01034,"During my trip, The QR ticket scanner worked smoothly.",5,Line 1,Ghatkopar,2026-02-13,College,Ticketing,ticket_machine,Positive,0.7,Low,Tourist,Not Required,English,Synthetic Complaint,trip qr ticket scanner worked smoothly
MPF01035,"Today, More seating and drinking water facilities are needed.",3,Line 7,Jogeshwari East,2026-09-01,Shopping,Facilities,lift,Neutral,0.07,Medium,Tourist,Resolved,English,Synthetic Review,today seating drinking water facility needed
MPF01036,"During my trip, The ticket price feels expensive for a short journey.",1,Line 2A,Kandarpada,2026-01-25,Other,Fare,fare_value,Negative,-0.69,High,Working professional,Open,English,Synthetic Survey,trip ticket price feel expensive short journey
MPF01037,"Overall, The train had comfortable space and was not crowded.",4,Line 3,Marol Naka,2026-05-05,Work,Crowding,platform_crowding,Positive,0.75,Low,Senior citizen,Not Required,Hinglish,Synthetic Survey,overall train comfortable space crowded
MPF01038,The ticket price feels expensive for a short journey.,2,Line 3,Marol Naka,2026-03-02,Daily commute,Fare,frequent_commuter_cost,Negative,-0.37,High,Senior citizen,In Review,English,Synthetic Survey,ticket price feel expensive short journey
MPF01039,"During my trip, Please review the fare for frequent daily commuters.",3,Line 3,MIDC,2026-02-03,College,Fare,frequent_commuter_cost,Neutral,-0.03,Medium,General,Not Required,English,Synthetic Complaint,trip please review fare frequent daily commuter
MPF01040,"In my experience, The platform was overcrowded and felt unsafe.",2,Line 7,Goregaon East,2026-03-01,Shopping,Safety,security_presence,Negative,-0.91,High,Senior citizen,In Review,English,Synthetic Complaint,experience platform overcrowded felt unsafe
MPF01041,"During my trip, The interchange process was smooth and well signposted.",5,Line 3,SEEPZ,2026-06-06,College,Connectivity,interchange,Positive,0.91,Low,General,Resolved,Hinglish,Synthetic Complaint,trip interchange process smooth well signposted
MPF01042,"During my trip, Broken fixtures and damaged signs should be repaired.",3,Line 2A,Poisar,2026-05-06,Shopping,Maintenance,equipment,Neutral,0.08,Medium,Working professional,Not Required,English,Synthetic Complaint,trip broken fixture damaged sign repaired
MPF01043,"Overall, Please improve cleanliness in the washroom area.",2,Line 6,Shyam Nagar,2026-01-01,College,Cleanliness,station_cleanliness,Negative,-0.52,High,Student,Open,English,Synthetic Complaint,overall please improve cleanliness washroom area
MPF01044,"During my trip, The lift was out of service and caused inconvenience.",2,Line 7,Mogharpada,2026-06-04,Tourism,Facilities,lift,Negative,-0.36,High,General,Open,English,Synthetic Complaint,trip lift service caused inconvenience
MPF01045,"Today, Security staff guided me properly when I asked for help.",4,Line 7,Aarey,2026-01-08,Daily commute,Staff Behaviour,security_assistance,Positive,0.83,Low,Senior citizen,Not Required,English,Synthetic Survey,today security staff guided properly asked help
MPF01046,"Today, Please improve passenger safety near the platform edge.",2,Line 3,Aarey JVLR,2026-03-12,Tourism,Safety,platform_safety,Negative,-0.62,High,Tourist,In Review,English,Synthetic Review,today please improve passenger safety near platform edge
MPF01047,"Overall, The ticket machine was not working and caused a queue.",2,Line 6,Vikhroli,2026-02-06,Daily commute,Ticketing,counter_queue,Negative,-0.38,High,Student,Resolved,Hinglish,Synthetic Review,overall ticket machine working caused queue
MPF01048,"During my trip, Frequent delays on this route are becoming difficult for daily commuters.",2,Line 3,BKC,2026-01-11,Tourism,Delay,missed_connection,Negative,-0.84,High,Student,Resolved,English,Synthetic Complaint,trip frequent delay route becoming difficult daily commuter
MPF01049,"Overall, The station has clean lifts and working escalators.",5,Line 1,DN Nagar,2026-01-21,Work,Facilities,escalator,Positive,0.59,Low,Working professional,Not Required,English,Synthetic Review,overall station clean lift working escalator
MPF01050,More seating and drinking water facilities are needed.,4,Line 7,Aarey,2026-02-10,Shopping,Facilities,lift,Positive,0.72,Low,Working professional,Not Required,English,Synthetic Review,seating drinking water facility needed
MPF01051,"In my experience, The station staff were polite and helpful.",4,Line 7,Dindoshi,2026-09-01,Other,Staff Behaviour,staff_politeness,Positive,0.57,Low,Working professional,Not Required,English,Synthetic Survey,experience station staff polite helpful
MPF01052,"Today, Security presence at the station was reassuring.",4,Line 2A,Goregaon West,2026-01-11,College,Safety,platform_safety,Positive,0.75,Low,Tourist,Resolved,English,Synthetic Survey,today security presence station reassuring
MPF01053,"Today, The staff member at the counter was rude and unhelpful.",1,Line 6,Swami Samarth Nagar,2026-02-24,Daily commute,Staff Behaviour,staff_politeness,Negative,-0.74,High,General,Open,Hinglish,Synthetic Review,today staff member counter rude unhelpful
MPF01054,"In my experience, The station infrastructure appeared well maintained.",4,Line 6,Swami Samarth Nagar,2026-03-25,Work,Maintenance,equipment,Positive,0.75,Low,Working professional,Not Required,English,Synthetic Survey,experience station infrastructure appeared well maintained
MPF01055,"Today, There should be more working ticket counters during rush hours.",3,Line 3,Aarey JVLR,2026-01-29,Other,Ticketing,ticket_machine,Neutral,0.09,Medium,General,Open,English,Synthetic Survey,today working ticket counter rush hour
MPF01056,"During my trip, The staff member at the counter was rude and unhelpful.",1,Line 3,Aarey JVLR,2026-08-16,College,Staff Behaviour,staff_helpfulness,Negative,-0.42,High,Senior citizen,Open,English,Synthetic Complaint,trip staff member counter rude unhelpful
MPF01057,"Overall, Very little waiting time today; the train arrived on schedule.",5,Line 2A,Goregaon West,2026-04-28,Work,Delay,service_frequency,Positive,0.89,Low,Tourist,Resolved,Hinglish,Synthetic Review,overall little waiting time today train arrived schedule
MPF01058,"In my experience, More seating and drinking water facilities are needed.",3,Line 6,Jogeshwari,2026-08-07,Other,Facilities,lift,Neutral,0.06,Medium,Working professional,Not Required,English,Synthetic Survey,experience seating drinking water facility needed
MPF01059,"During my trip, Very little waiting time today; the train arrived on schedule.",5,Line 6,Swami Samarth Nagar,2026-02-18,Tourism,Delay,service_frequency,Positive,0.7,Low,Working professional,Not Required,English,Synthetic Complaint,trip little waiting time today train arrived schedule
MPF01060,There should be more working ticket counters during rush hours.,2,Line 7,Aarey,2026-01-31,Daily commute,Ticketing,qr_scanner,Negative,-0.49,High,Senior citizen,Resolved,English,Synthetic Survey,working ticket counter rush hour
MPF01061,The coach was extremely crowded during peak hours.,2,Line 1,Azad Nagar,2026-05-25,Tourism,Crowding,door_area_crowding,Negative,-0.68,High,General,Not Required,English,Synthetic Complaint,coach extremely crowded peak hour
MPF01062,"Today, The station staff were polite and helpful.",4,Line 1,DN Nagar,2026-06-18,Shopping,Staff Behaviour,staff_politeness,Positive,0.56,Low,Tourist,Resolved,English,Synthetic Survey,today station staff polite helpful
MPF01063,The lift was out of service and caused inconvenience.,2,Line 7,Goregaon East,2026-01-12,Work,Facilities,seating_and_water,Negative,-0.37,High,Working professional,Not Required,English,Synthetic Complaint,lift service caused inconvenience
MPF01064,The lift was out of service and caused inconvenience.,2,Line 3,BKC,2026-02-11,Tourism,Facilities,escalator,Negative,-0.73,High,Senior citizen,Resolved,English,Synthetic Complaint,lift service caused inconvenience
MPF01065,"During my trip, It was difficult to connect from the metro to the bus stop.",2,Line 7,Mogharpada,2026-02-07,Shopping,Connectivity,last_mile,Negative,-0.85,High,Senior citizen,In Review,English,Synthetic Review,trip difficult connect metro bus stop
MPF01066,Good value for money compared with other transport options.,5,Line 3,BKC,2026-08-09,Work,Fare,frequent_commuter_cost,Positive,0.65,Low,Senior citizen,Not Required,Hinglish,Synthetic Complaint,good value money compared transport option
MPF01067,"During my trip, The platform was overcrowded and felt unsafe.",3,Line 2A,Dahisar East,2026-07-31,Other,Safety,general_safety,Neutral,0.03,Medium,Working professional,Open,Hinglish,Synthetic Survey,trip platform overcrowded felt unsafe
MPF01068,"In my experience, The fare is reasonable for the service provided.",3,Line 3,Aarey JVLR,2026-02-28,Tourism,Fare,frequent_commuter_cost,Neutral,0.0,Medium,Student,Open,English,Synthetic Complaint,experience fare reasonable service provided
MPF01069,"During my trip, Seats and windows were clean during my journey.",5,Line 7,Jogeshwari East,2026-06-26,Tourism,Cleanliness,coach_cleanliness,Positive,0.92,Low,Tourist,Resolved,English,Synthetic Review,trip seat window clean journey
MPF01070,Too many passengers were packed into the train today.,3,Line 2A,Poisar,2026-07-13,Shopping,Crowding,door_area_crowding,Neutral,0.06,Medium,Working professional,In Review,Hinglish,Synthetic Survey,many passenger packed train today
MPF01071,The metro connection to other transport was convenient.,4,Line 7,Dindoshi,2026-04-26,Daily commute,Connectivity,interchange,Positive,0.56,Low,Working professional,Not Required,English,Synthetic Review,metro connection transport convenient
MPF01072,"In my experience, The fare is reasonable for the service provided.",4,Line 3,SEEPZ,2026-06-01,College,Fare,fare_value,Positive,0.69,Low,Working professional,Resolved,English,Synthetic Complaint,experience fare reasonable service provided
MPF01073,The seating area and signage were useful.,4,Line 3,Aarey JVLR,2026-06-08,Shopping,Facilities,escalator,Positive,0.83,Low,General,Resolved,English,Synthetic Complaint,seating area signage useful
MPF01074,The fare is reasonable for the service provided.,4,Line 3,Aarey JVLR,2026-07-11,Daily commute,Fare,fare_complaint,Positive,0.65,Low,Student,Not Required,English,Synthetic Review,fare reasonable service provided
MPF01075,"During my trip, The station has clean lifts and working escalators.",5,Line 2A,Goregaon West,2026-02-02,Shopping,Facilities,seating_and_water,Positive,0.86,Low,Working professional,Not Required,English,Synthetic Complaint,trip station clean lift working escalator
MPF01076,"Overall, The station has clean lifts and working escalators.",5,Line 1,Ghatkopar,2026-01-31,Tourism,Facilities,seating_and_water,Positive,0.66,Low,Tourist,Not Required,English,Synthetic Complaint,overall station clean lift working escalator
MPF01077,"Overall, Crowding near the doors made boarding difficult.",1,Line 6,Vikhroli,2026-02-20,College,Crowding,door_area_crowding,Negative,-0.78,High,Tourist,Open,English,Synthetic Survey,overall crowding near door made boarding difficult
MPF01078,"Overall, Frequent delays on this route are becoming difficult for daily commuters.",2,Line 3,MIDC,2026-04-24,Work,Delay,missed_connection,Negative,-0.92,High,Working professional,Open,English,Synthetic Complaint,overall frequent delay route becoming difficult daily commuter
MPF01079,"In my experience, Too many passengers were packed into the train today.",3,Line 1,Andheri,2026-07-01,Shopping,Crowding,platform_crowding,Neutral,-0.1,Medium,Senior citizen,Resolved,English,Synthetic Survey,experience many passenger packed train today
MPF01080,Please improve cleanliness in the washroom area.,2,Line 7,Mogharpada,2026-08-13,Other,Cleanliness,washroom_cleanliness,Negative,-0.69,High,Tourist,Not Required,English,Synthetic Review,please improve cleanliness washroom area
MPF01081,The ticket price feels expensive for a short journey.,1,Line 7,Jogeshwari East,2026-05-20,Tourism,Fare,fare_complaint,Negative,-0.85,High,Working professional,Resolved,English,Synthetic Complaint,ticket price feel expensive short journey
MPF01082,"Overall, The station has clean lifts and working escalators.",5,Line 6,Shyam Nagar,2026-07-11,Tourism,Facilities,seating_and_water,Positive,0.72,Low,Student,Not Required,English,Synthetic Survey,overall station clean lift working escalator
MPF01083,I felt safe throughout the journey and at the station.,4,Line 3,Aarey JVLR,2026-08-24,College,Safety,platform_safety,Positive,0.76,Low,General,Not Required,English,Synthetic Review,felt safe throughout journey station
MPF01084,"Today, Please train staff to respond more politely to passengers.",2,Line 3,MIDC,2026-06-20,Shopping,Staff Behaviour,staff_politeness,Negative,-0.89,High,General,Not Required,English,Synthetic Survey,today please train staff respond politely passenger
MPF01085,Please improve cleanliness in the washroom area.,3,Line 6,Jogeshwari,2026-07-31,Other,Cleanliness,station_cleanliness,Neutral,-0.07,Medium,Tourist,In Review,Hinglish,Synthetic Survey,please improve cleanliness washroom area
MPF01086,"Today, The fare is reasonable for the service provided.",3,Line 3,Aarey JVLR,2026-08-21,Other,Fare,fare_value,Neutral,-0.06,Medium,Senior citizen,Open,English,Synthetic Complaint,today fare reasonable service provided
MPF01087,"Overall, Better last-mile connectivity would help passengers.",3,Line 3,BKC,2026-01-08,College,Connectivity,bus_connection,Neutral,0.02,Medium,Tourist,Resolved,English,Synthetic Complaint,overall better lastmile connectivity would help passenger
MPF01088,The station floor was dirty and bins were overflowing.,2,Line 1,Ghatkopar,2026-08-03,College,Cleanliness,washroom_cleanliness,Negative,-0.78,High,Tourist,In Review,English,Synthetic Review,station floor dirty bin overflowing
MPF01089,"Today, There should be more working ticket counters during rush hours.",2,Line 6,Shyam Nagar,2026-03-28,Other,Ticketing,ticket_machine,Negative,-0.5,High,General,Open,English,Synthetic Review,today working ticket counter rush hour
MPF01090,"During my trip, The metro connection to other transport was convenient.",5,Line 3,SEEPZ,2026-02-18,Tourism,Connectivity,bus_connection,Positive,0.9,Low,General,Not Required,English,Synthetic Complaint,trip metro connection transport convenient
MPF01091,"During my trip, Please improve passenger safety near the platform edge.",3,Line 7,Dindoshi,2026-03-17,Other,Safety,platform_safety,Neutral,-0.02,Medium,Working professional,Open,English,Synthetic Complaint,trip please improve passenger safety near platform edge
MPF01092,"Today, The interchange process was smooth and well signposted.",5,Line 7,Mogharpada,2026-08-01,Daily commute,Connectivity,bus_connection,Positive,0.76,Low,Senior citizen,Resolved,English,Synthetic Complaint,today interchange process smooth well signposted
MPF01093,"Today, The platform was overcrowded and felt unsafe.",2,Line 2A,Poisar,2026-03-06,Shopping,Safety,platform_safety,Negative,-0.39,High,General,Resolved,English,Synthetic Survey,today platform overcrowded felt unsafe
MPF01094,"Overall, The fare is reasonable for the service provided.",4,Line 3,BKC,2026-04-18,Shopping,Fare,fare_value,Positive,0.92,Low,General,Resolved,English,Synthetic Complaint,overall fare reasonable service provided
MPF01095,Please review the fare for frequent daily commuters.,3,Line 7,Aarey,2026-07-14,College,Fare,fare_value,Neutral,-0.01,Medium,Student,Not Required,English,Synthetic Review,please review fare frequent daily commuter
MPF01096,"In my experience, Buying the ticket was quick and easy.",5,Line 1,Andheri,2026-03-28,Daily commute,Ticketing,qr_scanner,Positive,0.6,Low,Tourist,Not Required,English,Synthetic Survey,experience buying ticket quick easy
MPF01097,"Overall, The ticket price feels expensive for a short journey.",3,Line 7,Goregaon East,2026-01-06,College,Fare,frequent_commuter_cost,Neutral,0.02,Medium,General,Open,English,Synthetic Survey,overall ticket price feel expensive short journey
MPF01098,"Overall, The staff member at the counter was rude and unhelpful.",2,Line 6,Shyam Nagar,2026-02-01,Work,Staff Behaviour,staff_politeness,Negative,-0.58,High,Student,In Review,English,Synthetic Review,overall staff member counter rude unhelpful
MPF01099,"In my experience, The staff member at the counter was rude and unhelpful.",1,Line 2A,Poisar,2026-03-20,Work,Staff Behaviour,staff_helpfulness,Negative,-0.41,High,Senior citizen,Open,English,Synthetic Complaint,experience staff member counter rude unhelpful
MPF01100,"Overall, Please review the fare for frequent daily commuters.",2,Line 6,Kanjurmarg,2026-07-12,Shopping,Fare,fare_complaint,Negative,-0.44,High,Tourist,Resolved,English,Synthetic Complaint,overall please review fare frequent daily commuter
MPF01101,"Today, The ticket machine was not working and caused a queue.",2,Line 1,Ghatkopar,2026-06-07,Tourism,Ticketing,counter_queue,Negative,-0.48,High,Senior citizen,Resolved,English,Synthetic Complaint,today ticket machine working caused queue
MPF01102,Security staff guided me properly when I asked for help.,5,Line 3,BKC,2026-03-22,Other,Staff Behaviour,staff_helpfulness,Positive,0.88,Low,Tourist,Not Required,English,Synthetic Survey,security staff guided properly asked help
MPF01103,"Today, Security staff guided me properly when I asked for help.",5,Line 3,SEEPZ,2026-07-24,Daily commute,Staff Behaviour,staff_politeness,Positive,0.9,Low,General,Not Required,English,Synthetic Complaint,today security staff guided properly asked help
MPF01104,Security presence at the station was reassuring.,5,Line 3,BKC,2026-03-10,Shopping,Safety,security_presence,Positive,0.72,Low,Tourist,Not Required,English,Synthetic Survey,security presence station reassuring
MPF01105,"In my experience, Too many passengers were packed into the train today.",3,Line 7,Jogeshwari East,2026-07-14,Work,Crowding,peak_hour_crowding,Neutral,0.02,Medium,Student,In Review,Hinglish,Synthetic Survey,experience many passenger packed train today
MPF01106,The coach was clean and well maintained.,5,Line 1,DN Nagar,2026-02-28,Shopping,Cleanliness,station_cleanliness,Positive,0.92,Low,Working professional,Not Required,English,Synthetic Survey,coach clean well maintained
MPF01107,The metro connection to other transport was convenient.,5,Line 7,Dindoshi,2026-03-02,Other,Connectivity,interchange,Positive,0.57,Low,Working professional,Not Required,English,Synthetic Survey,metro connection transport convenient
MPF01108,"During my trip, The coach was clean and well maintained.",5,Line 2A,Goregaon West,2026-08-27,Shopping,Cleanliness,coach_cleanliness,Positive,0.76,Low,General,Not Required,English,Synthetic Complaint,trip coach clean well maintained
MPF01109,"In my experience, The platform was overcrowded and felt unsafe.",1,Line 2A,Dahisar East,2026-08-05,Daily commute,Safety,platform_safety,Negative,-0.65,High,Tourist,In Review,English,Synthetic Survey,experience platform overcrowded felt unsafe
MPF01110,"Overall, Security presence at the station was reassuring.",5,Line 2A,Goregaon West,2026-02-04,Daily commute,Safety,platform_safety,Positive,0.62,Low,Working professional,Not Required,English,Synthetic Review,overall security presence station reassuring
MPF01111,"Today, Better last-mile connectivity would help passengers.",4,Line 7,Jogeshwari East,2026-07-03,Shopping,Connectivity,last_mile,Positive,0.77,Low,General,Resolved,English,Synthetic Complaint,today better lastmile connectivity would help passenger
MPF01112,"In my experience, Better last-mile connectivity would help passengers.",3,Line 3,SEEPZ,2026-01-30,Daily commute,Connectivity,last_mile,Neutral,-0.07,Medium,Working professional,In Review,English,Synthetic Review,experience better lastmile connectivity would help passenger
MPF01113,Good value for money compared with other transport options.,5,Line 3,Marol Naka,2026-07-22,Daily commute,Fare,frequent_commuter_cost,Positive,0.74,Low,Working professional,Not Required,English,Synthetic Complaint,good value money compared transport option
MPF01114,The ticket price feels expensive for a short journey.,2,Line 2A,Kandarpada,2026-08-14,College,Fare,fare_value,Negative,-0.41,High,Tourist,Resolved,English,Synthetic Review,ticket price feel expensive short journey
MPF01115,"Overall, The fare is reasonable for the service provided.",3,Line 3,MIDC,2026-08-12,Daily commute,Fare,fare_complaint,Neutral,-0.04,Medium,Senior citizen,Resolved,English,Synthetic Complaint,overall fare reasonable service provided
MPF01116,"In my experience, The QR ticket scanner worked smoothly.",5,Line 1,Ghatkopar,2026-02-12,Shopping,Ticketing,ticket_machine,Positive,0.57,Low,Student,Not Required,English,Synthetic Complaint,experience qr ticket scanner worked smoothly
MPF01117,The interchange process was smooth and well signposted.,5,Line 1,DN Nagar,2026-04-28,Tourism,Connectivity,bus_connection,Positive,0.64,Low,Senior citizen,Not Required,English,Synthetic Complaint,interchange process smooth well signposted
MPF01118,"In my experience, The QR ticket scanner worked smoothly.",5,Line 6,Shyam Nagar,2026-07-06,Shopping,Ticketing,qr_scanner,Positive,0.6,Low,Tourist,Resolved,English,Synthetic Complaint,experience qr ticket scanner worked smoothly
MPF01119,"During my trip, The station floor was dirty and bins were overflowing.",2,Line 6,Kanjurmarg,2026-06-07,Other,Cleanliness,station_cleanliness,Negative,-0.51,High,Senior citizen,Open,English,Synthetic Survey,trip station floor dirty bin overflowing
MPF01120,"During my trip, The station staff were polite and helpful.",4,Line 7,Jogeshwari East,2026-05-21,Work,Staff Behaviour,security_assistance,Positive,0.93,Low,Tourist,Not Required,English,Synthetic Review,trip station staff polite helpful
MPF01121,The train was delayed by 10 minutes and I missed my connection.,2,Line 7,Dindoshi,2026-01-30,Daily commute,Delay,late_train,Negative,-0.51,High,Working professional,Resolved,English,Synthetic Review,train delayed 10 minute missed connection
MPF01122,"During my trip, The station infrastructure appeared well maintained.",5,Line 3,SEEPZ,2026-06-20,Other,Maintenance,signage_and_fixtures,Positive,0.77,Low,Senior citizen,Resolved,English,Synthetic Survey,trip station infrastructure appeared well maintained
MPF01123,The ticket machine was not working and caused a queue.,2,Line 6,Kanjurmarg,2026-09-01,College,Ticketing,qr_scanner,Negative,-0.66,High,General,Resolved,English,Synthetic Survey,ticket machine working caused queue
MPF01124,"Overall, The station floor was dirty and bins were overflowing.",2,Line 7,Goregaon East,2026-05-19,Work,Cleanliness,washroom_cleanliness,Negative,-0.42,High,Tourist,Not Required,Hinglish,Synthetic Complaint,overall station floor dirty bin overflowing
MPF01125,"During my trip, Please review the fare for frequent daily commuters.",3,Line 7,Jogeshwari East,2026-08-26,Work,Fare,fare_value,Neutral,-0.08,Medium,General,Not Required,English,Synthetic Review,trip please review fare frequent daily commuter
MPF01126,"Today, The ticket price feels expensive for a short journey.",1,Line 3,Marol Naka,2026-08-26,College,Fare,fare_complaint,Negative,-0.75,High,Student,Resolved,English,Synthetic Review,today ticket price feel expensive short journey
MPF01127,"During my trip, Please review the fare for frequent daily commuters.",3,Line 6,Jogeshwari,2026-04-07,Work,Fare,fare_value,Neutral,0.02,Medium,Senior citizen,In Review,English,Synthetic Complaint,trip please review fare frequent daily commuter
MPF01128,"In my experience, The coach was clean and well maintained.",5,Line 1,Andheri,2026-01-09,Daily commute,Cleanliness,coach_cleanliness,Positive,0.75,Low,Working professional,Not Required,Hinglish,Synthetic Survey,experience coach clean well maintained
MPF01129,"Overall, I felt safe throughout the journey and at the station.",5,Line 7,Goregaon East,2026-07-30,Daily commute,Safety,platform_safety,Positive,0.68,Low,General,Resolved,English,Synthetic Survey,overall felt safe throughout journey station
MPF01130,"In my experience, The station has clean lifts and working escalators.",5,Line 2A,Poisar,2026-04-29,Tourism,Facilities,seating_and_water,Positive,0.8,Low,Student,Not Required,Hinglish,Synthetic Survey,experience station clean lift working escalator
MPF01131,"In my experience, The metro connection to other transport was convenient.",5,Line 7,Dindoshi,2026-07-27,Daily commute,Connectivity,bus_connection,Positive,0.83,Low,Tourist,Resolved,Hinglish,Synthetic Review,experience metro connection transport convenient
MPF01132,"Today, The QR ticket scanner worked smoothly.",5,Line 7,Mogharpada,2026-02-08,Work,Ticketing,qr_scanner,Positive,0.87,Low,Senior citizen,Not Required,English,Synthetic Review,today qr ticket scanner worked smoothly
MPF01133,The coach was clean and well maintained.,5,Line 2A,Dahisar East,2026-06-26,Shopping,Cleanliness,station_cleanliness,Positive,0.59,Low,Working professional,Not Required,English,Synthetic Review,coach clean well maintained
MPF01134,More seating and drinking water facilities are needed.,4,Line 6,Jogeshwari,2026-04-11,College,Facilities,lift,Positive,0.84,Low,Working professional,Not Required,Hinglish,Synthetic Survey,seating drinking water facility needed
MPF01135,"Today, The train was delayed by 15 minutes and I missed my connection.",2,Line 7,Aarey,2026-07-28,Shopping,Delay,service_frequency,Negative,-0.46,High,Tourist,In Review,English,Synthetic Survey,today train delayed 15 minute missed connection
MPF01136,"Overall, The escalator was not working and needs maintenance.",2,Line 3,SEEPZ,2026-05-12,Shopping,Maintenance,signage_and_fixtures,Negative,-0.7,High,Senior citizen,Open,English,Synthetic Survey,overall escalator working need maintenance
MPF01137,The staff member at the counter was rude and unhelpful.,1,Line 3,SEEPZ,2026-01-01,Other,Staff Behaviour,staff_politeness,Negative,-0.57,High,Senior citizen,In Review,English,Synthetic Review,staff member counter rude unhelpful
MPF01138,"During my trip, The staff member at the counter was rude and unhelpful.",2,Line 3,BKC,2026-07-17,Shopping,Staff Behaviour,security_assistance,Negative,-0.79,High,General,Open,Hinglish,Synthetic Review,trip staff member counter rude unhelpful
MPF01139,"Today, The station infrastructure appeared well maintained.",3,Line 1,Azad Nagar,2026-08-01,Daily commute,Maintenance,equipment,Neutral,-0.04,Medium,Tourist,Not Required,English,Synthetic Review,today station infrastructure appeared well maintained
MPF01140,"In my experience, The escalator was not working and needs maintenance.",2,Line 3,BKC,2026-03-09,College,Maintenance,infrastructure,Negative,-0.68,High,Student,In Review,English,Synthetic Review,experience escalator working need maintenance
MPF01141,"Overall, Train service was running late today. Please improve punctuality.",2,Line 6,Jogeshwari,2026-08-29,Daily commute,Delay,service_frequency,Negative,-0.95,High,Student,Resolved,English,Synthetic Complaint,overall train service running late today please improve punctuality
MPF01142,"In my experience, Buying the ticket was quick and easy.",5,Line 1,Ghatkopar,2026-07-05,Tourism,Ticketing,counter_queue,Positive,0.76,Low,Senior citizen,Not Required,English,Synthetic Complaint,experience buying ticket quick easy
MPF01143,"Today, The station staff were polite and helpful.",4,Line 2A,Goregaon West,2026-03-08,Work,Staff Behaviour,staff_politeness,Positive,0.68,Low,Tourist,Resolved,English,Synthetic Complaint,today station staff polite helpful
MPF01144,"Overall, The ticket price feels expensive for a short journey.",2,Line 7,Goregaon East,2026-02-09,College,Fare,fare_value,Negative,-0.73,High,Senior citizen,Not Required,Hinglish,Synthetic Survey,overall ticket price feel expensive short journey
MPF01145,Seats and windows were clean during my journey.,5,Line 1,DN Nagar,2026-06-07,Tourism,Cleanliness,station_cleanliness,Positive,0.69,Low,General,Not Required,English,Synthetic Complaint,seat window clean journey
MPF01146,"Today, Seats and windows were clean during my journey.",5,Line 1,Versova,2026-02-07,College,Cleanliness,station_cleanliness,Positive,0.77,Low,Student,Not Required,Hinglish,Synthetic Survey,today seat window clean journey
MPF01147,"During my trip, It was difficult to connect from the metro to the bus stop.",1,Line 2A,Goregaon West,2026-02-12,Shopping,Connectivity,interchange,Negative,-0.75,High,Tourist,Resolved,English,Synthetic Survey,trip difficult connect metro bus stop
MPF01148,"Overall, The coach condition was good and everything looked maintained.",5,Line 6,Vikhroli,2026-01-10,Shopping,Maintenance,equipment,Positive,0.77,Low,Tourist,Not Required,English,Synthetic Survey,overall coach condition good everything looked maintained
MPF01149,"During my trip, The station infrastructure appeared well maintained.",4,Line 2A,Dahisar East,2026-06-02,Daily commute,Maintenance,signage_and_fixtures,Positive,0.72,Low,Senior citizen,Not Required,Hinglish,Synthetic Survey,trip station infrastructure appeared well maintained
MPF01150,"Today, The escalator was not working and needs maintenance.",3,Line 6,Swami Samarth Nagar,2026-03-23,Other,Maintenance,infrastructure,Neutral,0.1,Medium,Senior citizen,Not Required,English,Synthetic Complaint,today escalator working need maintenance
MPF01151,Good value for money compared with other transport options.,4,Line 7,Mogharpada,2026-03-29,Other,Fare,fare_complaint,Positive,0.93,Low,Working professional,Not Required,English,Synthetic Review,good value money compared transport option
MPF01152,"During my trip, I felt safe throughout the journey and at the station.",5,Line 1,Ghatkopar,2026-06-04,Daily commute,Safety,general_safety,Positive,0.71,Low,Senior citizen,Not Required,English,Synthetic Complaint,trip felt safe throughout journey station
MPF01153,"During my trip, The coach was clean and well maintained.",5,Line 1,Versova,2026-03-12,Work,Cleanliness,station_cleanliness,Positive,0.91,Low,General,Not Required,English,Synthetic Survey,trip coach clean well maintained
MPF01154,"During my trip, Seats and windows were clean during my journey.",4,Line 6,Kanjurmarg,2026-03-27,Daily commute,Cleanliness,station_cleanliness,Positive,0.91,Low,Senior citizen,Not Required,Hinglish,Synthetic Complaint,trip seat window clean journey
MPF01155,The coach was clean and well maintained.,4,Line 1,DN Nagar,2026-03-09,Daily commute,Cleanliness,coach_cleanliness,Positive,0.91,Low,Tourist,Resolved,English,Synthetic Survey,coach clean well maintained
MPF01156,"Overall, The station staff were polite and helpful.",5,Line 6,Kanjurmarg,2026-07-06,Tourism,Staff Behaviour,security_assistance,Positive,0.81,Low,Student,Not Required,English,Synthetic Survey,overall station staff polite helpful
MPF01157,It was difficult to connect from the metro to the bus stop.,3,Line 2A,Shimpoli,2026-04-21,Tourism,Connectivity,interchange,Neutral,0.08,Medium,Working professional,Open,English,Synthetic Survey,difficult connect metro bus stop
MPF01158,"Overall, Security staff guided me properly when I asked for help.",4,Line 6,Vikhroli,2026-06-30,Shopping,Staff Behaviour,staff_helpfulness,Positive,0.94,Low,General,Resolved,English,Synthetic Survey,overall security staff guided properly asked help
MPF01159,"Today, The station has clean lifts and working escalators.",5,Line 7,Mogharpada,2026-02-03,College,Facilities,seating_and_water,Positive,0.63,Low,Working professional,Resolved,English,Synthetic Survey,today station clean lift working escalator
MPF01160,The station staff were polite and helpful.,5,Line 1,DN Nagar,2026-07-03,Work,Staff Behaviour,staff_politeness,Positive,0.6,Low,Senior citizen,Resolved,Hinglish,Synthetic Survey,station staff polite helpful
MPF01161,"Today, Seats and windows were clean during my journey.",5,Line 1,Azad Nagar,2026-06-18,Other,Cleanliness,washroom_cleanliness,Positive,0.61,Low,Student,Not Required,Hinglish,Synthetic Review,today seat window clean journey
MPF01162,"Today, The staff member at the counter was rude and unhelpful.",1,Line 7,Jogeshwari East,2026-01-13,Other,Staff Behaviour,staff_helpfulness,Negative,-0.84,High,Working professional,In Review,English,Synthetic Review,today staff member counter rude unhelpful
MPF01163,The lift was out of service and caused inconvenience.,2,Line 1,Azad Nagar,2026-03-14,Work,Facilities,escalator,Negative,-0.64,High,Tourist,In Review,English,Synthetic Survey,lift service caused inconvenience
MPF01164,Frequent delays on this route are becoming difficult for daily commuters.,3,Line 2A,Poisar,2026-04-10,College,Delay,service_frequency,Neutral,-0.01,Medium,Working professional,In Review,English,Synthetic Review,frequent delay route becoming difficult daily commuter
MPF01165,Please train staff to respond more politely to passengers.,2,Line 2A,Poisar,2026-03-10,Shopping,Staff Behaviour,security_assistance,Negative,-0.56,High,Working professional,Open,Hinglish,Synthetic Survey,please train staff respond politely passenger
MPF01166,"In my experience, Buying the ticket was quick and easy.",5,Line 7,Mogharpada,2026-03-06,Daily commute,Ticketing,ticket_machine,Positive,0.85,Low,Student,Not Required,English,Synthetic Review,experience buying ticket quick easy
MPF01167,"Today, The escalator was not working and needs maintenance.",3,Line 6,Kanjurmarg,2026-03-29,Daily commute,Maintenance,infrastructure,Neutral,-0.1,Medium,Senior citizen,Resolved,English,Synthetic Complaint,today escalator working need maintenance
MPF01168,"During my trip, The coach was extremely crowded during peak hours.",2,Line 3,MIDC,2026-08-04,College,Crowding,platform_crowding,Negative,-0.8,High,General,Resolved,English,Synthetic Complaint,trip coach extremely crowded peak hour
MPF01169,"Today, I felt safe throughout the journey and at the station.",5,Line 6,Kanjurmarg,2026-07-14,Work,Safety,platform_safety,Positive,0.63,Low,Senior citizen,Not Required,English,Synthetic Review,today felt safe throughout journey station
MPF01170,"In my experience, The lift was out of service and caused inconvenience.",1,Line 6,Shyam Nagar,2026-08-10,Daily commute,Facilities,lift,Negative,-0.54,High,General,Open,Hinglish,Synthetic Review,experience lift service caused inconvenience
MPF01171,"In my experience, The fare is reasonable for the service provided.",4,Line 2A,Poisar,2026-01-03,Work,Fare,frequent_commuter_cost,Positive,0.84,Low,Working professional,Not Required,English,Synthetic Review,experience fare reasonable service provided
MPF01172,There should be more working ticket counters during rush hours.,2,Line 3,Aarey JVLR,2026-05-18,Tourism,Ticketing,qr_scanner,Negative,-0.4,High,Student,In Review,English,Synthetic Complaint,working ticket counter rush hour
MPF01173,"Overall, The seating area and signage were useful.",3,Line 2A,Dahisar East,2026-01-23,Shopping,Facilities,seating_and_water,Neutral,0.09,Medium,Working professional,In Review,English,Synthetic Survey,overall seating area signage useful
MPF01174,"Today, The station infrastructure appeared well maintained.",4,Line 6,Jogeshwari,2026-06-10,Shopping,Maintenance,signage_and_fixtures,Positive,0.92,Low,General,Resolved,English,Synthetic Survey,today station infrastructure appeared well maintained
MPF01175,"Overall, The staff member at the counter was rude and unhelpful.",1,Line 1,Versova,2026-01-16,Work,Staff Behaviour,security_assistance,Negative,-0.51,High,Working professional,In Review,English,Synthetic Review,overall staff member counter rude unhelpful
MPF01176,The escalator was not working and needs maintenance.,2,Line 3,MIDC,2026-05-02,College,Maintenance,equipment,Negative,-0.73,High,Tourist,Not Required,English,Synthetic Survey,escalator working need maintenance
MPF01177,"Overall, I felt safe throughout the journey and at the station.",5,Line 1,DN Nagar,2026-02-28,Work,Safety,general_safety,Positive,0.59,Low,Working professional,Not Required,English,Synthetic Review,overall felt safe throughout journey station
MPF01178,"Overall, The interchange process was smooth and well signposted.",5,Line 2A,Kandarpada,2026-08-03,Tourism,Connectivity,bus_connection,Positive,0.76,Low,Working professional,Not Required,Hinglish,Synthetic Complaint,overall interchange process smooth well signposted
MPF01179,The ticket machine was not working and caused a queue.,2,Line 7,Goregaon East,2026-01-30,Shopping,Ticketing,qr_scanner,Negative,-0.71,High,General,Not Required,English,Synthetic Complaint,ticket machine working caused queue
MPF01180,"Today, The station staff were polite and helpful.",5,Line 2A,Dahisar East,2026-07-24,Tourism,Staff Behaviour,staff_politeness,Positive,0.91,Low,Working professional,Resolved,English,Synthetic Survey,today station staff polite helpful
MPF01181,"In my experience, The metro connection to other transport was convenient.",5,Line 2A,Dahisar East,2026-02-04,Tourism,Connectivity,interchange,Positive,0.58,Low,General,Not Required,English,Synthetic Complaint,experience metro connection transport convenient
MPF01182,"Overall, The lift was out of service and caused inconvenience.",1,Line 1,Azad Nagar,2026-07-14,Tourism,Facilities,escalator,Negative,-0.64,High,Tourist,Not Required,English,Synthetic Complaint,overall lift service caused inconvenience
MPF01183,The QR ticket scanner worked smoothly.,4,Line 3,MIDC,2026-02-12,Other,Ticketing,qr_scanner,Positive,0.86,Low,Student,Not Required,Hinglish,Synthetic Review,qr ticket scanner worked smoothly
MPF01184,The station floor was dirty and bins were overflowing.,2,Line 6,Swami Samarth Nagar,2026-02-08,Tourism,Cleanliness,station_cleanliness,Negative,-0.48,High,Senior citizen,Not Required,English,Synthetic Complaint,station floor dirty bin overflowing
MPF01185,"During my trip, Seats and windows were clean during my journey.",5,Line 7,Jogeshwari East,2026-05-14,Work,Cleanliness,coach_cleanliness,Positive,0.58,Low,General,Not Required,English,Synthetic Review,trip seat window clean journey
MPF01186,"Today, Buying the ticket was quick and easy.",5,Line 2A,Shimpoli,2026-03-08,Shopping,Ticketing,ticket_machine,Positive,0.57,Low,Tourist,Not Required,English,Synthetic Complaint,today buying ticket quick easy
MPF01187,"In my experience, I felt safe throughout the journey and at the station.",5,Line 3,SEEPZ,2026-07-24,Shopping,Safety,security_presence,Positive,0.76,Low,Tourist,Not Required,English,Synthetic Survey,experience felt safe throughout journey station
MPF01188,Security presence at the station was reassuring.,5,Line 6,Jogeshwari,2026-01-11,Work,Safety,general_safety,Positive,0.67,Low,General,Resolved,English,Synthetic Complaint,security presence station reassuring
MPF01189,"Today, The ticket price feels expensive for a short journey.",3,Line 3,Aarey JVLR,2026-07-19,Tourism,Fare,frequent_commuter_cost,Neutral,0.07,Medium,Tourist,Not Required,English,Synthetic Complaint,today ticket price feel expensive short journey
MPF01190,"During my trip, The coach was extremely crowded during peak hours.",1,Line 6,Jogeshwari,2026-08-23,Shopping,Crowding,platform_crowding,Negative,-0.39,High,Senior citizen,Not Required,Hinglish,Synthetic Complaint,trip coach extremely crowded peak hour
MPF01191,"Today, The ticket machine was not working and caused a queue.",2,Line 1,Versova,2026-06-15,Work,Ticketing,ticket_machine,Negative,-0.42,High,General,Open,English,Synthetic Complaint,today ticket machine working caused queue
MPF01192,The staff member at the counter was rude and unhelpful.,1,Line 3,SEEPZ,2026-03-18,Tourism,Staff Behaviour,staff_politeness,Negative,-0.53,High,Senior citizen,In Review,English,Synthetic Review,staff member counter rude unhelpful
MPF01193,"In my experience, The ticket price feels expensive for a short journey.",2,Line 1,DN Nagar,2026-03-16,College,Fare,frequent_commuter_cost,Negative,-0.82,High,Senior citizen,Not Required,English,Synthetic Review,experience ticket price feel expensive short journey
MPF01194,Security presence at the station was reassuring.,5,Line 3,MIDC,2026-08-10,Work,Safety,general_safety,Positive,0.71,Low,Senior citizen,Not Required,English,Synthetic Survey,security presence station reassuring
MPF01195,"Today, More seating and drinking water facilities are needed.",3,Line 1,Andheri,2026-07-07,Tourism,Facilities,lift,Neutral,0.07,Medium,General,Not Required,Hinglish,Synthetic Survey,today seating drinking water facility needed
MPF01196,"During my trip, It was difficult to connect from the metro to the bus stop.",2,Line 7,Dindoshi,2026-03-16,Other,Connectivity,last_mile,Negative,-0.67,High,Student,In Review,English,Synthetic Survey,trip difficult connect metro bus stop
MPF01197,"Overall, The staff member at the counter was rude and unhelpful.",1,Line 1,Versova,2026-07-06,Tourism,Staff Behaviour,staff_politeness,Negative,-0.83,High,Senior citizen,Not Required,English,Synthetic Review,overall staff member counter rude unhelpful
MPF01198,"In my experience, The coach was clean and well maintained.",5,Line 2A,Dahisar East,2026-01-24,Other,Cleanliness,washroom_cleanliness,Positive,0.76,Low,Student,Not Required,English,Synthetic Complaint,experience coach clean well maintained
MPF01199,"During my trip, The staff member at the counter was rude and unhelpful.",1,Line 2A,Poisar,2026-07-14,Shopping,Staff Behaviour,security_assistance,Negative,-0.93,High,Student,Not Required,English,Synthetic Complaint,trip staff member counter rude unhelpful
MPF01200,"In my experience, The fare is reasonable for the service provided.",4,Line 3,SEEPZ,2026-07-30,Other,Fare,fare_value,Positive,0.86,Low,General,Not Required,Hinglish,Synthetic Survey,experience fare reasonable service provided
MPF01201,Seats and windows were clean during my journey.,5,Line 1,Ghatkopar,2026-03-27,Tourism,Cleanliness,station_cleanliness,Positive,0.6,Low,General,Resolved,Hinglish,Synthetic Review,seat window clean journey
MPF01202,"Today, Buying the ticket was quick and easy.",4,Line 3,SEEPZ,2026-01-20,Other,Ticketing,counter_queue,Positive,0.9,Low,Working professional,Not Required,English,Synthetic Survey,today buying ticket quick easy
MPF01203,"In my experience, Seats and windows were clean during my journey.",5,Line 6,Swami Samarth Nagar,2026-07-13,Shopping,Cleanliness,station_cleanliness,Positive,0.64,Low,General,Resolved,English,Synthetic Survey,experience seat window clean journey
MPF01204,"In my experience, Too many passengers were packed into the train today.",3,Line 2A,Shimpoli,2026-01-20,Work,Crowding,peak_hour_crowding,Neutral,-0.07,Medium,Tourist,In Review,English,Synthetic Review,experience many passenger packed train today
MPF01205,"In my experience, The ticket machine was not working and caused a queue.",2,Line 7,Aarey,2026-05-07,Daily commute,Ticketing,counter_queue,Negative,-0.39,High,Senior citizen,In Review,English,Synthetic Survey,experience ticket machine working caused queue
MPF01206,"Overall, The train was delayed by 5 minutes and I missed my connection.",2,Line 3,Marol Naka,2026-04-03,Daily commute,Delay,service_frequency,Negative,-0.48,High,Student,Resolved,Hinglish,Synthetic Survey,overall train delayed 5 minute missed connection
MPF01207,"Overall, The coach was clean and well maintained.",5,Line 3,BKC,2026-08-18,Other,Cleanliness,station_cleanliness,Positive,0.58,Low,Working professional,Not Required,English,Synthetic Review,overall coach clean well maintained
MPF01208,"In my experience, The ticket price feels expensive for a short journey.",1,Line 7,Aarey,2026-02-23,Shopping,Fare,frequent_commuter_cost,Negative,-0.66,High,Tourist,Open,English,Synthetic Complaint,experience ticket price feel expensive short journey
MPF01209,"During my trip, The train was delayed by 10 minutes and I missed my connection.",3,Line 7,Goregaon East,2026-03-02,Tourism,Delay,service_frequency,Neutral,-0.1,Medium,Tourist,In Review,English,Synthetic Review,trip train delayed 10 minute missed connection
MPF01210,"Overall, Crowding near the doors made boarding difficult.",2,Line 6,Kanjurmarg,2026-06-26,Tourism,Crowding,platform_crowding,Negative,-0.56,High,Student,In Review,English,Synthetic Review,overall crowding near door made boarding difficult
MPF01211,"In my experience, Very little waiting time today; the train arrived on schedule.",4,Line 1,Ghatkopar,2026-03-07,College,Delay,missed_connection,Positive,0.87,Low,General,Resolved,English,Synthetic Review,experience little waiting time today train arrived schedule
MPF01212,"In my experience, Broken fixtures and damaged signs should be repaired.",2,Line 2A,Poisar,2026-08-16,Other,Maintenance,signage_and_fixtures,Negative,-0.43,High,Senior citizen,Resolved,Hinglish,Synthetic Survey,experience broken fixture damaged sign repaired
MPF01213,"Today, The interchange process was smooth and well signposted.",5,Line 7,Dindoshi,2026-05-26,College,Connectivity,last_mile,Positive,0.65,Low,General,Resolved,English,Synthetic Review,today interchange process smooth well signposted
MPF01214,"Overall, The station staff were polite and helpful.",5,Line 2A,Shimpoli,2026-06-29,Shopping,Staff Behaviour,staff_politeness,Positive,0.86,Low,Tourist,Not Required,English,Synthetic Complaint,overall station staff polite helpful
MPF01215,Crowding near the doors made boarding difficult.,2,Line 6,Vikhroli,2026-05-24,Daily commute,Crowding,platform_crowding,Negative,-0.49,High,Tourist,Open,English,Synthetic Review,crowding near door made boarding difficult
MPF01216,"In my experience, The escalator was not working and needs maintenance.",2,Line 2A,Goregaon West,2026-07-31,Tourism,Maintenance,infrastructure,Negative,-0.56,High,Working professional,Not Required,English,Synthetic Review,experience escalator working need maintenance
MPF01217,"In my experience, The station floor was dirty and bins were overflowing.",3,Line 7,Jogeshwari East,2026-06-01,Daily commute,Cleanliness,station_cleanliness,Neutral,-0.01,Medium,General,Open,English,Synthetic Review,experience station floor dirty bin overflowing
MPF01218,"In my experience, Good value for money compared with other transport options.",5,Line 6,Jogeshwari,2026-05-04,College,Fare,fare_complaint,Positive,0.78,Low,Tourist,Not Required,English,Synthetic Complaint,experience good value money compared transport option
MPF01219,"During my trip, Security staff guided me properly when I asked for help.",3,Line 1,DN Nagar,2026-05-31,Work,Staff Behaviour,staff_helpfulness,Neutral,-0.05,Medium,Senior citizen,Open,English,Synthetic Survey,trip security staff guided properly asked help
MPF01220,"Today, The train was delayed by 10 minutes and I missed my connection.",2,Line 6,Shyam Nagar,2026-01-15,Other,Delay,late_train,Negative,-0.95,High,General,In Review,English,Synthetic Survey,today train delayed 10 minute missed connection
MPF01221,"Overall, The station staff were polite and helpful.",5,Line 3,BKC,2026-06-06,Daily commute,Staff Behaviour,security_assistance,Positive,0.68,Low,Student,Resolved,Hinglish,Synthetic Survey,overall station staff polite helpful
MPF01222,"During my trip, Buying the ticket was quick and easy.",4,Line 7,Aarey,2026-06-10,Work,Ticketing,ticket_machine,Positive,0.73,Low,General,Resolved,English,Synthetic Review,trip buying ticket quick easy
MPF01223,Security staff guided me properly when I asked for help.,4,Line 1,Versova,2026-08-15,Tourism,Staff Behaviour,staff_politeness,Positive,0.73,Low,Senior citizen,Resolved,English,Synthetic Review,security staff guided properly asked help
MPF01224,Too many passengers were packed into the train today.,3,Line 3,Marol Naka,2026-08-25,Other,Crowding,peak_hour_crowding,Neutral,0.06,Medium,Tourist,Resolved,English,Synthetic Review,many passenger packed train today
MPF01225,The coach condition was good and everything looked maintained.,5,Line 2A,Goregaon West,2026-04-27,Other,Maintenance,infrastructure,Positive,0.92,Low,General,Not Required,English,Synthetic Survey,coach condition good everything looked maintained
MPF01226,"Overall, Security presence at the station was reassuring.",5,Line 1,DN Nagar,2026-02-22,Shopping,Safety,platform_safety,Positive,0.69,Low,Student,Not Required,English,Synthetic Survey,overall security presence station reassuring
MPF01227,"Today, The escalator was not working and needs maintenance.",1,Line 1,Andheri,2026-04-30,Shopping,Maintenance,equipment,Negative,-0.82,High,Working professional,In Review,Hinglish,Synthetic Survey,today escalator working need maintenance
MPF01228,"Overall, Please improve passenger safety near the platform edge.",2,Line 6,Kanjurmarg,2026-07-05,Other,Safety,platform_safety,Negative,-0.68,High,General,Resolved,English,Synthetic Survey,overall please improve passenger safety near platform edge
MPF01229,"During my trip, Train service was running late today. Please improve punctuality.",3,Line 6,Shyam Nagar,2026-04-26,Daily commute,Delay,late_train,Neutral,-0.09,Medium,Tourist,Not Required,English,Synthetic Survey,trip train service running late today please improve punctuality
MPF01230,Please review the fare for frequent daily commuters.,3,Line 7,Aarey,2026-01-20,Other,Fare,fare_value,Neutral,0.08,Medium,Tourist,Open,English,Synthetic Survey,please review fare frequent daily commuter
MPF01231,"Overall, The lift was out of service and caused inconvenience.",2,Line 2A,Dahisar East,2026-08-01,Shopping,Facilities,escalator,Negative,-0.64,High,Working professional,In Review,English,Synthetic Complaint,overall lift service caused inconvenience
MPF01232,"In my experience, Please train staff to respond more politely to passengers.",2,Line 6,Vikhroli,2026-01-08,Tourism,Staff Behaviour,staff_helpfulness,Negative,-0.42,High,Working professional,In Review,English,Synthetic Review,experience please train staff respond politely passenger
MPF01233,"In my experience, The station has clean lifts and working escalators.",5,Line 2A,Goregaon West,2026-06-29,Shopping,Facilities,lift,Positive,0.84,Low,Tourist,Not Required,English,Synthetic Review,experience station clean lift working escalator
MPF01234,"Overall, Please train staff to respond more politely to passengers.",1,Line 3,Marol Naka,2026-08-04,Daily commute,Staff Behaviour,staff_politeness,Negative,-0.73,High,Tourist,Not Required,English,Synthetic Complaint,overall please train staff respond politely passenger
MPF01235,"Overall, Security presence at the station was reassuring.",4,Line 2A,Shimpoli,2026-08-28,Other,Safety,platform_safety,Positive,0.95,Low,Senior citizen,Resolved,English,Synthetic Review,overall security presence station reassuring
MPF01236,The escalator was not working and needs maintenance.,3,Line 7,Jogeshwari East,2026-05-26,Work,Maintenance,equipment,Neutral,0.03,Medium,Student,Open,Hinglish,Synthetic Review,escalator working need maintenance
MPF01237,"Today, Very little waiting time today; the train arrived on schedule.",5,Line 3,BKC,2026-08-06,College,Delay,service_frequency,Positive,0.79,Low,General,Not Required,Hinglish,Synthetic Survey,today little waiting time today train arrived schedule
MPF01238,"In my experience, Please train staff to respond more politely to passengers.",2,Line 1,Ghatkopar,2026-06-06,College,Staff Behaviour,security_assistance,Negative,-0.65,High,Working professional,In Review,English,Synthetic Complaint,experience please train staff respond politely passenger
MPF01239,"Today, Seats and windows were clean during my journey.",5,Line 6,Swami Samarth Nagar,2026-04-13,Daily commute,Cleanliness,station_cleanliness,Positive,0.75,Low,Tourist,Not Required,English,Synthetic Complaint,today seat window clean journey
MPF01240,"In my experience, The staff member at the counter was rude and unhelpful.",1,Line 3,Marol Naka,2026-06-06,Daily commute,Staff Behaviour,security_assistance,Negative,-0.79,High,General,Resolved,English,Synthetic Review,experience staff member counter rude unhelpful
MPF01241,"In my experience, It was difficult to connect from the metro to the bus stop.",2,Line 3,Marol Naka,2026-05-13,Other,Connectivity,last_mile,Negative,-0.65,High,Working professional,Open,Hinglish,Synthetic Review,experience difficult connect metro bus stop
MPF01242,"In my experience, Very little waiting time today; the train arrived on schedule.",4,Line 2A,Poisar,2026-08-18,Work,Delay,service_frequency,Positive,0.71,Low,Working professional,Not Required,English,Synthetic Complaint,experience little waiting time today train arrived schedule
MPF01243,"Today, The station infrastructure appeared well maintained.",5,Line 3,Marol Naka,2026-08-07,Other,Maintenance,equipment,Positive,0.57,Low,Student,Resolved,English,Synthetic Review,today station infrastructure appeared well maintained
MPF01244,"In my experience, Crowding near the doors made boarding difficult.",2,Line 7,Goregaon East,2026-09-01,College,Crowding,peak_hour_crowding,Negative,-0.83,High,General,Open,English,Synthetic Complaint,experience crowding near door made boarding difficult
MPF01245,"Overall, There should be more working ticket counters during rush hours.",3,Line 6,Kanjurmarg,2026-01-21,Tourism,Ticketing,qr_scanner,Neutral,0.09,Medium,Student,Open,English,Synthetic Review,overall working ticket counter rush hour
MPF01246,"Today, The interchange process was smooth and well signposted.",5,Line 7,Dindoshi,2026-02-26,College,Connectivity,last_mile,Positive,0.92,Low,Tourist,Not Required,English,Synthetic Complaint,today interchange process smooth well signposted
MPF01247,"Overall, The interchange process was smooth and well signposted.",5,Line 2A,Kandarpada,2026-05-13,Other,Connectivity,bus_connection,Positive,0.59,Low,Tourist,Resolved,English,Synthetic Review,overall interchange process smooth well signposted
MPF01248,"During my trip, I felt safe throughout the journey and at the station.",5,Line 3,BKC,2026-06-09,College,Safety,platform_safety,Positive,0.86,Low,Senior citizen,Not Required,English,Synthetic Complaint,trip felt safe throughout journey station
MPF01249,"In my experience, The coach was clean and well maintained.",5,Line 6,Kanjurmarg,2026-03-10,Work,Cleanliness,coach_cleanliness,Positive,0.62,Low,General,Resolved,Hinglish,Synthetic Survey,experience coach clean well maintained
MPF01250,Please train staff to respond more politely to passengers.,2,Line 1,Versova,2026-02-25,Daily commute,Staff Behaviour,security_assistance,Negative,-0.77,High,Senior citizen,Open,Hinglish,Synthetic Survey,please train staff respond politely passenger
MPF01251,"Today, The escalator was not working and needs maintenance.",3,Line 2A,Kandarpada,2026-06-08,Shopping,Maintenance,equipment,Neutral,-0.08,Medium,Tourist,Not Required,Hinglish,Synthetic Survey,today escalator working need maintenance
MPF01252,"During my trip, Buying the ticket was quick and easy.",5,Line 2A,Dahisar East,2026-05-15,Tourism,Ticketing,counter_queue,Positive,0.73,Low,General,Resolved,Hinglish,Synthetic Complaint,trip buying ticket quick easy
MPF01253,The escalator was not working and needs maintenance.,2,Line 6,Swami Samarth Nagar,2026-02-11,Work,Maintenance,infrastructure,Negative,-0.73,High,General,In Review,English,Synthetic Review,escalator working need maintenance
MPF01254,"During my trip, Please review the fare for frequent daily commuters.",4,Line 7,Mogharpada,2026-05-07,Shopping,Fare,frequent_commuter_cost,Positive,0.75,Low,General,Not Required,English,Synthetic Survey,trip please review fare frequent daily commuter
MPF01255,"During my trip, Security presence at the station was reassuring.",5,Line 7,Mogharpada,2026-02-02,College,Safety,security_presence,Positive,0.72,Low,Senior citizen,Not Required,English,Synthetic Complaint,trip security presence station reassuring
MPF01256,Please improve cleanliness in the washroom area.,2,Line 6,Swami Samarth Nagar,2026-06-13,Daily commute,Cleanliness,coach_cleanliness,Negative,-0.39,High,Student,In Review,English,Synthetic Review,please improve cleanliness washroom area
MPF01257,The station floor was dirty and bins were overflowing.,2,Line 6,Jogeshwari,2026-01-09,Daily commute,Cleanliness,washroom_cleanliness,Negative,-0.43,High,Working professional,In Review,English,Synthetic Review,station floor dirty bin overflowing
MPF01258,It was difficult to connect from the metro to the bus stop.,2,Line 2A,Poisar,2026-06-08,Tourism,Connectivity,last_mile,Negative,-0.77,High,General,Resolved,English,Synthetic Complaint,difficult connect metro bus stop
MPF01259,"Today, The lift was out of service and caused inconvenience.",2,Line 3,MIDC,2026-04-04,College,Facilities,seating_and_water,Negative,-0.52,High,Tourist,Not Required,English,Synthetic Survey,today lift service caused inconvenience
MPF01260,"In my experience, The ticket machine was not working and caused a queue.",2,Line 2A,Kandarpada,2026-02-04,Work,Ticketing,ticket_machine,Negative,-0.47,High,General,Not Required,English,Synthetic Complaint,experience ticket machine working caused queue
MPF01261,The staff member at the counter was rude and unhelpful.,1,Line 1,DN Nagar,2026-03-04,Daily commute,Staff Behaviour,staff_helpfulness,Negative,-0.58,High,Tourist,Not Required,English,Synthetic Complaint,staff member counter rude unhelpful
MPF01262,"In my experience, Too many passengers were packed into the train today.",2,Line 7,Jogeshwari East,2026-06-30,Tourism,Crowding,peak_hour_crowding,Negative,-0.74,High,Working professional,Resolved,English,Synthetic Complaint,experience many passenger packed train today
MPF01263,"Today, The train had comfortable space and was not crowded.",5,Line 3,MIDC,2026-02-09,College,Crowding,platform_crowding,Positive,0.65,Low,General,Not Required,English,Synthetic Review,today train comfortable space crowded
MPF01264,"Today, The coach was extremely crowded during peak hours.",2,Line 1,Versova,2026-05-21,Tourism,Crowding,peak_hour_crowding,Negative,-0.41,High,Working professional,Resolved,English,Synthetic Survey,today coach extremely crowded peak hour
MPF01265,"Today, The lift was out of service and caused inconvenience.",2,Line 3,Aarey JVLR,2026-03-25,Other,Facilities,lift,Negative,-0.83,High,Working professional,Open,Hinglish,Synthetic Survey,today lift service caused inconvenience
MPF01266,"Today, The escalator was not working and needs maintenance.",2,Line 2A,Shimpoli,2026-03-19,Other,Maintenance,infrastructure,Negative,-0.38,High,Tourist,Not Required,English,Synthetic Complaint,today escalator working need maintenance
MPF01267,"During my trip, Too many passengers were packed into the train today.",2,Line 6,Kanjurmarg,2026-05-23,Work,Crowding,door_area_crowding,Negative,-0.53,High,General,Open,Hinglish,Synthetic Review,trip many passenger packed train today
MPF01268,"Today, Please improve cleanliness in the washroom area.",2,Line 7,Jogeshwari East,2026-03-27,Shopping,Cleanliness,station_cleanliness,Negative,-0.82,High,Senior citizen,Not Required,English,Synthetic Complaint,today please improve cleanliness washroom area
MPF01269,"Today, The station has clean lifts and working escalators.",5,Line 7,Mogharpada,2026-02-11,Tourism,Facilities,lift,Positive,0.88,Low,Tourist,Not Required,English,Synthetic Survey,today station clean lift working escalator
MPF01270,"Today, Broken fixtures and damaged signs should be repaired.",1,Line 7,Dindoshi,2026-02-08,Other,Maintenance,infrastructure,Negative,-0.82,High,Senior citizen,Open,English,Synthetic Survey,today broken fixture damaged sign repaired
MPF01271,Please improve passenger safety near the platform edge.,3,Line 1,DN Nagar,2026-07-27,Daily commute,Safety,general_safety,Neutral,-0.06,Medium,Student,Resolved,English,Synthetic Complaint,please improve passenger safety near platform edge
MPF01272,"Overall, Better last-mile connectivity would help passengers.",3,Line 3,BKC,2026-07-24,College,Connectivity,interchange,Neutral,0.03,Medium,Working professional,Resolved,English,Synthetic Survey,overall better lastmile connectivity would help passenger
MPF01273,"Today, The QR ticket scanner worked smoothly.",4,Line 2A,Dahisar East,2026-02-23,Tourism,Ticketing,qr_scanner,Positive,0.88,Low,Senior citizen,Not Required,English,Synthetic Survey,today qr ticket scanner worked smoothly
MPF01274,"In my experience, Train service was running late today. Please improve punctuality.",2,Line 6,Swami Samarth Nagar,2026-02-20,Other,Delay,service_frequency,Negative,-0.48,High,General,Open,English,Synthetic Review,experience train service running late today please improve punctuality
MPF01275,"Overall, The station staff were polite and helpful.",4,Line 7,Mogharpada,2026-01-30,Shopping,Staff Behaviour,staff_politeness,Positive,0.78,Low,Student,Not Required,English,Synthetic Complaint,overall station staff polite helpful
MPF01276,"Overall, Too many passengers were packed into the train today.",2,Line 3,Aarey JVLR,2026-01-30,Other,Crowding,platform_crowding,Negative,-0.88,High,Tourist,Open,English,Synthetic Survey,overall many passenger packed train today
MPF01277,Please improve cleanliness in the washroom area.,2,Line 1,Andheri,2026-02-04,Daily commute,Cleanliness,washroom_cleanliness,Negative,-0.4,High,Student,Not Required,English,Synthetic Review,please improve cleanliness washroom area
MPF01278,"In my experience, The lift was out of service and caused inconvenience.",2,Line 7,Mogharpada,2026-05-18,Tourism,Facilities,lift,Negative,-0.93,High,Working professional,In Review,English,Synthetic Survey,experience lift service caused inconvenience
MPF01279,"During my trip, Buying the ticket was quick and easy.",5,Line 2A,Poisar,2026-02-05,College,Ticketing,counter_queue,Positive,0.59,Low,Student,Resolved,English,Synthetic Complaint,trip buying ticket quick easy
MPF01280,"In my experience, The platform was overcrowded and felt unsafe.",2,Line 1,Ghatkopar,2026-04-08,Daily commute,Safety,platform_safety,Negative,-0.72,High,General,In Review,English,Synthetic Complaint,experience platform overcrowded felt unsafe
MPF01281,"In my experience, The station infrastructure appeared well maintained.",4,Line 1,DN Nagar,2026-02-18,Daily commute,Maintenance,equipment,Positive,0.88,Low,Working professional,Not Required,Hinglish,Synthetic Review,experience station infrastructure appeared well maintained
MPF01282,"During my trip, Security presence at the station was reassuring.",5,Line 7,Mogharpada,2026-05-04,Daily commute,Safety,platform_safety,Positive,0.63,Low,Senior citizen,Not Required,Hinglish,Synthetic Survey,trip security presence station reassuring
MPF01283,"Overall, The platform was overcrowded and felt unsafe.",3,Line 3,Aarey JVLR,2026-07-04,Daily commute,Safety,general_safety,Neutral,-0.0,Medium,Working professional,Not Required,English,Synthetic Review,overall platform overcrowded felt unsafe
MPF01284,"Overall, The fare is reasonable for the service provided.",4,Line 1,Azad Nagar,2026-03-08,College,Fare,fare_value,Positive,0.6,Low,General,Not Required,English,Synthetic Review,overall fare reasonable service provided
MPF01285,Buying the ticket was quick and easy.,4,Line 1,DN Nagar,2026-08-17,College,Ticketing,counter_queue,Positive,0.56,Low,Tourist,Not Required,Hinglish,Synthetic Review,buying ticket quick easy
MPF01286,"During my trip, Please improve passenger safety near the platform edge.",2,Line 6,Swami Samarth Nagar,2026-04-29,Work,Safety,security_presence,Negative,-0.78,High,Working professional,Open,English,Synthetic Review,trip please improve passenger safety near platform edge
MPF01287,"In my experience, The train was delayed by 5 minutes and I missed my connection.",1,Line 1,Andheri,2026-03-12,Daily commute,Delay,late_train,Negative,-0.93,High,Tourist,In Review,English,Synthetic Review,experience train delayed 5 minute missed connection
MPF01288,The fare is reasonable for the service provided.,5,Line 3,MIDC,2026-08-11,Other,Fare,frequent_commuter_cost,Positive,0.59,Low,Senior citizen,Resolved,English,Synthetic Survey,fare reasonable service provided
MPF01289,"Overall, Frequent delays on this route are becoming difficult for daily commuters.",3,Line 1,Versova,2026-02-28,Shopping,Delay,service_frequency,Neutral,-0.09,Medium,Student,Resolved,English,Synthetic Complaint,overall frequent delay route becoming difficult daily commuter
MPF01290,"During my trip, The QR ticket scanner worked smoothly.",5,Line 1,Andheri,2026-05-25,Shopping,Ticketing,counter_queue,Positive,0.67,Low,Working professional,Not Required,English,Synthetic Survey,trip qr ticket scanner worked smoothly
MPF01291,"Today, The interchange process was smooth and well signposted.",5,Line 2A,Kandarpada,2026-06-21,Shopping,Connectivity,interchange,Positive,0.79,Low,Student,Not Required,English,Synthetic Survey,today interchange process smooth well signposted
MPF01292,"Today, Crowding near the doors made boarding difficult.",2,Line 6,Vikhroli,2026-03-03,Work,Crowding,peak_hour_crowding,Negative,-0.69,High,Student,Not Required,English,Synthetic Complaint,today crowding near door made boarding difficult
MPF01293,"Today, The train was delayed by 15 minutes and I missed my connection.",2,Line 3,Aarey JVLR,2026-01-13,College,Delay,service_frequency,Negative,-0.69,High,Senior citizen,Open,English,Synthetic Survey,today train delayed 15 minute missed connection
MPF01294,The station has clean lifts and working escalators.,4,Line 6,Vikhroli,2026-07-13,College,Facilities,seating_and_water,Positive,0.85,Low,General,Resolved,English,Synthetic Complaint,station clean lift working escalator
MPF01295,Very little waiting time today; the train arrived on schedule.,5,Line 7,Mogharpada,2026-06-15,Daily commute,Delay,missed_connection,Positive,0.86,Low,Senior citizen,Resolved,English,Synthetic Review,little waiting time today train arrived schedule
MPF01296,"Overall, Broken fixtures and damaged signs should be repaired.",1,Line 3,Marol Naka,2026-06-04,Tourism,Maintenance,signage_and_fixtures,Negative,-0.83,High,Tourist,Resolved,English,Synthetic Review,overall broken fixture damaged sign repaired
MPF01297,"Overall, Please review the fare for frequent daily commuters.",3,Line 7,Aarey,2026-03-01,Daily commute,Fare,fare_value,Neutral,-0.0,Medium,Tourist,In Review,English,Synthetic Survey,overall please review fare frequent daily commuter
MPF01298,"In my experience, Too many passengers were packed into the train today.",3,Line 7,Jogeshwari East,2026-01-18,Tourism,Crowding,platform_crowding,Neutral,0.02,Medium,General,Resolved,Hinglish,Synthetic Survey,experience many passenger packed train today
MPF01299,"Overall, The ticket price feels expensive for a short journey.",2,Line 7,Dindoshi,2026-04-16,Shopping,Fare,fare_value,Negative,-0.92,High,General,Not Required,Hinglish,Synthetic Survey,overall ticket price feel expensive short journey
MPF01300,Buying the ticket was quick and easy.,5,Line 2A,Dahisar East,2026-01-22,Other,Ticketing,counter_queue,Positive,0.7,Low,General,Not Required,English,Synthetic Survey,buying ticket quick easy
MPF01301,"In my experience, The interchange process was smooth and well signposted.",4,Line 1,Ghatkopar,2026-02-05,Daily commute,Connectivity,interchange,Positive,0.88,Low,General,Not Required,Hinglish,Synthetic Complaint,experience interchange process smooth well signposted
MPF01302,"Today, The platform was overcrowded and felt unsafe.",3,Line 1,Azad Nagar,2026-05-19,Daily commute,Safety,platform_safety,Neutral,-0.03,Medium,General,Not Required,English,Synthetic Review,today platform overcrowded felt unsafe
MPF01303,Please improve passenger safety near the platform edge.,2,Line 3,Marol Naka,2026-06-21,Shopping,Safety,platform_safety,Negative,-0.44,High,General,Open,English,Synthetic Complaint,please improve passenger safety near platform edge
MPF01304,"In my experience, The seating area and signage were useful.",4,Line 2A,Goregaon West,2026-08-27,Tourism,Facilities,escalator,Positive,0.77,Low,Working professional,Resolved,English,Synthetic Complaint,experience seating area signage useful
MPF01305,Very little waiting time today; the train arrived on schedule.,5,Line 1,Versova,2026-05-07,Daily commute,Delay,missed_connection,Positive,0.91,Low,General,Not Required,English,Synthetic Survey,little waiting time today train arrived schedule
MPF01306,"In my experience, The seating area and signage were useful.",5,Line 2A,Shimpoli,2026-06-21,Other,Facilities,seating_and_water,Positive,0.64,Low,Tourist,Resolved,English,Synthetic Complaint,experience seating area signage useful
MPF01307,"Today, Buying the ticket was quick and easy.",5,Line 3,MIDC,2026-01-07,Shopping,Ticketing,counter_queue,Positive,0.88,Low,Tourist,Resolved,English,Synthetic Review,today buying ticket quick easy
MPF01308,"Today, The ticket machine was not working and caused a queue.",1,Line 3,BKC,2026-05-29,College,Ticketing,ticket_machine,Negative,-0.86,High,Student,Open,English,Synthetic Review,today ticket machine working caused queue
MPF01309,"In my experience, It was difficult to connect from the metro to the bus stop.",3,Line 3,SEEPZ,2026-01-11,Work,Connectivity,bus_connection,Neutral,0.09,Medium,Senior citizen,Open,English,Synthetic Complaint,experience difficult connect metro bus stop
MPF01310,"In my experience, Please review the fare for frequent daily commuters.",3,Line 2A,Kandarpada,2026-03-18,Daily commute,Fare,fare_value,Neutral,0.02,Medium,Tourist,Not Required,English,Synthetic Survey,experience please review fare frequent daily commuter
MPF01311,"In my experience, The escalator was not working and needs maintenance.",2,Line 2A,Dahisar East,2026-07-04,Work,Maintenance,equipment,Negative,-0.35,High,Tourist,Open,English,Synthetic Review,experience escalator working need maintenance
MPF01312,"During my trip, Too many passengers were packed into the train today.",2,Line 1,Versova,2026-04-03,Daily commute,Crowding,door_area_crowding,Negative,-0.62,High,Tourist,Not Required,English,Synthetic Survey,trip many passenger packed train today
MPF01313,"In my experience, The train had comfortable space and was not crowded.",4,Line 7,Jogeshwari East,2026-07-21,Other,Crowding,platform_crowding,Positive,0.72,Low,Student,Not Required,Hinglish,Synthetic Survey,experience train comfortable space crowded
MPF01314,"Today, Please improve cleanliness in the washroom area.",1,Line 3,Marol Naka,2026-05-19,Work,Cleanliness,washroom_cleanliness,Negative,-0.49,High,Senior citizen,Not Required,English,Synthetic Complaint,today please improve cleanliness washroom area
MPF01315,"During my trip, The lift was out of service and caused inconvenience.",1,Line 1,Azad Nagar,2026-08-03,Shopping,Facilities,escalator,Negative,-0.68,High,General,Not Required,Hinglish,Synthetic Survey,trip lift service caused inconvenience
MPF01316,"In my experience, Please review the fare for frequent daily commuters.",3,Line 6,Jogeshwari,2026-05-29,Tourism,Fare,fare_complaint,Neutral,0.02,Medium,General,Open,English,Synthetic Complaint,experience please review fare frequent daily commuter
MPF01317,"Today, The seating area and signage were useful.",5,Line 6,Kanjurmarg,2026-01-13,Daily commute,Facilities,lift,Positive,0.67,Low,Senior citizen,Not Required,English,Synthetic Complaint,today seating area signage useful
MPF01318,"Today, Too many passengers were packed into the train today.",2,Line 1,Ghatkopar,2026-01-21,Shopping,Crowding,door_area_crowding,Negative,-0.8,High,Student,Not Required,English,Synthetic Review,today many passenger packed train today
MPF01319,"Today, Broken fixtures and damaged signs should be repaired.",2,Line 1,DN Nagar,2026-04-06,Other,Maintenance,signage_and_fixtures,Negative,-0.8,High,Working professional,In Review,English,Synthetic Review,today broken fixture damaged sign repaired
MPF01320,The station has clean lifts and working escalators.,5,Line 1,Azad Nagar,2026-03-06,Tourism,Facilities,lift,Positive,0.81,Low,Senior citizen,Resolved,English,Synthetic Complaint,station clean lift working escalator
MPF01321,"During my trip, Please review the fare for frequent daily commuters.",4,Line 1,Versova,2026-02-11,Shopping,Fare,fare_value,Positive,0.8,Low,Tourist,Not Required,English,Synthetic Review,trip please review fare frequent daily commuter
MPF01322,"Today, Good value for money compared with other transport options.",5,Line 7,Goregaon East,2026-02-19,Daily commute,Fare,frequent_commuter_cost,Positive,0.77,Low,General,Not Required,English,Synthetic Survey,today good value money compared transport option
MPF01323,"During my trip, The ticket price feels expensive for a short journey.",2,Line 6,Swami Samarth Nagar,2026-03-28,Shopping,Fare,frequent_commuter_cost,Negative,-0.47,High,Working professional,Open,Hinglish,Synthetic Review,trip ticket price feel expensive short journey
MPF01324,"During my trip, Please improve cleanliness in the washroom area.",3,Line 7,Aarey,2026-08-08,Work,Cleanliness,coach_cleanliness,Neutral,0.02,Medium,Student,Resolved,English,Synthetic Survey,trip please improve cleanliness washroom area
MPF01325,"Today, The train had comfortable space and was not crowded.",5,Line 1,DN Nagar,2026-01-18,Shopping,Crowding,door_area_crowding,Positive,0.94,Low,Tourist,Not Required,English,Synthetic Complaint,today train comfortable space crowded
MPF01326,The station floor was dirty and bins were overflowing.,1,Line 1,Andheri,2026-01-02,Tourism,Cleanliness,washroom_cleanliness,Negative,-0.73,High,Senior citizen,Resolved,English,Synthetic Survey,station floor dirty bin overflowing
MPF01327,"Today, More seating and drinking water facilities are needed.",4,Line 1,Andheri,2026-08-27,Daily commute,Facilities,escalator,Positive,0.6,Low,Working professional,Not Required,English,Synthetic Survey,today seating drinking water facility needed
MPF01328,"Today, Good value for money compared with other transport options.",4,Line 3,MIDC,2026-07-14,Daily commute,Fare,fare_complaint,Positive,0.61,Low,Working professional,Not Required,English,Synthetic Complaint,today good value money compared transport option
MPF01329,"In my experience, Good value for money compared with other transport options.",5,Line 7,Dindoshi,2026-04-05,Tourism,Fare,fare_complaint,Positive,0.9,Low,Student,Resolved,English,Synthetic Survey,experience good value money compared transport option
MPF01330,"In my experience, The ticket machine was not working and caused a queue.",2,Line 6,Jogeshwari,2026-01-09,College,Ticketing,qr_scanner,Negative,-0.65,High,Senior citizen,In Review,English,Synthetic Survey,experience ticket machine working caused queue
MPF01331,"Today, The QR ticket scanner worked smoothly.",5,Line 3,SEEPZ,2026-04-25,Work,Ticketing,counter_queue,Positive,0.85,Low,Student,Not Required,English,Synthetic Complaint,today qr ticket scanner worked smoothly
MPF01332,"Today, The station has clean lifts and working escalators.",5,Line 6,Kanjurmarg,2026-01-08,Work,Facilities,lift,Positive,0.86,Low,Senior citizen,Not Required,English,Synthetic Survey,today station clean lift working escalator
MPF01333,"Today, The ticket price feels expensive for a short journey.",2,Line 6,Kanjurmarg,2026-07-20,Other,Fare,fare_complaint,Negative,-0.52,High,General,Not Required,English,Synthetic Complaint,today ticket price feel expensive short journey
MPF01334,"Overall, The QR ticket scanner worked smoothly.",4,Line 2A,Dahisar East,2026-08-17,Work,Ticketing,ticket_machine,Positive,0.7,Low,Senior citizen,Not Required,English,Synthetic Complaint,overall qr ticket scanner worked smoothly
MPF01335,Buying the ticket was quick and easy.,5,Line 7,Dindoshi,2026-08-04,Shopping,Ticketing,counter_queue,Positive,0.58,Low,Tourist,Resolved,English,Synthetic Survey,buying ticket quick easy
MPF01336,"During my trip, The QR ticket scanner worked smoothly.",5,Line 7,Dindoshi,2026-05-02,Daily commute,Ticketing,qr_scanner,Positive,0.65,Low,General,Resolved,English,Synthetic Survey,trip qr ticket scanner worked smoothly
MPF01337,"During my trip, The station has clean lifts and working escalators.",5,Line 6,Jogeshwari,2026-04-09,Daily commute,Facilities,seating_and_water,Positive,0.81,Low,Working professional,Resolved,English,Synthetic Complaint,trip station clean lift working escalator
MPF01338,"In my experience, The ticket price feels expensive for a short journey.",1,Line 6,Kanjurmarg,2026-01-27,College,Fare,fare_complaint,Negative,-0.77,High,Tourist,Open,English,Synthetic Review,experience ticket price feel expensive short journey
MPF01339,There should be more working ticket counters during rush hours.,1,Line 3,MIDC,2026-03-06,Tourism,Ticketing,ticket_machine,Negative,-0.43,High,General,Resolved,English,Synthetic Complaint,working ticket counter rush hour
MPF01340,"Today, The staff member at the counter was rude and unhelpful.",1,Line 7,Dindoshi,2026-06-15,Work,Staff Behaviour,security_assistance,Negative,-0.64,High,General,Open,English,Synthetic Survey,today staff member counter rude unhelpful
MPF01341,"In my experience, Frequent delays on this route are becoming difficult for daily commuters.",2,Line 6,Vikhroli,2026-02-01,Tourism,Delay,late_train,Negative,-0.36,High,General,Open,Hinglish,Synthetic Survey,experience frequent delay route becoming difficult daily commuter
MPF01342,Too many passengers were packed into the train today.,1,Line 1,Andheri,2026-01-12,Tourism,Crowding,peak_hour_crowding,Negative,-0.91,High,Tourist,Resolved,English,Synthetic Survey,many passenger packed train today
MPF01343,"Today, Better last-mile connectivity would help passengers.",2,Line 6,Kanjurmarg,2026-03-15,Daily commute,Connectivity,interchange,Negative,-0.94,High,Senior citizen,Resolved,English,Synthetic Survey,today better lastmile connectivity would help passenger
MPF01344,"Overall, The QR ticket scanner worked smoothly.",4,Line 2A,Goregaon West,2026-03-21,Daily commute,Ticketing,counter_queue,Positive,0.79,Low,Tourist,Not Required,English,Synthetic Review,overall qr ticket scanner worked smoothly
MPF01345,"Overall, The coach was clean and well maintained.",4,Line 6,Shyam Nagar,2026-05-31,Shopping,Cleanliness,station_cleanliness,Positive,0.73,Low,Working professional,Not Required,English,Synthetic Complaint,overall coach clean well maintained
MPF01346,I felt safe throughout the journey and at the station.,5,Line 3,Aarey JVLR,2026-08-20,Other,Safety,general_safety,Positive,0.72,Low,Tourist,Not Required,English,Synthetic Survey,felt safe throughout journey station
MPF01347,Buying the ticket was quick and easy.,5,Line 3,SEEPZ,2026-07-29,Daily commute,Ticketing,qr_scanner,Positive,0.94,Low,Tourist,Not Required,English,Synthetic Complaint,buying ticket quick easy
MPF01348,"In my experience, The station has clean lifts and working escalators.",4,Line 7,Mogharpada,2026-02-06,Tourism,Facilities,escalator,Positive,0.7,Low,Working professional,Not Required,English,Synthetic Complaint,experience station clean lift working escalator
MPF01349,"Today, Broken fixtures and damaged signs should be repaired.",3,Line 6,Kanjurmarg,2026-05-23,Daily commute,Maintenance,signage_and_fixtures,Neutral,-0.01,Medium,General,Resolved,English,Synthetic Complaint,today broken fixture damaged sign repaired
MPF01350,More seating and drinking water facilities are needed.,3,Line 6,Swami Samarth Nagar,2026-05-26,Tourism,Facilities,escalator,Neutral,-0.09,Medium,Tourist,Resolved,English,Synthetic Survey,seating drinking water facility needed
MPF01351,The escalator was not working and needs maintenance.,1,Line 3,Aarey JVLR,2026-01-04,Other,Maintenance,equipment,Negative,-0.87,High,Senior citizen,Open,English,Synthetic Review,escalator working need maintenance
MPF01352,Very little waiting time today; the train arrived on schedule.,5,Line 1,Ghatkopar,2026-04-27,Tourism,Delay,service_frequency,Positive,0.69,Low,Senior citizen,Not Required,Hinglish,Synthetic Review,little waiting time today train arrived schedule
MPF01353,"In my experience, The seating area and signage were useful.",4,Line 1,DN Nagar,2026-06-05,Daily commute,Facilities,seating_and_water,Positive,0.86,Low,General,Not Required,English,Synthetic Survey,experience seating area signage useful
MPF01354,"Overall, Crowding near the doors made boarding difficult.",2,Line 6,Vikhroli,2026-01-14,Shopping,Crowding,platform_crowding,Negative,-0.87,High,Senior citizen,Not Required,English,Synthetic Review,overall crowding near door made boarding difficult
MPF01355,"In my experience, The ticket machine was not working and caused a queue.",2,Line 7,Goregaon East,2026-04-22,College,Ticketing,qr_scanner,Negative,-0.54,High,Tourist,Not Required,Hinglish,Synthetic Review,experience ticket machine working caused queue
MPF01356,"During my trip, The escalator was not working and needs maintenance.",2,Line 2A,Dahisar East,2026-06-11,Other,Maintenance,equipment,Negative,-0.45,High,General,Not Required,English,Synthetic Survey,trip escalator working need maintenance
MPF01357,"Today, Good value for money compared with other transport options.",5,Line 2A,Kandarpada,2026-02-11,Work,Fare,frequent_commuter_cost,Positive,0.63,Low,Senior citizen,Not Required,Hinglish,Synthetic Complaint,today good value money compared transport option
MPF01358,Buying the ticket was quick and easy.,5,Line 6,Shyam Nagar,2026-03-03,Tourism,Ticketing,ticket_machine,Positive,0.76,Low,Working professional,Resolved,English,Synthetic Review,buying ticket quick easy
MPF01359,"During my trip, Please improve cleanliness in the washroom area.",1,Line 2A,Poisar,2026-01-30,Daily commute,Cleanliness,washroom_cleanliness,Negative,-0.66,High,Senior citizen,Not Required,Hinglish,Synthetic Survey,trip please improve cleanliness washroom area
MPF01360,The escalator was not working and needs maintenance.,1,Line 7,Aarey,2026-04-03,Shopping,Maintenance,infrastructure,Negative,-0.76,High,Student,Not Required,English,Synthetic Complaint,escalator working need maintenance
MPF01361,The escalator was not working and needs maintenance.,1,Line 3,Aarey JVLR,2026-05-04,Shopping,Maintenance,equipment,Negative,-0.67,High,General,Not Required,English,Synthetic Survey,escalator working need maintenance
MPF01362,"During my trip, The station infrastructure appeared well maintained.",4,Line 1,Ghatkopar,2026-05-23,Other,Maintenance,signage_and_fixtures,Positive,0.64,Low,Working professional,Not Required,English,Synthetic Complaint,trip station infrastructure appeared well maintained
MPF01363,"During my trip, The platform was overcrowded and felt unsafe.",2,Line 2A,Poisar,2026-05-12,Daily commute,Safety,platform_safety,Negative,-0.38,High,Tourist,Resolved,Hinglish,Synthetic Complaint,trip platform overcrowded felt unsafe
MPF01364,Buying the ticket was quick and easy.,4,Line 3,MIDC,2026-02-16,Daily commute,Ticketing,ticket_machine,Positive,0.65,Low,Working professional,Not Required,English,Synthetic Complaint,buying ticket quick easy
MPF01365,"During my trip, Security staff guided me properly when I asked for help.",5,Line 3,SEEPZ,2026-01-16,Work,Staff Behaviour,staff_helpfulness,Positive,0.86,Low,Senior citizen,Not Required,Hinglish,Synthetic Complaint,trip security staff guided properly asked help
MPF01366,"Today, The fare is reasonable for the service provided.",4,Line 7,Mogharpada,2026-05-09,Tourism,Fare,fare_value,Positive,0.63,Low,Working professional,Not Required,Hinglish,Synthetic Complaint,today fare reasonable service provided
MPF01367,"Today, The train had comfortable space and was not crowded.",5,Line 6,Shyam Nagar,2026-07-28,Work,Crowding,door_area_crowding,Positive,0.71,Low,General,Not Required,English,Synthetic Review,today train comfortable space crowded
MPF01368,"In my experience, Good value for money compared with other transport options.",5,Line 7,Aarey,2026-06-02,College,Fare,fare_value,Positive,0.69,Low,Tourist,Resolved,English,Synthetic Survey,experience good value money compared transport option
MPF01369,"Today, I felt safe throughout the journey and at the station.",5,Line 6,Shyam Nagar,2026-01-26,Other,Safety,security_presence,Positive,0.84,Low,General,Not Required,English,Synthetic Survey,today felt safe throughout journey station
MPF01370,"During my trip, The coach was clean and well maintained.",5,Line 6,Vikhroli,2026-01-07,Shopping,Cleanliness,station_cleanliness,Positive,0.83,Low,Tourist,Not Required,English,Synthetic Complaint,trip coach clean well maintained
MPF01371,Security staff guided me properly when I asked for help.,4,Line 6,Shyam Nagar,2026-08-12,Daily commute,Staff Behaviour,staff_politeness,Positive,0.95,Low,Working professional,Resolved,English,Synthetic Review,security staff guided properly asked help
MPF01372,"During my trip, The fare is reasonable for the service provided.",3,Line 1,DN Nagar,2026-06-25,Other,Fare,frequent_commuter_cost,Neutral,-0.03,Medium,Working professional,In Review,Hinglish,Synthetic Complaint,trip fare reasonable service provided
MPF01373,"Today, The seating area and signage were useful.",4,Line 6,Shyam Nagar,2026-06-02,Shopping,Facilities,seating_and_water,Positive,0.57,Low,Student,Not Required,English,Synthetic Review,today seating area signage useful
MPF01374,The station infrastructure appeared well maintained.,4,Line 1,Versova,2026-06-09,Daily commute,Maintenance,infrastructure,Positive,0.82,Low,Student,Not Required,English,Synthetic Complaint,station infrastructure appeared well maintained
MPF01375,"During my trip, The station staff were polite and helpful.",5,Line 7,Aarey,2026-05-19,Daily commute,Staff Behaviour,staff_helpfulness,Positive,0.6,Low,Working professional,Not Required,English,Synthetic Survey,trip station staff polite helpful
MPF01376,"In my experience, Security staff guided me properly when I asked for help.",4,Line 6,Swami Samarth Nagar,2026-05-26,College,Staff Behaviour,staff_helpfulness,Positive,0.93,Low,Senior citizen,Not Required,English,Synthetic Complaint,experience security staff guided properly asked help
MPF01377,Please improve passenger safety near the platform edge.,1,Line 2A,Dahisar East,2026-04-12,Shopping,Safety,general_safety,Negative,-0.71,High,General,Resolved,Hinglish,Synthetic Survey,please improve passenger safety near platform edge
MPF01378,"Today, The train was delayed by 25 minutes and I missed my connection.",2,Line 3,BKC,2026-02-02,Daily commute,Delay,missed_connection,Negative,-0.66,High,Working professional,Resolved,Hinglish,Synthetic Complaint,today train delayed 25 minute missed connection
MPF01379,"In my experience, The station infrastructure appeared well maintained.",4,Line 2A,Shimpoli,2026-03-27,Daily commute,Maintenance,equipment,Positive,0.89,Low,Student,Not Required,English,Synthetic Survey,experience station infrastructure appeared well maintained
MPF01380,The train had comfortable space and was not crowded.,5,Line 1,DN Nagar,2026-01-28,Shopping,Crowding,door_area_crowding,Positive,0.64,Low,Senior citizen,Not Required,English,Synthetic Review,train comfortable space crowded
MPF01381,"Overall, The coach was extremely crowded during peak hours.",3,Line 6,Shyam Nagar,2026-08-08,Work,Crowding,peak_hour_crowding,Neutral,0.04,Medium,Working professional,In Review,English,Synthetic Review,overall coach extremely crowded peak hour
MPF01382,"Today, The train was delayed by 30 minutes and I missed my connection.",1,Line 1,Andheri,2026-03-04,Daily commute,Delay,late_train,Negative,-0.74,High,General,Resolved,English,Synthetic Review,today train delayed 30 minute missed connection
MPF01383,"Today, Please improve cleanliness in the washroom area.",2,Line 2A,Dahisar East,2026-03-27,Tourism,Cleanliness,washroom_cleanliness,Negative,-0.47,High,Student,In Review,English,Synthetic Review,today please improve cleanliness washroom area
MPF01384,"Overall, The seating area and signage were useful.",3,Line 6,Kanjurmarg,2026-04-12,Other,Facilities,lift,Neutral,-0.07,Medium,General,In Review,English,Synthetic Survey,overall seating area signage useful
MPF01385,"Overall, The ticket price feels expensive for a short journey.",2,Line 2A,Shimpoli,2026-08-16,Tourism,Fare,fare_value,Negative,-0.73,High,Working professional,Resolved,English,Synthetic Review,overall ticket price feel expensive short journey
MPF01386,Frequent delays on this route are becoming difficult for daily commuters.,2,Line 6,Jogeshwari,2026-02-13,Work,Delay,late_train,Negative,-0.44,High,General,In Review,English,Synthetic Complaint,frequent delay route becoming difficult daily commuter
MPF01387,Seats and windows were clean during my journey.,5,Line 6,Jogeshwari,2026-07-17,Shopping,Cleanliness,coach_cleanliness,Positive,0.78,Low,Student,Not Required,English,Synthetic Survey,seat window clean journey
MPF01388,"In my experience, Security staff guided me properly when I asked for help.",5,Line 6,Vikhroli,2026-02-12,Tourism,Staff Behaviour,security_assistance,Positive,0.58,Low,Senior citizen,Resolved,English,Synthetic Review,experience security staff guided properly asked help
MPF01389,The metro connection to other transport was convenient.,5,Line 1,Azad Nagar,2026-04-07,Shopping,Connectivity,last_mile,Positive,0.92,Low,General,Not Required,English,Synthetic Complaint,metro connection transport convenient
MPF01390,"In my experience, Broken fixtures and damaged signs should be repaired.",2,Line 2A,Goregaon West,2026-07-04,College,Maintenance,equipment,Negative,-0.75,High,Student,Open,English,Synthetic Survey,experience broken fixture damaged sign repaired
MPF01391,"Overall, Train service was running late today. Please improve punctuality.",3,Line 2A,Dahisar East,2026-03-06,Work,Delay,late_train,Neutral,-0.04,Medium,Working professional,Open,English,Synthetic Survey,overall train service running late today please improve punctuality
MPF01392,"Overall, The seating area and signage were useful.",4,Line 7,Goregaon East,2026-07-01,Tourism,Facilities,lift,Positive,0.92,Low,Student,Resolved,English,Synthetic Complaint,overall seating area signage useful
MPF01393,"Overall, Train service was running late today. Please improve punctuality.",1,Line 1,DN Nagar,2026-04-23,Other,Delay,service_frequency,Negative,-0.78,High,Working professional,Open,English,Synthetic Complaint,overall train service running late today please improve punctuality
MPF01394,"Overall, The station floor was dirty and bins were overflowing.",1,Line 7,Dindoshi,2026-04-15,Work,Cleanliness,station_cleanliness,Negative,-0.41,High,General,In Review,English,Synthetic Survey,overall station floor dirty bin overflowing
MPF01395,"In my experience, The train was delayed by 15 minutes and I missed my connection.",2,Line 3,MIDC,2026-06-06,Shopping,Delay,missed_connection,Negative,-0.39,High,Tourist,Resolved,English,Synthetic Survey,experience train delayed 15 minute missed connection
MPF01396,"Overall, The coach was clean and well maintained.",5,Line 2A,Shimpoli,2026-08-09,Other,Cleanliness,coach_cleanliness,Positive,0.59,Low,Student,Resolved,English,Synthetic Survey,overall coach clean well maintained
MPF01397,"During my trip, The station staff were polite and helpful.",5,Line 6,Kanjurmarg,2026-04-11,Other,Staff Behaviour,staff_politeness,Positive,0.89,Low,General,Resolved,Hinglish,Synthetic Review,trip station staff polite helpful
MPF01398,"Today, The station floor was dirty and bins were overflowing.",2,Line 2A,Goregaon West,2026-08-04,Daily commute,Cleanliness,station_cleanliness,Negative,-0.94,High,Senior citizen,In Review,English,Synthetic Review,today station floor dirty bin overflowing
MPF01399,"Today, The ticket price feels expensive for a short journey.",2,Line 3,Aarey JVLR,2026-05-29,Tourism,Fare,fare_complaint,Negative,-0.9,High,Tourist,Not Required,English,Synthetic Review,today ticket price feel expensive short journey
MPF01400,"Today, Frequent delays on this route are becoming difficult for daily commuters.",2,Line 7,Goregaon East,2026-03-19,Tourism,Delay,missed_connection,Negative,-0.54,High,Working professional,In Review,English,Synthetic Survey,today frequent delay route becoming difficult daily commuter
MPF01401,"Overall, Crowding near the doors made boarding difficult.",2,Line 6,Vikhroli,2026-02-25,Shopping,Crowding,door_area_crowding,Negative,-0.72,High,Student,Open,English,Synthetic Review,overall crowding near door made boarding difficult
MPF01402,"Overall, The interchange process was smooth and well signposted.",4,Line 2A,Kandarpada,2026-06-08,Tourism,Connectivity,interchange,Positive,0.82,Low,Student,Resolved,English,Synthetic Complaint,overall interchange process smooth well signposted
MPF01403,"During my trip, Too many passengers were packed into the train today.",1,Line 6,Vikhroli,2026-03-28,Tourism,Crowding,peak_hour_crowding,Negative,-0.56,High,Tourist,Open,English,Synthetic Complaint,trip many passenger packed train today
MPF01404,The lift was out of service and caused inconvenience.,2,Line 2A,Kandarpada,2026-07-27,Work,Facilities,seating_and_water,Negative,-0.63,High,Working professional,Open,English,Synthetic Survey,lift service caused inconvenience
MPF01405,"In my experience, Seats and windows were clean during my journey.",5,Line 2A,Dahisar East,2026-08-23,College,Cleanliness,washroom_cleanliness,Positive,0.71,Low,Senior citizen,Resolved,English,Synthetic Review,experience seat window clean journey
MPF01406,"Today, The seating area and signage were useful.",5,Line 6,Shyam Nagar,2026-03-03,Other,Facilities,escalator,Positive,0.83,Low,Senior citizen,Not Required,English,Synthetic Review,today seating area signage useful
MPF01407,"Today, The seating area and signage were useful.",5,Line 7,Mogharpada,2026-02-15,Shopping,Facilities,escalator,Positive,0.86,Low,Student,Not Required,English,Synthetic Survey,today seating area signage useful
MPF01408,"During my trip, The train was delayed by 25 minutes and I missed my connection.",3,Line 7,Goregaon East,2026-07-14,College,Delay,service_frequency,Neutral,0.08,Medium,General,In Review,English,Synthetic Survey,trip train delayed 25 minute missed connection
MPF01409,"Today, Security presence at the station was reassuring.",5,Line 6,Jogeshwari,2026-08-11,Shopping,Safety,security_presence,Positive,0.67,Low,Working professional,Not Required,English,Synthetic Review,today security presence station reassuring
MPF01410,"Overall, I felt safe throughout the journey and at the station.",5,Line 2A,Shimpoli,2026-05-30,College,Safety,platform_safety,Positive,0.6,Low,Student,Resolved,Hinglish,Synthetic Complaint,overall felt safe throughout journey station
MPF01411,"During my trip, The fare is reasonable for the service provided.",4,Line 2A,Shimpoli,2026-02-27,Daily commute,Fare,fare_value,Positive,0.64,Low,Tourist,Resolved,English,Synthetic Review,trip fare reasonable service provided
MPF01412,"In my experience, The metro connection to other transport was convenient.",5,Line 1,Andheri,2026-03-13,Work,Connectivity,bus_connection,Positive,0.92,Low,Student,Not Required,English,Synthetic Complaint,experience metro connection transport convenient
MPF01413,"Overall, Security presence at the station was reassuring.",5,Line 2A,Shimpoli,2026-05-08,Tourism,Safety,platform_safety,Positive,0.91,Low,Tourist,Not Required,English,Synthetic Survey,overall security presence station reassuring
MPF01414,"Overall, Better last-mile connectivity would help passengers.",3,Line 2A,Dahisar East,2026-06-24,Shopping,Connectivity,bus_connection,Neutral,0.08,Medium,Tourist,Resolved,English,Synthetic Review,overall better lastmile connectivity would help passenger
MPF01415,Please train staff to respond more politely to passengers.,2,Line 3,MIDC,2026-07-28,Other,Staff Behaviour,staff_helpfulness,Negative,-0.4,High,Student,In Review,Hinglish,Synthetic Survey,please train staff respond politely passenger
MPF01416,"In my experience, Very little waiting time today; the train arrived on schedule.",4,Line 6,Swami Samarth Nagar,2026-01-17,Work,Delay,service_frequency,Positive,0.56,Low,Tourist,Resolved,Hinglish,Synthetic Survey,experience little waiting time today train arrived schedule
MPF01417,"Today, The lift was out of service and caused inconvenience.",1,Line 2A,Kandarpada,2026-07-15,Work,Facilities,escalator,Negative,-0.59,High,General,Not Required,English,Synthetic Survey,today lift service caused inconvenience
MPF01418,"Overall, The lift was out of service and caused inconvenience.",1,Line 6,Swami Samarth Nagar,2026-07-18,Tourism,Facilities,escalator,Negative,-0.83,High,Senior citizen,Open,English,Synthetic Complaint,overall lift service caused inconvenience
MPF01419,"Today, The escalator was not working and needs maintenance.",2,Line 2A,Dahisar East,2026-06-24,Other,Maintenance,infrastructure,Negative,-0.74,High,Senior citizen,In Review,Hinglish,Synthetic Complaint,today escalator working need maintenance
MPF01420,"Today, Too many passengers were packed into the train today.",2,Line 2A,Shimpoli,2026-03-15,Work,Crowding,door_area_crowding,Negative,-0.53,High,General,Open,English,Synthetic Survey,today many passenger packed train today
MPF01421,"Overall, The platform was overcrowded and felt unsafe.",2,Line 3,MIDC,2026-08-21,Tourism,Safety,platform_safety,Negative,-0.69,High,Senior citizen,In Review,Hinglish,Synthetic Survey,overall platform overcrowded felt unsafe
MPF01422,"In my experience, Train service was running late today. Please improve punctuality.",2,Line 6,Vikhroli,2026-01-26,Daily commute,Delay,late_train,Negative,-0.48,High,General,In Review,English,Synthetic Survey,experience train service running late today please improve punctuality
MPF01423,"During my trip, Crowding near the doors made boarding difficult.",3,Line 3,Aarey JVLR,2026-01-23,Tourism,Crowding,door_area_crowding,Neutral,-0.06,Medium,General,Open,English,Synthetic Complaint,trip crowding near door made boarding difficult
MPF01424,"Today, The interchange process was smooth and well signposted.",5,Line 3,SEEPZ,2026-02-06,College,Connectivity,interchange,Positive,0.68,Low,Working professional,Resolved,English,Synthetic Survey,today interchange process smooth well signposted
MPF01425,"Overall, Seats and windows were clean during my journey.",5,Line 6,Swami Samarth Nagar,2026-04-01,Other,Cleanliness,station_cleanliness,Positive,0.77,Low,General,Not Required,English,Synthetic Complaint,overall seat window clean journey
MPF01426,"During my trip, The train had comfortable space and was not crowded.",4,Line 1,Azad Nagar,2026-01-30,Work,Crowding,platform_crowding,Positive,0.91,Low,Tourist,Not Required,Hinglish,Synthetic Complaint,trip train comfortable space crowded
MPF01427,Please review the fare for frequent daily commuters.,3,Line 1,Versova,2026-06-17,Other,Fare,frequent_commuter_cost,Neutral,-0.1,Medium,Senior citizen,In Review,English,Synthetic Survey,please review fare frequent daily commuter
MPF01428,"Today, The train was delayed by 10 minutes and I missed my connection.",2,Line 7,Dindoshi,2026-08-01,Daily commute,Delay,missed_connection,Negative,-0.71,High,General,Open,English,Synthetic Complaint,today train delayed 10 minute missed connection
MPF01429,"During my trip, The fare is reasonable for the service provided.",4,Line 3,SEEPZ,2026-01-18,College,Fare,fare_complaint,Positive,0.57,Low,Senior citizen,Resolved,English,Synthetic Complaint,trip fare reasonable service provided
MPF01430,"In my experience, Buying the ticket was quick and easy.",5,Line 1,Azad Nagar,2026-04-07,College,Ticketing,qr_scanner,Positive,0.68,Low,Student,Resolved,English,Synthetic Complaint,experience buying ticket quick easy
MPF01431,"Today, Please improve passenger safety near the platform edge.",2,Line 2A,Goregaon West,2026-02-13,Daily commute,Safety,security_presence,Negative,-0.47,High,Tourist,Open,English,Synthetic Review,today please improve passenger safety near platform edge
MPF01432,"Overall, Please improve cleanliness in the washroom area.",1,Line 2A,Dahisar East,2026-04-14,Daily commute,Cleanliness,station_cleanliness,Negative,-0.86,High,Working professional,Resolved,English,Synthetic Complaint,overall please improve cleanliness washroom area
MPF01433,"In my experience, More seating and drinking water facilities are needed.",4,Line 6,Kanjurmarg,2026-07-24,Daily commute,Facilities,seating_and_water,Positive,0.74,Low,Working professional,Not Required,English,Synthetic Survey,experience seating drinking water facility needed
MPF01434,More seating and drinking water facilities are needed.,3,Line 2A,Shimpoli,2026-05-20,Other,Facilities,escalator,Neutral,0.09,Medium,General,Resolved,Hinglish,Synthetic Complaint,seating drinking water facility needed
MPF01435,Security staff guided me properly when I asked for help.,5,Line 7,Dindoshi,2026-07-05,Shopping,Staff Behaviour,security_assistance,Positive,0.59,Low,Senior citizen,Resolved,English,Synthetic Complaint,security staff guided properly asked help
MPF01436,The station staff were polite and helpful.,5,Line 7,Dindoshi,2026-03-11,Daily commute,Staff Behaviour,staff_helpfulness,Positive,0.6,Low,Senior citizen,Not Required,Hinglish,Synthetic Review,station staff polite helpful
MPF01437,There should be more working ticket counters during rush hours.,1,Line 6,Vikhroli,2026-06-20,Tourism,Ticketing,counter_queue,Negative,-0.87,High,Tourist,In Review,English,Synthetic Complaint,working ticket counter rush hour
MPF01438,"Today, There should be more working ticket counters during rush hours.",2,Line 3,Marol Naka,2026-04-20,Daily commute,Ticketing,qr_scanner,Negative,-0.42,High,Tourist,Resolved,English,Synthetic Review,today working ticket counter rush hour
MPF01439,"Today, I felt safe throughout the journey and at the station.",5,Line 1,Versova,2026-04-09,Other,Safety,security_presence,Positive,0.69,Low,Working professional,Resolved,English,Synthetic Complaint,today felt safe throughout journey station
MPF01440,"Today, The escalator was not working and needs maintenance.",1,Line 6,Vikhroli,2026-06-28,Other,Maintenance,equipment,Negative,-0.88,High,General,Open,English,Synthetic Complaint,today escalator working need maintenance
MPF01441,"During my trip, The station staff were polite and helpful.",5,Line 2A,Kandarpada,2026-02-11,Daily commute,Staff Behaviour,staff_helpfulness,Positive,0.74,Low,Working professional,Not Required,English,Synthetic Complaint,trip station staff polite helpful
MPF01442,Good value for money compared with other transport options.,5,Line 3,MIDC,2026-03-31,Tourism,Fare,fare_complaint,Positive,0.8,Low,General,Resolved,Hinglish,Synthetic Review,good value money compared transport option
MPF01443,"During my trip, Security staff guided me properly when I asked for help.",4,Line 3,Marol Naka,2026-04-12,College,Staff Behaviour,security_assistance,Positive,0.85,Low,Senior citizen,Resolved,English,Synthetic Survey,trip security staff guided properly asked help
MPF01444,"During my trip, The staff member at the counter was rude and unhelpful.",1,Line 6,Kanjurmarg,2026-03-09,College,Staff Behaviour,staff_politeness,Negative,-0.6,High,Working professional,In Review,English,Synthetic Review,trip staff member counter rude unhelpful
MPF01445,Too many passengers were packed into the train today.,3,Line 6,Kanjurmarg,2026-08-28,Shopping,Crowding,peak_hour_crowding,Neutral,-0.03,Medium,Working professional,Resolved,English,Synthetic Complaint,many passenger packed train today
MPF01446,"Overall, The interchange process was smooth and well signposted.",5,Line 6,Kanjurmarg,2026-01-30,Daily commute,Connectivity,bus_connection,Positive,0.59,Low,General,Resolved,English,Synthetic Survey,overall interchange process smooth well signposted
MPF01447,"During my trip, Security presence at the station was reassuring.",5,Line 1,Azad Nagar,2026-08-08,Other,Safety,platform_safety,Positive,0.66,Low,Tourist,Resolved,English,Synthetic Survey,trip security presence station reassuring
MPF01448,"During my trip, The train was delayed by 15 minutes and I missed my connection.",3,Line 1,DN Nagar,2026-06-06,College,Delay,late_train,Neutral,-0.01,Medium,Tourist,Open,Hinglish,Synthetic Complaint,trip train delayed 15 minute missed connection
MPF01449,"During my trip, Train service was running late today. Please improve punctuality.",1,Line 6,Swami Samarth Nagar,2026-08-10,Daily commute,Delay,service_frequency,Negative,-0.87,High,Working professional,In Review,English,Synthetic Review,trip train service running late today please improve punctuality
MPF01450,"In my experience, The ticket price feels expensive for a short journey.",2,Line 6,Kanjurmarg,2026-08-25,Shopping,Fare,frequent_commuter_cost,Negative,-0.57,High,Student,Resolved,English,Synthetic Survey,experience ticket price feel expensive short journey
MPF01451,"During my trip, Seats and windows were clean during my journey.",5,Line 6,Jogeshwari,2026-02-27,College,Cleanliness,washroom_cleanliness,Positive,0.67,Low,Senior citizen,Not Required,English,Synthetic Survey,trip seat window clean journey
MPF01452,"Overall, Train service was running late today. Please improve punctuality.",2,Line 6,Shyam Nagar,2026-04-28,Work,Delay,service_frequency,Negative,-0.45,High,Working professional,Open,English,Synthetic Review,overall train service running late today please improve punctuality
MPF01453,The ticket price feels expensive for a short journey.,1,Line 2A,Kandarpada,2026-07-09,Other,Fare,frequent_commuter_cost,Negative,-0.77,High,Tourist,Resolved,English,Synthetic Complaint,ticket price feel expensive short journey
MPF01454,"During my trip, The train was delayed by 25 minutes and I missed my connection.",2,Line 3,BKC,2026-01-23,College,Delay,missed_connection,Negative,-0.61,High,Tourist,Open,English,Synthetic Complaint,trip train delayed 25 minute missed connection
MPF01455,"During my trip, Buying the ticket was quick and easy.",5,Line 3,Marol Naka,2026-05-18,College,Ticketing,counter_queue,Positive,0.95,Low,Working professional,Not Required,Hinglish,Synthetic Survey,trip buying ticket quick easy
MPF01456,"Today, The train had comfortable space and was not crowded.",5,Line 1,DN Nagar,2026-06-09,College,Crowding,peak_hour_crowding,Positive,0.62,Low,Working professional,Resolved,English,Synthetic Survey,today train comfortable space crowded
MPF01457,"Today, Train service was running late today. Please improve punctuality.",3,Line 1,DN Nagar,2026-02-26,Work,Delay,late_train,Neutral,0.1,Medium,Working professional,Open,Hinglish,Synthetic Survey,today train service running late today please improve punctuality
MPF01458,More seating and drinking water facilities are needed.,3,Line 7,Jogeshwari East,2026-07-18,College,Facilities,escalator,Neutral,0.06,Medium,Student,Resolved,English,Synthetic Survey,seating drinking water facility needed
MPF01459,Security presence at the station was reassuring.,5,Line 6,Kanjurmarg,2026-05-29,College,Safety,general_safety,Positive,0.66,Low,Working professional,Not Required,English,Synthetic Complaint,security presence station reassuring
MPF01460,"Overall, Too many passengers were packed into the train today.",2,Line 7,Jogeshwari East,2026-01-18,Work,Crowding,platform_crowding,Negative,-0.52,High,Student,In Review,English,Synthetic Review,overall many passenger packed train today
MPF01461,"Overall, The lift was out of service and caused inconvenience.",2,Line 1,Andheri,2026-06-19,College,Facilities,seating_and_water,Negative,-0.92,High,Student,Resolved,English,Synthetic Review,overall lift service caused inconvenience
MPF01462,"During my trip, More seating and drinking water facilities are needed.",3,Line 3,Aarey JVLR,2026-04-03,Tourism,Facilities,seating_and_water,Neutral,-0.08,Medium,Working professional,Not Required,Hinglish,Synthetic Review,trip seating drinking water facility needed
MPF01463,"Today, Better last-mile connectivity would help passengers.",3,Line 6,Jogeshwari,2026-07-20,Daily commute,Connectivity,last_mile,Neutral,-0.03,Medium,Working professional,Not Required,English,Synthetic Complaint,today better lastmile connectivity would help passenger
MPF01464,"During my trip, Good value for money compared with other transport options.",5,Line 7,Jogeshwari East,2026-07-16,Work,Fare,fare_value,Positive,0.84,Low,Working professional,Not Required,English,Synthetic Complaint,trip good value money compared transport option
MPF01465,The coach was extremely crowded during peak hours.,1,Line 2A,Dahisar East,2026-05-22,Tourism,Crowding,door_area_crowding,Negative,-0.63,High,Student,In Review,English,Synthetic Complaint,coach extremely crowded peak hour
MPF01466,"Today, Please improve cleanliness in the washroom area.",2,Line 6,Swami Samarth Nagar,2026-05-31,Other,Cleanliness,washroom_cleanliness,Negative,-0.53,High,Working professional,In Review,English,Synthetic Survey,today please improve cleanliness washroom area
MPF01467,"During my trip, The platform was overcrowded and felt unsafe.",1,Line 6,Shyam Nagar,2026-03-07,Work,Safety,platform_safety,Negative,-0.65,High,Working professional,In Review,English,Synthetic Complaint,trip platform overcrowded felt unsafe
MPF01468,The lift was out of service and caused inconvenience.,2,Line 2A,Goregaon West,2026-06-23,Work,Facilities,escalator,Negative,-0.44,High,Working professional,Open,English,Synthetic Review,lift service caused inconvenience
MPF01469,The ticket price feels expensive for a short journey.,3,Line 7,Mogharpada,2026-03-20,Work,Fare,frequent_commuter_cost,Neutral,0.06,Medium,Senior citizen,Resolved,English,Synthetic Survey,ticket price feel expensive short journey
MPF01470,"During my trip, The interchange process was smooth and well signposted.",5,Line 6,Vikhroli,2026-03-31,Work,Connectivity,interchange,Positive,0.56,Low,Student,Resolved,Hinglish,Synthetic Complaint,trip interchange process smooth well signposted
MPF01471,"During my trip, Please train staff to respond more politely to passengers.",3,Line 6,Shyam Nagar,2026-08-31,Work,Staff Behaviour,security_assistance,Neutral,0.04,Medium,Tourist,Open,English,Synthetic Survey,trip please train staff respond politely passenger
MPF01472,"Today, Security staff guided me properly when I asked for help.",4,Line 7,Jogeshwari East,2026-01-21,Work,Staff Behaviour,staff_helpfulness,Positive,0.74,Low,Working professional,Not Required,Hinglish,Synthetic Review,today security staff guided properly asked help
MPF01473,"Overall, The station floor was dirty and bins were overflowing.",1,Line 7,Mogharpada,2026-01-19,Tourism,Cleanliness,station_cleanliness,Negative,-0.56,High,Working professional,In Review,English,Synthetic Survey,overall station floor dirty bin overflowing
MPF01474,"During my trip, Train service was running late today. Please improve punctuality.",2,Line 3,MIDC,2026-06-21,Other,Delay,missed_connection,Negative,-0.5,High,General,Open,English,Synthetic Review,trip train service running late today please improve punctuality
MPF01475,"Overall, The train had comfortable space and was not crowded.",4,Line 2A,Poisar,2026-05-22,Daily commute,Crowding,door_area_crowding,Positive,0.72,Low,Senior citizen,Resolved,English,Synthetic Complaint,overall train comfortable space crowded
MPF01476,"In my experience, The station staff were polite and helpful.",4,Line 1,DN Nagar,2026-01-17,Tourism,Staff Behaviour,security_assistance,Positive,0.57,Low,General,Resolved,Hinglish,Synthetic Survey,experience station staff polite helpful
MPF01477,The coach was extremely crowded during peak hours.,2,Line 1,DN Nagar,2026-05-20,Tourism,Crowding,door_area_crowding,Negative,-0.5,High,Student,Open,English,Synthetic Review,coach extremely crowded peak hour
MPF01478,Good value for money compared with other transport options.,5,Line 6,Vikhroli,2026-03-20,College,Fare,fare_value,Positive,0.59,Low,Senior citizen,Not Required,English,Synthetic Review,good value money compared transport option
MPF01479,"In my experience, The ticket price feels expensive for a short journey.",2,Line 1,Andheri,2026-03-25,Tourism,Fare,frequent_commuter_cost,Negative,-0.68,High,Tourist,In Review,English,Synthetic Complaint,experience ticket price feel expensive short journey
MPF01480,"During my trip, There should be more working ticket counters during rush hours.",1,Line 3,Marol Naka,2026-06-06,Other,Ticketing,ticket_machine,Negative,-0.59,High,Working professional,Open,English,Synthetic Survey,trip working ticket counter rush hour
MPF01481,"Overall, The coach was extremely crowded during peak hours.",1,Line 3,MIDC,2026-02-25,Daily commute,Crowding,peak_hour_crowding,Negative,-0.77,High,Student,In Review,English,Synthetic Complaint,overall coach extremely crowded peak hour
MPF01482,"Today, The metro connection to other transport was convenient.",5,Line 7,Jogeshwari East,2026-05-15,Shopping,Connectivity,interchange,Positive,0.73,Low,General,Resolved,English,Synthetic Complaint,today metro connection transport convenient
MPF01483,"In my experience, The station staff were polite and helpful.",4,Line 2A,Goregaon West,2026-01-16,Shopping,Staff Behaviour,staff_politeness,Positive,0.57,Low,Tourist,Resolved,English,Synthetic Survey,experience station staff polite helpful
MPF01484,"In my experience, The train had comfortable space and was not crowded.",5,Line 7,Dindoshi,2026-03-11,Daily commute,Crowding,peak_hour_crowding,Positive,0.63,Low,Student,Not Required,English,Synthetic Survey,experience train comfortable space crowded
MPF01485,"In my experience, The metro connection to other transport was convenient.",5,Line 6,Jogeshwari,2026-04-12,Tourism,Connectivity,last_mile,Positive,0.92,Low,Working professional,Not Required,English,Synthetic Review,experience metro connection transport convenient
MPF01486,"Overall, More seating and drinking water facilities are needed.",3,Line 3,MIDC,2026-07-22,Work,Facilities,lift,Neutral,0.07,Medium,General,Resolved,English,Synthetic Complaint,overall seating drinking water facility needed
MPF01487,"During my trip, The fare is reasonable for the service provided.",3,Line 2A,Poisar,2026-03-05,Tourism,Fare,fare_complaint,Neutral,0.08,Medium,Tourist,Resolved,English,Synthetic Survey,trip fare reasonable service provided
MPF01488,"Overall, The coach was clean and well maintained.",5,Line 6,Shyam Nagar,2026-05-19,Work,Cleanliness,washroom_cleanliness,Positive,0.82,Low,Working professional,Not Required,Hinglish,Synthetic Complaint,overall coach clean well maintained
MPF01489,"In my experience, Crowding near the doors made boarding difficult.",1,Line 2A,Kandarpada,2026-04-09,College,Crowding,peak_hour_crowding,Negative,-0.63,High,Student,Resolved,English,Synthetic Review,experience crowding near door made boarding difficult
MPF01490,"In my experience, The platform was overcrowded and felt unsafe.",3,Line 1,Azad Nagar,2026-02-02,Other,Safety,security_presence,Neutral,-0.08,Medium,Senior citizen,Not Required,English,Synthetic Complaint,experience platform overcrowded felt unsafe
MPF01491,"In my experience, The fare is reasonable for the service provided.",3,Line 6,Vikhroli,2026-06-27,Tourism,Fare,fare_complaint,Neutral,-0.03,Medium,Tourist,Open,English,Synthetic Complaint,experience fare reasonable service provided
MPF01492,"Overall, The coach was extremely crowded during peak hours.",2,Line 7,Jogeshwari East,2026-08-11,Other,Crowding,door_area_crowding,Negative,-0.72,High,Tourist,Open,English,Synthetic Complaint,overall coach extremely crowded peak hour
MPF01493,"Overall, The train had comfortable space and was not crowded.",5,Line 6,Swami Samarth Nagar,2026-02-27,Tourism,Crowding,platform_crowding,Positive,0.8,Low,General,Not Required,Hinglish,Synthetic Review,overall train comfortable space crowded
MPF01494,"During my trip, Frequent delays on this route are becoming difficult for daily commuters.",2,Line 7,Jogeshwari East,2026-04-16,Tourism,Delay,service_frequency,Negative,-0.6,High,Student,Open,English,Synthetic Complaint,trip frequent delay route becoming difficult daily commuter
MPF01495,"In my experience, Please improve cleanliness in the washroom area.",2,Line 6,Shyam Nagar,2026-06-25,Tourism,Cleanliness,washroom_cleanliness,Negative,-0.66,High,Student,Resolved,English,Synthetic Review,experience please improve cleanliness washroom area
MPF01496,"In my experience, The interchange process was smooth and well signposted.",5,Line 3,SEEPZ,2026-08-05,College,Connectivity,bus_connection,Positive,0.66,Low,Student,Resolved,Hinglish,Synthetic Complaint,experience interchange process smooth well signposted
MPF01497,"Today, The lift was out of service and caused inconvenience.",3,Line 1,Azad Nagar,2026-03-16,College,Facilities,seating_and_water,Neutral,0.09,Medium,Working professional,Not Required,English,Synthetic Review,today lift service caused inconvenience
MPF01498,The QR ticket scanner worked smoothly.,5,Line 6,Swami Samarth Nagar,2026-01-31,Other,Ticketing,ticket_machine,Positive,0.62,Low,General,Not Required,English,Synthetic Survey,qr ticket scanner worked smoothly
MPF01499,"Today, Crowding near the doors made boarding difficult.",2,Line 2A,Poisar,2026-05-17,Tourism,Crowding,door_area_crowding,Negative,-0.78,High,Student,Open,English,Synthetic Review,today crowding near door made boarding difficult
MPF01500,"In my experience, The station floor was dirty and bins were overflowing.",3,Line 7,Mogharpada,2026-07-28,Work,Cleanliness,washroom_cleanliness,Neutral,0.01,Medium,Student,In Review,English,Synthetic Complaint,experience station floor dirty bin overflowing
MPF01501,Broken fixtures and damaged signs should be repaired.,3,Line 6,Jogeshwari,2026-08-23,Work,Maintenance,infrastructure,Neutral,-0.03,Medium,Student,Resolved,English,Synthetic Review,broken fixture damaged sign repaired
MPF01502,"During my trip, The station staff were polite and helpful.",5,Line 1,Andheri,2026-01-05,Shopping,Staff Behaviour,staff_helpfulness,Positive,0.85,Low,Student,Resolved,English,Synthetic Survey,trip station staff polite helpful
MPF01503,"Overall, Seats and windows were clean during my journey.",5,Line 3,SEEPZ,2026-08-22,Other,Cleanliness,washroom_cleanliness,Positive,0.94,Low,Senior citizen,Resolved,English,Synthetic Review,overall seat window clean journey
MPF01504,"Today, Better last-mile connectivity would help passengers.",2,Line 1,Andheri,2026-03-01,Other,Connectivity,bus_connection,Negative,-0.93,High,Working professional,Not Required,English,Synthetic Survey,today better lastmile connectivity would help passenger
MPF01505,"In my experience, The ticket machine was not working and caused a queue.",1,Line 7,Goregaon East,2026-02-12,College,Ticketing,counter_queue,Negative,-0.71,High,Senior citizen,Resolved,Hinglish,Synthetic Review,experience ticket machine working caused queue
MPF01506,"During my trip, Too many passengers were packed into the train today.",2,Line 1,Azad Nagar,2026-02-17,Shopping,Crowding,peak_hour_crowding,Negative,-0.58,High,Tourist,Resolved,English,Synthetic Survey,trip many passenger packed train today
MPF01507,"Overall, Very little waiting time today; the train arrived on schedule.",5,Line 1,Ghatkopar,2026-05-19,Daily commute,Delay,service_frequency,Positive,0.73,Low,Senior citizen,Not Required,English,Synthetic Review,overall little waiting time today train arrived schedule
MPF01508,"Today, The escalator was not working and needs maintenance.",2,Line 7,Goregaon East,2026-08-01,Work,Maintenance,infrastructure,Negative,-0.85,High,General,Not Required,English,Synthetic Review,today escalator working need maintenance
MPF01509,Security presence at the station was reassuring.,5,Line 2A,Kandarpada,2026-06-18,Tourism,Safety,platform_safety,Positive,0.83,Low,Student,Not Required,English,Synthetic Survey,security presence station reassuring
MPF01510,"Overall, The lift was out of service and caused inconvenience.",2,Line 1,Andheri,2026-03-30,Shopping,Facilities,seating_and_water,Negative,-0.65,High,Senior citizen,Open,English,Synthetic Complaint,overall lift service caused inconvenience
MPF01511,"Overall, The interchange process was smooth and well signposted.",5,Line 7,Goregaon East,2026-01-30,Work,Connectivity,last_mile,Positive,0.82,Low,Senior citizen,Not Required,English,Synthetic Review,overall interchange process smooth well signposted
MPF01512,I felt safe throughout the journey and at the station.,4,Line 7,Jogeshwari East,2026-06-03,Daily commute,Safety,platform_safety,Positive,0.68,Low,General,Not Required,Hinglish,Synthetic Review,felt safe throughout journey station
MPF01513,"Today, The seating area and signage were useful.",4,Line 7,Jogeshwari East,2026-08-12,Other,Facilities,seating_and_water,Positive,0.86,Low,Working professional,Not Required,English,Synthetic Review,today seating area signage useful
MPF01514,"In my experience, The station has clean lifts and working escalators.",5,Line 7,Aarey,2026-01-10,Tourism,Facilities,escalator,Positive,0.83,Low,Tourist,Resolved,English,Synthetic Survey,experience station clean lift working escalator
MPF01515,"Overall, The metro connection to other transport was convenient.",4,Line 2A,Poisar,2026-03-03,Shopping,Connectivity,last_mile,Positive,0.76,Low,Student,Resolved,Hinglish,Synthetic Survey,overall metro connection transport convenient
MPF01516,"In my experience, Crowding near the doors made boarding difficult.",2,Line 6,Kanjurmarg,2026-05-20,Work,Crowding,door_area_crowding,Negative,-0.65,High,General,Open,English,Synthetic Review,experience crowding near door made boarding difficult
MPF01517,"During my trip, There should be more working ticket counters during rush hours.",1,Line 2A,Dahisar East,2026-08-01,Daily commute,Ticketing,qr_scanner,Negative,-0.76,High,Tourist,Resolved,English,Synthetic Review,trip working ticket counter rush hour
MPF01518,Please train staff to respond more politely to passengers.,1,Line 2A,Kandarpada,2026-03-16,Daily commute,Staff Behaviour,staff_helpfulness,Negative,-0.64,High,Senior citizen,Resolved,English,Synthetic Survey,please train staff respond politely passenger
MPF01519,"Today, Please improve cleanliness in the washroom area.",2,Line 3,Marol Naka,2026-02-23,Shopping,Cleanliness,station_cleanliness,Negative,-0.59,High,General,In Review,Hinglish,Synthetic Survey,today please improve cleanliness washroom area
MPF01520,"Today, The station infrastructure appeared well maintained.",4,Line 2A,Goregaon West,2026-01-29,College,Maintenance,infrastructure,Positive,0.94,Low,Student,Resolved,English,Synthetic Survey,today station infrastructure appeared well maintained
MPF01521,"Overall, The interchange process was smooth and well signposted.",5,Line 6,Kanjurmarg,2026-04-15,Work,Connectivity,last_mile,Positive,0.56,Low,Senior citizen,Resolved,English,Synthetic Complaint,overall interchange process smooth well signposted
MPF01522,"During my trip, The ticket machine was not working and caused a queue.",2,Line 6,Shyam Nagar,2026-04-05,Tourism,Ticketing,counter_queue,Negative,-0.78,High,General,Resolved,English,Synthetic Complaint,trip ticket machine working caused queue
MPF01523,"In my experience, Please improve passenger safety near the platform edge.",2,Line 2A,Goregaon West,2026-01-19,Work,Safety,security_presence,Negative,-0.5,High,General,Open,English,Synthetic Survey,experience please improve passenger safety near platform edge
MPF01524,"During my trip, The metro connection to other transport was convenient.",5,Line 6,Vikhroli,2026-01-04,Other,Connectivity,bus_connection,Positive,0.77,Low,General,Not Required,Hinglish,Synthetic Review,trip metro connection transport convenient
MPF01525,The QR ticket scanner worked smoothly.,5,Line 6,Kanjurmarg,2026-05-14,Work,Ticketing,ticket_machine,Positive,0.87,Low,Tourist,Resolved,English,Synthetic Review,qr ticket scanner worked smoothly
MPF01526,"In my experience, The station staff were polite and helpful.",5,Line 1,DN Nagar,2026-06-06,Shopping,Staff Behaviour,staff_helpfulness,Positive,0.69,Low,General,Resolved,English,Synthetic Survey,experience station staff polite helpful
MPF01527,The QR ticket scanner worked smoothly.,4,Line 6,Swami Samarth Nagar,2026-04-30,Tourism,Ticketing,qr_scanner,Positive,0.85,Low,General,Not Required,English,Synthetic Review,qr ticket scanner worked smoothly
MPF01528,"Today, The platform was overcrowded and felt unsafe.",2,Line 1,Versova,2026-05-18,Work,Safety,platform_safety,Negative,-0.6,High,Senior citizen,Resolved,English,Synthetic Complaint,today platform overcrowded felt unsafe
MPF01529,"Today, The platform was overcrowded and felt unsafe.",1,Line 3,Aarey JVLR,2026-08-08,Daily commute,Safety,general_safety,Negative,-0.5,High,Student,Open,English,Synthetic Survey,today platform overcrowded felt unsafe
MPF01530,"During my trip, The seating area and signage were useful.",4,Line 2A,Goregaon West,2026-03-25,Other,Facilities,seating_and_water,Positive,0.6,Low,Tourist,Resolved,English,Synthetic Complaint,trip seating area signage useful
MPF01531,"During my trip, The coach was clean and well maintained.",4,Line 1,Ghatkopar,2026-08-20,College,Cleanliness,station_cleanliness,Positive,0.9,Low,Working professional,Not Required,English,Synthetic Survey,trip coach clean well maintained
MPF01532,"Overall, Please train staff to respond more politely to passengers.",2,Line 6,Vikhroli,2026-03-04,Other,Staff Behaviour,staff_politeness,Negative,-0.9,High,Senior citizen,Resolved,English,Synthetic Complaint,overall please train staff respond politely passenger
MPF01533,The coach condition was good and everything looked maintained.,5,Line 7,Dindoshi,2026-03-05,Shopping,Maintenance,infrastructure,Positive,0.77,Low,Student,Not Required,English,Synthetic Complaint,coach condition good everything looked maintained
MPF01534,"Today, The ticket price feels expensive for a short journey.",3,Line 7,Jogeshwari East,2026-04-11,College,Fare,frequent_commuter_cost,Neutral,-0.06,Medium,Student,In Review,English,Synthetic Survey,today ticket price feel expensive short journey
MPF01535,"Today, Too many passengers were packed into the train today.",2,Line 6,Swami Samarth Nagar,2026-01-02,Work,Crowding,door_area_crowding,Negative,-0.68,High,General,Resolved,English,Synthetic Review,today many passenger packed train today
MPF01536,"During my trip, The coach was extremely crowded during peak hours.",2,Line 2A,Kandarpada,2026-06-28,Other,Crowding,door_area_crowding,Negative,-0.91,High,Tourist,Not Required,English,Synthetic Complaint,trip coach extremely crowded peak hour
MPF01537,"During my trip, Security presence at the station was reassuring.",4,Line 7,Dindoshi,2026-02-24,Daily commute,Safety,platform_safety,Positive,0.94,Low,Student,Not Required,English,Synthetic Review,trip security presence station reassuring
MPF01538,"Today, More seating and drinking water facilities are needed.",3,Line 7,Dindoshi,2026-03-11,Tourism,Facilities,escalator,Neutral,0.09,Medium,Student,In Review,English,Synthetic Complaint,today seating drinking water facility needed
MPF01539,"During my trip, The escalator was not working and needs maintenance.",2,Line 1,Ghatkopar,2026-05-07,Tourism,Maintenance,equipment,Negative,-0.39,High,Tourist,Not Required,English,Synthetic Review,trip escalator working need maintenance
MPF01540,"In my experience, Train service was running late today. Please improve punctuality.",3,Line 7,Mogharpada,2026-07-13,College,Delay,service_frequency,Neutral,0.05,Medium,General,In Review,English,Synthetic Review,experience train service running late today please improve punctuality
MPF01541,"Today, Please improve passenger safety near the platform edge.",1,Line 1,DN Nagar,2026-01-31,Work,Safety,platform_safety,Negative,-0.68,High,Student,Resolved,English,Synthetic Complaint,today please improve passenger safety near platform edge
MPF01542,"Overall, Train service was running late today. Please improve punctuality.",3,Line 3,SEEPZ,2026-05-01,Tourism,Delay,service_frequency,Neutral,0.0,Medium,Student,Open,English,Synthetic Complaint,overall train service running late today please improve punctuality
MPF01543,"Today, The staff member at the counter was rude and unhelpful.",1,Line 7,Mogharpada,2026-07-03,Shopping,Staff Behaviour,staff_politeness,Negative,-0.49,High,Student,Not Required,Hinglish,Synthetic Survey,today staff member counter rude unhelpful
MPF01544,"Overall, The coach condition was good and everything looked maintained.",5,Line 6,Swami Samarth Nagar,2026-03-31,Shopping,Maintenance,equipment,Positive,0.88,Low,Student,Not Required,English,Synthetic Survey,overall coach condition good everything looked maintained
MPF01545,"Overall, Buying the ticket was quick and easy.",5,Line 2A,Dahisar East,2026-02-04,Tourism,Ticketing,ticket_machine,Positive,0.91,Low,Student,Not Required,English,Synthetic Review,overall buying ticket quick easy
MPF01546,"Today, The coach was clean and well maintained.",5,Line 7,Goregaon East,2026-07-19,College,Cleanliness,coach_cleanliness,Positive,0.89,Low,Student,Not Required,English,Synthetic Review,today coach clean well maintained
MPF01547,"In my experience, Frequent delays on this route are becoming difficult for daily commuters.",2,Line 6,Swami Samarth Nagar,2026-01-08,Other,Delay,missed_connection,Negative,-0.89,High,Working professional,Resolved,English,Synthetic Review,experience frequent delay route becoming difficult daily commuter
MPF01548,"In my experience, Crowding near the doors made boarding difficult.",2,Line 6,Vikhroli,2026-07-23,Work,Crowding,peak_hour_crowding,Negative,-0.83,High,Senior citizen,Resolved,English,Synthetic Review,experience crowding near door made boarding difficult
MPF01549,"Overall, Very little waiting time today; the train arrived on schedule.",5,Line 2A,Kandarpada,2026-03-20,Daily commute,Delay,service_frequency,Positive,0.72,Low,General,Not Required,Hinglish,Synthetic Survey,overall little waiting time today train arrived schedule
MPF01550,Please improve cleanliness in the washroom area.,2,Line 6,Vikhroli,2026-08-28,Tourism,Cleanliness,coach_cleanliness,Negative,-0.94,High,Tourist,Open,English,Synthetic Survey,please improve cleanliness washroom area
MPF01551,"Today, The station infrastructure appeared well maintained.",4,Line 1,Andheri,2026-01-08,Daily commute,Maintenance,infrastructure,Positive,0.84,Low,General,Resolved,English,Synthetic Complaint,today station infrastructure appeared well maintained
MPF01552,The seating area and signage were useful.,3,Line 7,Jogeshwari East,2026-07-24,Work,Facilities,escalator,Neutral,-0.0,Medium,Senior citizen,Not Required,Hinglish,Synthetic Survey,seating area signage useful
MPF01553,The station has clean lifts and working escalators.,5,Line 2A,Goregaon West,2026-07-10,Daily commute,Facilities,seating_and_water,Positive,0.62,Low,Student,Resolved,English,Synthetic Survey,station clean lift working escalator
MPF01554,"Overall, Please review the fare for frequent daily commuters.",2,Line 3,Aarey JVLR,2026-04-15,College,Fare,fare_value,Negative,-0.94,High,Senior citizen,In Review,Hinglish,Synthetic Complaint,overall please review fare frequent daily commuter
MPF01555,The escalator was not working and needs maintenance.,2,Line 3,Aarey JVLR,2026-02-07,Shopping,Maintenance,infrastructure,Negative,-0.45,High,Senior citizen,Resolved,English,Synthetic Survey,escalator working need maintenance
MPF01556,"Overall, Too many passengers were packed into the train today.",1,Line 7,Goregaon East,2026-03-11,Daily commute,Crowding,peak_hour_crowding,Negative,-0.56,High,Working professional,Open,English,Synthetic Complaint,overall many passenger packed train today
MPF01557,"Today, The station infrastructure appeared well maintained.",4,Line 2A,Dahisar East,2026-06-10,Shopping,Maintenance,equipment,Positive,0.9,Low,General,Not Required,English,Synthetic Complaint,today station infrastructure appeared well maintained
MPF01558,"Today, The staff member at the counter was rude and unhelpful.",1,Line 7,Aarey,2026-02-04,Tourism,Staff Behaviour,staff_helpfulness,Negative,-0.56,High,Senior citizen,Not Required,English,Synthetic Complaint,today staff member counter rude unhelpful
MPF01559,"Today, The station infrastructure appeared well maintained.",3,Line 7,Goregaon East,2026-05-29,Daily commute,Maintenance,infrastructure,Neutral,-0.07,Medium,General,In Review,English,Synthetic Complaint,today station infrastructure appeared well maintained
MPF01560,"During my trip, Better last-mile connectivity would help passengers.",4,Line 2A,Poisar,2026-04-18,Shopping,Connectivity,interchange,Positive,0.87,Low,Senior citizen,Resolved,English,Synthetic Complaint,trip better lastmile connectivity would help passenger
MPF01561,"In my experience, The fare is reasonable for the service provided.",5,Line 2A,Poisar,2026-05-23,Shopping,Fare,fare_value,Positive,0.66,Low,Senior citizen,Not Required,English,Synthetic Complaint,experience fare reasonable service provided
MPF01562,"During my trip, The coach condition was good and everything looked maintained.",5,Line 6,Swami Samarth Nagar,2026-05-27,Work,Maintenance,signage_and_fixtures,Positive,0.89,Low,Student,Not Required,English,Synthetic Review,trip coach condition good everything looked maintained
MPF01563,"During my trip, The ticket price feels expensive for a short journey.",2,Line 6,Jogeshwari,2026-05-10,College,Fare,fare_value,Negative,-0.78,High,General,Resolved,English,Synthetic Survey,trip ticket price feel expensive short journey
MPF01564,"During my trip, Broken fixtures and damaged signs should be repaired.",2,Line 1,DN Nagar,2026-07-10,Other,Maintenance,signage_and_fixtures,Negative,-0.84,High,Student,Open,English,Synthetic Survey,trip broken fixture damaged sign repaired
MPF01565,Very little waiting time today; the train arrived on schedule.,5,Line 3,MIDC,2026-07-10,Daily commute,Delay,missed_connection,Positive,0.85,Low,Student,Not Required,English,Synthetic Review,little waiting time today train arrived schedule
MPF01566,The station staff were polite and helpful.,4,Line 3,Marol Naka,2026-04-14,Tourism,Staff Behaviour,staff_politeness,Positive,0.76,Low,General,Not Required,Hinglish,Synthetic Survey,station staff polite helpful
MPF01567,"Overall, Please improve cleanliness in the washroom area.",2,Line 1,Ghatkopar,2026-07-03,Shopping,Cleanliness,washroom_cleanliness,Negative,-0.87,High,Working professional,Resolved,Hinglish,Synthetic Complaint,overall please improve cleanliness washroom area
MPF01568,"In my experience, Very little waiting time today; the train arrived on schedule.",4,Line 1,Azad Nagar,2026-01-11,Tourism,Delay,late_train,Positive,0.93,Low,Tourist,Not Required,English,Synthetic Survey,experience little waiting time today train arrived schedule
MPF01569,"Overall, The station infrastructure appeared well maintained.",4,Line 1,Ghatkopar,2026-08-14,Daily commute,Maintenance,infrastructure,Positive,0.72,Low,Working professional,Not Required,Hinglish,Synthetic Complaint,overall station infrastructure appeared well maintained
MPF01570,"During my trip, The station infrastructure appeared well maintained.",4,Line 7,Aarey,2026-03-08,Tourism,Maintenance,signage_and_fixtures,Positive,0.75,Low,Senior citizen,Not Required,English,Synthetic Complaint,trip station infrastructure appeared well maintained
MPF01571,"Overall, The platform was overcrowded and felt unsafe.",2,Line 1,Andheri,2026-08-16,Daily commute,Safety,general_safety,Negative,-0.7,High,Tourist,In Review,English,Synthetic Complaint,overall platform overcrowded felt unsafe
MPF01572,Please review the fare for frequent daily commuters.,2,Line 7,Jogeshwari East,2026-06-30,Work,Fare,frequent_commuter_cost,Negative,-0.91,High,Senior citizen,Not Required,Hinglish,Synthetic Survey,please review fare frequent daily commuter
MPF01573,"Overall, Too many passengers were packed into the train today.",3,Line 1,Ghatkopar,2026-01-09,College,Crowding,platform_crowding,Neutral,-0.01,Medium,Student,Resolved,English,Synthetic Survey,overall many passenger packed train today
MPF01574,"During my trip, Please improve cleanliness in the washroom area.",2,Line 7,Mogharpada,2026-03-30,College,Cleanliness,station_cleanliness,Negative,-0.67,High,Working professional,Open,English,Synthetic Survey,trip please improve cleanliness washroom area
MPF01575,"In my experience, Buying the ticket was quick and easy.",4,Line 1,Andheri,2026-01-30,Tourism,Ticketing,qr_scanner,Positive,0.95,Low,Working professional,Not Required,English,Synthetic Complaint,experience buying ticket quick easy
MPF01576,"In my experience, The train had comfortable space and was not crowded.",4,Line 3,Aarey JVLR,2026-02-14,Shopping,Crowding,peak_hour_crowding,Positive,0.66,Low,Student,Not Required,Hinglish,Synthetic Complaint,experience train comfortable space crowded
MPF01577,Please review the fare for frequent daily commuters.,2,Line 1,Versova,2026-01-23,Work,Fare,frequent_commuter_cost,Negative,-0.87,High,General,Not Required,English,Synthetic Survey,please review fare frequent daily commuter
MPF01578,"During my trip, Crowding near the doors made boarding difficult.",1,Line 2A,Shimpoli,2026-05-08,Other,Crowding,platform_crowding,Negative,-0.87,High,Senior citizen,In Review,Hinglish,Synthetic Survey,trip crowding near door made boarding difficult
MPF01579,"During my trip, The platform was overcrowded and felt unsafe.",2,Line 3,Marol Naka,2026-02-26,Daily commute,Safety,general_safety,Negative,-0.72,High,Senior citizen,In Review,English,Synthetic Review,trip platform overcrowded felt unsafe
MPF01580,The train was delayed by 25 minutes and I missed my connection.,2,Line 7,Jogeshwari East,2026-05-06,College,Delay,late_train,Negative,-0.81,High,Tourist,Resolved,English,Synthetic Review,train delayed 25 minute missed connection
MPF01581,"Today, Please improve passenger safety near the platform edge.",2,Line 7,Dindoshi,2026-09-01,Work,Safety,platform_safety,Negative,-0.63,High,Senior citizen,In Review,English,Synthetic Complaint,today please improve passenger safety near platform edge
MPF01582,"Today, Frequent delays on this route are becoming difficult for daily commuters.",2,Line 3,Marol Naka,2026-08-14,Shopping,Delay,service_frequency,Negative,-0.39,High,Working professional,Open,Hinglish,Synthetic Complaint,today frequent delay route becoming difficult daily commuter
MPF01583,"During my trip, The seating area and signage were useful.",4,Line 3,BKC,2026-01-10,Daily commute,Facilities,escalator,Positive,0.74,Low,Working professional,Not Required,English,Synthetic Survey,trip seating area signage useful
MPF01584,"Overall, There should be more working ticket counters during rush hours.",2,Line 1,Ghatkopar,2026-04-18,College,Ticketing,qr_scanner,Negative,-0.81,High,Working professional,In Review,English,Synthetic Complaint,overall working ticket counter rush hour
MPF01585,The coach was extremely crowded during peak hours.,2,Line 3,BKC,2026-04-02,Shopping,Crowding,door_area_crowding,Negative,-0.48,High,Senior citizen,In Review,English,Synthetic Survey,coach extremely crowded peak hour
MPF01586,"During my trip, Frequent delays on this route are becoming difficult for daily commuters.",2,Line 6,Jogeshwari,2026-05-21,Daily commute,Delay,late_train,Negative,-0.56,High,Student,Open,English,Synthetic Complaint,trip frequent delay route becoming difficult daily commuter
MPF01587,"Today, The lift was out of service and caused inconvenience.",2,Line 6,Jogeshwari,2026-01-17,College,Facilities,seating_and_water,Negative,-0.77,High,General,Open,English,Synthetic Complaint,today lift service caused inconvenience
MPF01588,Broken fixtures and damaged signs should be repaired.,2,Line 6,Shyam Nagar,2026-02-16,Daily commute,Maintenance,infrastructure,Negative,-0.71,High,Senior citizen,Not Required,Hinglish,Synthetic Survey,broken fixture damaged sign repaired
MPF01589,"During my trip, The ticket machine was not working and caused a queue.",1,Line 2A,Kandarpada,2026-04-13,Work,Ticketing,ticket_machine,Negative,-0.47,High,Working professional,Not Required,Hinglish,Synthetic Complaint,trip ticket machine working caused queue
MPF01590,"Overall, Better last-mile connectivity would help passengers.",3,Line 7,Mogharpada,2026-02-11,Other,Connectivity,interchange,Neutral,-0.07,Medium,General,Not Required,English,Synthetic Survey,overall better lastmile connectivity would help passenger
MPF01591,"In my experience, Broken fixtures and damaged signs should be repaired.",3,Line 2A,Dahisar East,2026-08-29,Daily commute,Maintenance,infrastructure,Neutral,0.02,Medium,Student,In Review,English,Synthetic Survey,experience broken fixture damaged sign repaired
MPF01592,The station has clean lifts and working escalators.,5,Line 2A,Kandarpada,2026-01-27,Tourism,Facilities,seating_and_water,Positive,0.85,Low,Tourist,Not Required,English,Synthetic Complaint,station clean lift working escalator
MPF01593,"In my experience, I felt safe throughout the journey and at the station.",5,Line 3,MIDC,2026-08-11,Other,Safety,security_presence,Positive,0.59,Low,Senior citizen,Resolved,Hinglish,Synthetic Review,experience felt safe throughout journey station
MPF01594,"During my trip, The station floor was dirty and bins were overflowing.",2,Line 1,Andheri,2026-05-16,Work,Cleanliness,washroom_cleanliness,Negative,-0.75,High,Student,Open,English,Synthetic Complaint,trip station floor dirty bin overflowing
MPF01595,"Today, Frequent delays on this route are becoming difficult for daily commuters.",3,Line 3,BKC,2026-04-20,Other,Delay,late_train,Neutral,0.05,Medium,Working professional,Resolved,English,Synthetic Survey,today frequent delay route becoming difficult daily commuter
MPF01596,"Overall, Please improve cleanliness in the washroom area.",2,Line 6,Kanjurmarg,2026-05-18,Tourism,Cleanliness,coach_cleanliness,Negative,-0.54,High,Tourist,Resolved,English,Synthetic Survey,overall please improve cleanliness washroom area
MPF01597,"Today, The station staff were polite and helpful.",5,Line 3,SEEPZ,2026-07-03,Daily commute,Staff Behaviour,security_assistance,Positive,0.9,Low,Working professional,Resolved,English,Synthetic Complaint,today station staff polite helpful
MPF01598,"Overall, The station has clean lifts and working escalators.",5,Line 7,Goregaon East,2026-02-17,College,Facilities,lift,Positive,0.82,Low,Working professional,Not Required,English,Synthetic Review,overall station clean lift working escalator
MPF01599,"In my experience, The coach condition was good and everything looked maintained.",5,Line 1,Azad Nagar,2026-07-25,Shopping,Maintenance,equipment,Positive,0.77,Low,Senior citizen,Not Required,English,Synthetic Review,experience coach condition good everything looked maintained
MPF01600,"In my experience, The fare is reasonable for the service provided.",4,Line 7,Aarey,2026-07-30,Work,Fare,fare_value,Positive,0.83,Low,Student,Not Required,English,Synthetic Review,experience fare reasonable service provided
MPF01601,"Overall, Frequent delays on this route are becoming difficult for daily commuters.",2,Line 3,Aarey JVLR,2026-06-29,Other,Delay,missed_connection,Negative,-0.73,High,General,In Review,English,Synthetic Survey,overall frequent delay route becoming difficult daily commuter
MPF01602,"Overall, It was difficult to connect from the metro to the bus stop.",2,Line 1,Ghatkopar,2026-03-19,College,Connectivity,interchange,Negative,-0.62,High,General,Not Required,English,Synthetic Survey,overall difficult connect metro bus stop
MPF01603,"Overall, The coach was clean and well maintained.",4,Line 3,BKC,2026-04-10,College,Cleanliness,washroom_cleanliness,Positive,0.61,Low,Student,Resolved,English,Synthetic Complaint,overall coach clean well maintained
MPF01604,"In my experience, The staff member at the counter was rude and unhelpful.",1,Line 7,Jogeshwari East,2026-07-29,Tourism,Staff Behaviour,staff_politeness,Negative,-0.81,High,Student,In Review,English,Synthetic Survey,experience staff member counter rude unhelpful
MPF01605,"Today, Good value for money compared with other transport options.",5,Line 7,Jogeshwari East,2026-03-05,Tourism,Fare,frequent_commuter_cost,Positive,0.88,Low,Tourist,Not Required,Hinglish,Synthetic Review,today good value money compared transport option
MPF01606,The station floor was dirty and bins were overflowing.,2,Line 7,Goregaon East,2026-05-08,College,Cleanliness,washroom_cleanliness,Negative,-0.41,High,Student,In Review,English,Synthetic Complaint,station floor dirty bin overflowing
MPF01607,"Today, Security presence at the station was reassuring.",4,Line 1,Versova,2026-03-17,Tourism,Safety,security_presence,Positive,0.85,Low,Tourist,Not Required,English,Synthetic Survey,today security presence station reassuring
MPF01608,"Today, There should be more working ticket counters during rush hours.",2,Line 3,SEEPZ,2026-01-16,Daily commute,Ticketing,qr_scanner,Negative,-0.93,High,Tourist,Resolved,English,Synthetic Survey,today working ticket counter rush hour
MPF01609,"Today, Please improve passenger safety near the platform edge.",3,Line 3,Aarey JVLR,2026-01-26,Work,Safety,security_presence,Neutral,0.1,Medium,Tourist,Not Required,English,Synthetic Survey,today please improve passenger safety near platform edge
MPF01610,"Today, The station staff were polite and helpful.",5,Line 7,Goregaon East,2026-04-09,College,Staff Behaviour,staff_politeness,Positive,0.88,Low,General,Resolved,Hinglish,Synthetic Survey,today station staff polite helpful
MPF01611,"Today, The train had comfortable space and was not crowded.",5,Line 2A,Goregaon West,2026-04-17,Work,Crowding,door_area_crowding,Positive,0.71,Low,Tourist,Not Required,English,Synthetic Review,today train comfortable space crowded
MPF01612,"Today, Frequent delays on this route are becoming difficult for daily commuters.",2,Line 7,Dindoshi,2026-08-24,Daily commute,Delay,service_frequency,Negative,-0.86,High,Working professional,Resolved,Hinglish,Synthetic Complaint,today frequent delay route becoming difficult daily commuter
MPF01613,"Overall, The train had comfortable space and was not crowded.",5,Line 3,Marol Naka,2026-06-27,Shopping,Crowding,peak_hour_crowding,Positive,0.91,Low,General,Not Required,Hinglish,Synthetic Complaint,overall train comfortable space crowded
MPF01614,"Overall, Better last-mile connectivity would help passengers.",3,Line 7,Mogharpada,2026-03-30,College,Connectivity,interchange,Neutral,-0.09,Medium,Senior citizen,In Review,English,Synthetic Survey,overall better lastmile connectivity would help passenger
MPF01615,"In my experience, Crowding near the doors made boarding difficult.",2,Line 6,Kanjurmarg,2026-07-18,College,Crowding,peak_hour_crowding,Negative,-0.5,High,General,Resolved,Hinglish,Synthetic Review,experience crowding near door made boarding difficult
MPF01616,Please improve passenger safety near the platform edge.,2,Line 7,Dindoshi,2026-04-22,Shopping,Safety,platform_safety,Negative,-0.65,High,Tourist,In Review,English,Synthetic Survey,please improve passenger safety near platform edge
MPF01617,"Overall, Security staff guided me properly when I asked for help.",4,Line 6,Swami Samarth Nagar,2026-06-30,Shopping,Staff Behaviour,staff_politeness,Positive,0.63,Low,Working professional,Not Required,English,Synthetic Survey,overall security staff guided properly asked help
MPF01618,The station has clean lifts and working escalators.,5,Line 2A,Shimpoli,2026-04-19,Other,Facilities,lift,Positive,0.88,Low,Tourist,Not Required,English,Synthetic Survey,station clean lift working escalator
MPF01619,"During my trip, The train had comfortable space and was not crowded.",5,Line 1,Versova,2026-08-29,Shopping,Crowding,peak_hour_crowding,Positive,0.88,Low,General,Not Required,English,Synthetic Survey,trip train comfortable space crowded
MPF01620,"Overall, Train service was running late today. Please improve punctuality.",2,Line 3,BKC,2026-02-17,Work,Delay,missed_connection,Negative,-0.93,High,Tourist,Open,Hinglish,Synthetic Review,overall train service running late today please improve punctuality
MPF01621,"Today, The station has clean lifts and working escalators.",5,Line 3,SEEPZ,2026-04-13,Daily commute,Facilities,lift,Positive,0.56,Low,Tourist,Not Required,English,Synthetic Survey,today station clean lift working escalator
MPF01622,"During my trip, I felt safe throughout the journey and at the station.",5,Line 3,Aarey JVLR,2026-04-07,Work,Safety,general_safety,Positive,0.63,Low,Tourist,Not Required,Hinglish,Synthetic Review,trip felt safe throughout journey station
MPF01623,"During my trip, The lift was out of service and caused inconvenience.",2,Line 2A,Dahisar East,2026-01-09,Work,Facilities,seating_and_water,Negative,-0.69,High,General,Open,English,Synthetic Complaint,trip lift service caused inconvenience
MPF01624,"During my trip, Buying the ticket was quick and easy.",5,Line 3,SEEPZ,2026-02-27,Tourism,Ticketing,ticket_machine,Positive,0.84,Low,Senior citizen,Resolved,English,Synthetic Complaint,trip buying ticket quick easy
MPF01625,The lift was out of service and caused inconvenience.,2,Line 3,MIDC,2026-07-17,Daily commute,Facilities,seating_and_water,Negative,-0.41,High,Tourist,Not Required,English,Synthetic Review,lift service caused inconvenience
MPF01626,"Today, Crowding near the doors made boarding difficult.",2,Line 3,Aarey JVLR,2026-06-14,College,Crowding,door_area_crowding,Negative,-0.71,High,Working professional,Open,English,Synthetic Complaint,today crowding near door made boarding difficult
MPF01627,"In my experience, Broken fixtures and damaged signs should be repaired.",3,Line 7,Dindoshi,2026-07-28,Shopping,Maintenance,infrastructure,Neutral,-0.03,Medium,Student,Resolved,English,Synthetic Review,experience broken fixture damaged sign repaired
MPF01628,"Overall, Please improve passenger safety near the platform edge.",1,Line 3,Marol Naka,2026-02-12,Other,Safety,platform_safety,Negative,-0.62,High,Student,Resolved,English,Synthetic Survey,overall please improve passenger safety near platform edge
MPF01629,The ticket machine was not working and caused a queue.,2,Line 1,Versova,2026-03-31,Tourism,Ticketing,ticket_machine,Negative,-0.79,High,Student,Open,English,Synthetic Survey,ticket machine working caused queue
MPF01630,"Overall, The coach was extremely crowded during peak hours.",2,Line 2A,Shimpoli,2026-08-07,Work,Crowding,peak_hour_crowding,Negative,-0.91,High,Senior citizen,In Review,Hinglish,Synthetic Review,overall coach extremely crowded peak hour
MPF01631,"During my trip, Security staff guided me properly when I asked for help.",3,Line 1,Ghatkopar,2026-07-20,Shopping,Staff Behaviour,staff_politeness,Neutral,-0.05,Medium,General,In Review,English,Synthetic Complaint,trip security staff guided properly asked help
MPF01632,"During my trip, The staff member at the counter was rude and unhelpful.",1,Line 6,Jogeshwari,2026-01-07,Work,Staff Behaviour,staff_helpfulness,Negative,-0.71,High,General,Not Required,English,Synthetic Complaint,trip staff member counter rude unhelpful
MPF01633,"During my trip, The station staff were polite and helpful.",5,Line 6,Kanjurmarg,2026-03-22,Tourism,Staff Behaviour,security_assistance,Positive,0.59,Low,Student,Resolved,English,Synthetic Review,trip station staff polite helpful
MPF01634,"Overall, The coach was extremely crowded during peak hours.",2,Line 6,Kanjurmarg,2026-05-31,Shopping,Crowding,door_area_crowding,Negative,-0.37,High,Working professional,Resolved,English,Synthetic Review,overall coach extremely crowded peak hour
MPF01635,"Overall, The coach was clean and well maintained.",5,Line 7,Dindoshi,2026-07-23,College,Cleanliness,coach_cleanliness,Positive,0.86,Low,Student,Not Required,English,Synthetic Complaint,overall coach clean well maintained
MPF01636,Crowding near the doors made boarding difficult.,2,Line 6,Jogeshwari,2026-08-07,College,Crowding,door_area_crowding,Negative,-0.89,High,Working professional,Open,English,Synthetic Review,crowding near door made boarding difficult
MPF01637,"Today, Crowding near the doors made boarding difficult.",1,Line 3,SEEPZ,2026-04-25,Work,Crowding,peak_hour_crowding,Negative,-0.41,High,Student,Resolved,Hinglish,Synthetic Survey,today crowding near door made boarding difficult
MPF01638,"In my experience, The escalator was not working and needs maintenance.",2,Line 1,Andheri,2026-01-28,Work,Maintenance,infrastructure,Negative,-0.76,High,Senior citizen,Open,English,Synthetic Complaint,experience escalator working need maintenance
MPF01639,"During my trip, Security presence at the station was reassuring.",4,Line 7,Dindoshi,2026-06-20,Other,Safety,platform_safety,Positive,0.66,Low,Working professional,Not Required,English,Synthetic Survey,trip security presence station reassuring
MPF01640,"Overall, More seating and drinking water facilities are needed.",3,Line 6,Vikhroli,2026-02-09,Work,Facilities,lift,Neutral,-0.01,Medium,Senior citizen,In Review,English,Synthetic Survey,overall seating drinking water facility needed
MPF01641,"During my trip, Security staff guided me properly when I asked for help.",5,Line 6,Kanjurmarg,2026-05-04,Tourism,Staff Behaviour,staff_helpfulness,Positive,0.87,Low,Working professional,Not Required,English,Synthetic Complaint,trip security staff guided properly asked help
MPF01642,"Overall, More seating and drinking water facilities are needed.",3,Line 1,Azad Nagar,2026-01-25,Work,Facilities,escalator,Neutral,0.08,Medium,General,Resolved,English,Synthetic Review,overall seating drinking water facility needed
MPF01643,"In my experience, The train had comfortable space and was not crowded.",5,Line 6,Swami Samarth Nagar,2026-07-21,College,Crowding,door_area_crowding,Positive,0.93,Low,Student,Resolved,Hinglish,Synthetic Complaint,experience train comfortable space crowded
MPF01644,"Today, The staff member at the counter was rude and unhelpful.",1,Line 6,Kanjurmarg,2026-05-04,Work,Staff Behaviour,staff_politeness,Negative,-0.87,High,Student,In Review,English,Synthetic Review,today staff member counter rude unhelpful
MPF01645,"During my trip, Security presence at the station was reassuring.",5,Line 6,Jogeshwari,2026-08-11,Tourism,Safety,security_presence,Positive,0.58,Low,Tourist,Not Required,English,Synthetic Survey,trip security presence station reassuring
MPF01646,"Today, It was difficult to connect from the metro to the bus stop.",2,Line 1,Andheri,2026-05-31,College,Connectivity,bus_connection,Negative,-0.5,High,Tourist,Resolved,English,Synthetic Survey,today difficult connect metro bus stop
MPF01647,"Overall, The station floor was dirty and bins were overflowing.",2,Line 2A,Dahisar East,2026-06-05,Tourism,Cleanliness,washroom_cleanliness,Negative,-0.9,High,General,Not Required,English,Synthetic Survey,overall station floor dirty bin overflowing
MPF01648,"Overall, Crowding near the doors made boarding difficult.",2,Line 3,Marol Naka,2026-04-03,College,Crowding,door_area_crowding,Negative,-0.71,High,Senior citizen,Not Required,Hinglish,Synthetic Complaint,overall crowding near door made boarding difficult
MPF01649,Please improve cleanliness in the washroom area.,1,Line 2A,Shimpoli,2026-02-26,Tourism,Cleanliness,coach_cleanliness,Negative,-0.52,High,Student,Not Required,English,Synthetic Complaint,please improve cleanliness washroom area
MPF01650,"Overall, It was difficult to connect from the metro to the bus stop.",2,Line 7,Dindoshi,2026-08-07,Daily commute,Connectivity,interchange,Negative,-0.45,High,Student,Open,Hinglish,Synthetic Review,overall difficult connect metro bus stop
MPF01651,"Today, Train service was running late today. Please improve punctuality.",1,Line 1,Azad Nagar,2026-04-22,College,Delay,late_train,Negative,-0.76,High,Tourist,Open,English,Synthetic Review,today train service running late today please improve punctuality
MPF01652,Security staff guided me properly when I asked for help.,5,Line 3,SEEPZ,2026-07-31,Shopping,Staff Behaviour,staff_helpfulness,Positive,0.68,Low,Working professional,Not Required,English,Synthetic Review,security staff guided properly asked help
MPF01653,"Today, The station floor was dirty and bins were overflowing.",1,Line 2A,Shimpoli,2026-03-18,Tourism,Cleanliness,coach_cleanliness,Negative,-0.94,High,Senior citizen,Not Required,English,Synthetic Review,today station floor dirty bin overflowing
MPF01654,"During my trip, Good value for money compared with other transport options.",4,Line 2A,Dahisar East,2026-05-14,Work,Fare,fare_complaint,Positive,0.92,Low,Tourist,Resolved,English,Synthetic Review,trip good value money compared transport option
MPF01655,"Overall, Frequent delays on this route are becoming difficult for daily commuters.",2,Line 3,Marol Naka,2026-05-02,Work,Delay,service_frequency,Negative,-0.59,High,General,In Review,Hinglish,Synthetic Survey,overall frequent delay route becoming difficult daily commuter
MPF01656,Better last-mile connectivity would help passengers.,3,Line 7,Aarey,2026-08-14,Tourism,Connectivity,interchange,Neutral,0.02,Medium,Working professional,Open,English,Synthetic Survey,better lastmile connectivity would help passenger
MPF01657,"During my trip, Please train staff to respond more politely to passengers.",2,Line 7,Mogharpada,2026-07-19,Shopping,Staff Behaviour,staff_helpfulness,Negative,-0.9,High,Working professional,In Review,English,Synthetic Review,trip please train staff respond politely passenger
MPF01658,"In my experience, Good value for money compared with other transport options.",4,Line 2A,Goregaon West,2026-04-18,College,Fare,frequent_commuter_cost,Positive,0.62,Low,General,Not Required,English,Synthetic Survey,experience good value money compared transport option
MPF01659,"Overall, There should be more working ticket counters during rush hours.",3,Line 6,Swami Samarth Nagar,2026-06-02,Other,Ticketing,counter_queue,Neutral,-0.01,Medium,Senior citizen,Not Required,English,Synthetic Survey,overall working ticket counter rush hour
MPF01660,"During my trip, Security presence at the station was reassuring.",5,Line 2A,Goregaon West,2026-07-19,Other,Safety,platform_safety,Positive,0.59,Low,Senior citizen,Not Required,English,Synthetic Complaint,trip security presence station reassuring
MPF01661,"Today, Seats and windows were clean during my journey.",4,Line 3,BKC,2026-05-10,Other,Cleanliness,washroom_cleanliness,Positive,0.67,Low,Tourist,Not Required,English,Synthetic Review,today seat window clean journey
MPF01662,"Today, Please train staff to respond more politely to passengers.",2,Line 7,Goregaon East,2026-08-06,Shopping,Staff Behaviour,staff_helpfulness,Negative,-0.9,High,Senior citizen,In Review,Hinglish,Synthetic Review,today please train staff respond politely passenger
MPF01663,Please train staff to respond more politely to passengers.,2,Line 2A,Poisar,2026-02-08,Other,Staff Behaviour,staff_helpfulness,Negative,-0.55,High,Student,Not Required,English,Synthetic Survey,please train staff respond politely passenger
MPF01664,"In my experience, The coach condition was good and everything looked maintained.",5,Line 3,MIDC,2026-03-02,Other,Maintenance,equipment,Positive,0.68,Low,Tourist,Not Required,English,Synthetic Review,experience coach condition good everything looked maintained
MPF01665,"Overall, Very little waiting time today; the train arrived on schedule.",5,Line 3,Marol Naka,2026-05-04,Shopping,Delay,missed_connection,Positive,0.73,Low,General,Not Required,English,Synthetic Review,overall little waiting time today train arrived schedule
MPF01666,Frequent delays on this route are becoming difficult for daily commuters.,3,Line 3,MIDC,2026-06-14,Work,Delay,service_frequency,Neutral,0.09,Medium,Working professional,Resolved,English,Synthetic Complaint,frequent delay route becoming difficult daily commuter
MPF01667,"In my experience, Frequent delays on this route are becoming difficult for daily commuters.",2,Line 1,Ghatkopar,2026-07-12,Tourism,Delay,late_train,Negative,-0.75,High,Senior citizen,In Review,English,Synthetic Review,experience frequent delay route becoming difficult daily commuter
MPF01668,"Overall, Security staff guided me properly when I asked for help.",5,Line 6,Vikhroli,2026-07-24,Tourism,Staff Behaviour,security_assistance,Positive,0.83,Low,Tourist,Resolved,Hinglish,Synthetic Review,overall security staff guided properly asked help
MPF01669,The ticket machine was not working and caused a queue.,2,Line 7,Aarey,2026-08-10,Other,Ticketing,counter_queue,Negative,-0.91,High,General,Not Required,English,Synthetic Complaint,ticket machine working caused queue
MPF01670,"Overall, Please review the fare for frequent daily commuters.",2,Line 3,Aarey JVLR,2026-02-19,Shopping,Fare,frequent_commuter_cost,Negative,-0.49,High,Working professional,Not Required,English,Synthetic Review,overall please review fare frequent daily commuter
MPF01671,"In my experience, The metro connection to other transport was convenient.",5,Line 6,Jogeshwari,2026-08-15,Shopping,Connectivity,interchange,Positive,0.92,Low,Student,Resolved,English,Synthetic Review,experience metro connection transport convenient
MPF01672,Please improve cleanliness in the washroom area.,3,Line 2A,Poisar,2026-03-16,College,Cleanliness,coach_cleanliness,Neutral,-0.02,Medium,General,Resolved,English,Synthetic Complaint,please improve cleanliness washroom area
MPF01673,"Overall, The escalator was not working and needs maintenance.",2,Line 1,DN Nagar,2026-04-02,Other,Maintenance,signage_and_fixtures,Negative,-0.77,High,General,Not Required,English,Synthetic Review,overall escalator working need maintenance
MPF01674,"In my experience, The station has clean lifts and working escalators.",5,Line 6,Vikhroli,2026-06-05,College,Facilities,seating_and_water,Positive,0.58,Low,General,Not Required,English,Synthetic Review,experience station clean lift working escalator
MPF01675,"Overall, Security staff guided me properly when I asked for help.",3,Line 2A,Kandarpada,2026-05-01,Other,Staff Behaviour,security_assistance,Neutral,0.04,Medium,Student,Not Required,English,Synthetic Review,overall security staff guided properly asked help
MPF01676,"Overall, Good value for money compared with other transport options.",4,Line 1,Azad Nagar,2026-06-16,Other,Fare,fare_complaint,Positive,0.69,Low,General,Not Required,English,Synthetic Review,overall good value money compared transport option
MPF01677,The metro connection to other transport was convenient.,5,Line 6,Jogeshwari,2026-03-18,Daily commute,Connectivity,interchange,Positive,0.93,Low,Student,Not Required,English,Synthetic Complaint,metro connection transport convenient
MPF01678,"In my experience, The station staff were polite and helpful.",4,Line 3,Aarey JVLR,2026-06-03,Daily commute,Staff Behaviour,staff_helpfulness,Positive,0.76,Low,Tourist,Resolved,English,Synthetic Survey,experience station staff polite helpful
MPF01679,"During my trip, The QR ticket scanner worked smoothly.",4,Line 6,Jogeshwari,2026-06-14,Daily commute,Ticketing,qr_scanner,Positive,0.81,Low,Tourist,Resolved,English,Synthetic Survey,trip qr ticket scanner worked smoothly
MPF01680,"In my experience, The coach was clean and well maintained.",4,Line 3,SEEPZ,2026-07-24,Tourism,Cleanliness,station_cleanliness,Positive,0.72,Low,Student,Not Required,English,Synthetic Survey,experience coach clean well maintained
MPF01681,The coach was extremely crowded during peak hours.,3,Line 3,Marol Naka,2026-06-12,Daily commute,Crowding,peak_hour_crowding,Neutral,-0.07,Medium,Working professional,Resolved,English,Synthetic Survey,coach extremely crowded peak hour
MPF01682,"Overall, The QR ticket scanner worked smoothly.",5,Line 3,MIDC,2026-07-30,Shopping,Ticketing,counter_queue,Positive,0.87,Low,Working professional,Resolved,English,Synthetic Complaint,overall qr ticket scanner worked smoothly
MPF01683,"During my trip, The coach was extremely crowded during peak hours.",2,Line 1,Andheri,2026-01-24,Other,Crowding,peak_hour_crowding,Negative,-0.77,High,Senior citizen,Not Required,English,Synthetic Complaint,trip coach extremely crowded peak hour
MPF01684,"Overall, The platform was overcrowded and felt unsafe.",3,Line 2A,Poisar,2026-06-06,Tourism,Safety,security_presence,Neutral,0.08,Medium,Tourist,Not Required,English,Synthetic Survey,overall platform overcrowded felt unsafe
MPF01685,"Today, The train had comfortable space and was not crowded.",5,Line 3,Aarey JVLR,2026-07-15,Other,Crowding,door_area_crowding,Positive,0.6,Low,Senior citizen,Not Required,English,Synthetic Complaint,today train comfortable space crowded
MPF01686,"During my trip, Please improve cleanliness in the washroom area.",1,Line 7,Mogharpada,2026-04-01,Shopping,Cleanliness,washroom_cleanliness,Negative,-0.37,High,Senior citizen,Open,Hinglish,Synthetic Survey,trip please improve cleanliness washroom area
MPF01687,"During my trip, The lift was out of service and caused inconvenience.",2,Line 6,Vikhroli,2026-03-01,Shopping,Facilities,escalator,Negative,-0.39,High,Tourist,Open,English,Synthetic Survey,trip lift service caused inconvenience
MPF01688,"In my experience, Please review the fare for frequent daily commuters.",4,Line 1,Azad Nagar,2026-08-22,Tourism,Fare,frequent_commuter_cost,Positive,0.71,Low,Student,Resolved,English,Synthetic Review,experience please review fare frequent daily commuter
MPF01689,"In my experience, Very little waiting time today; the train arrived on schedule.",5,Line 2A,Shimpoli,2026-04-17,Work,Delay,service_frequency,Positive,0.7,Low,Tourist,Not Required,English,Synthetic Review,experience little waiting time today train arrived schedule
MPF01690,"Overall, Broken fixtures and damaged signs should be repaired.",2,Line 1,Azad Nagar,2026-08-23,Tourism,Maintenance,signage_and_fixtures,Negative,-0.72,High,General,Open,English,Synthetic Complaint,overall broken fixture damaged sign repaired
MPF01691,"In my experience, The staff member at the counter was rude and unhelpful.",1,Line 6,Kanjurmarg,2026-06-06,Shopping,Staff Behaviour,staff_politeness,Negative,-0.43,High,General,Resolved,English,Synthetic Review,experience staff member counter rude unhelpful
MPF01692,"Overall, Very little waiting time today; the train arrived on schedule.",5,Line 7,Jogeshwari East,2026-01-25,Daily commute,Delay,service_frequency,Positive,0.76,Low,General,Resolved,Hinglish,Synthetic Survey,overall little waiting time today train arrived schedule
MPF01693,It was difficult to connect from the metro to the bus stop.,2,Line 2A,Goregaon West,2026-03-18,Shopping,Connectivity,interchange,Negative,-0.36,High,Student,Not Required,English,Synthetic Review,difficult connect metro bus stop
MPF01694,"Overall, The coach was extremely crowded during peak hours.",1,Line 3,Marol Naka,2026-01-05,Other,Crowding,peak_hour_crowding,Negative,-0.43,High,General,In Review,English,Synthetic Survey,overall coach extremely crowded peak hour
MPF01695,"In my experience, The seating area and signage were useful.",4,Line 6,Kanjurmarg,2026-03-18,Tourism,Facilities,lift,Positive,0.6,Low,General,Resolved,English,Synthetic Review,experience seating area signage useful
MPF01696,"Overall, Very little waiting time today; the train arrived on schedule.",4,Line 2A,Kandarpada,2026-04-20,Work,Delay,service_frequency,Positive,0.76,Low,Senior citizen,Resolved,Hinglish,Synthetic Review,overall little waiting time today train arrived schedule
MPF01697,"In my experience, The station infrastructure appeared well maintained.",4,Line 6,Swami Samarth Nagar,2026-04-13,Tourism,Maintenance,signage_and_fixtures,Positive,0.6,Low,General,Resolved,Hinglish,Synthetic Review,experience station infrastructure appeared well maintained
MPF01698,"During my trip, Please improve cleanliness in the washroom area.",2,Line 2A,Dahisar East,2026-08-28,Daily commute,Cleanliness,washroom_cleanliness,Negative,-0.57,High,Tourist,Resolved,English,Synthetic Survey,trip please improve cleanliness washroom area
MPF01699,"During my trip, Please improve passenger safety near the platform edge.",1,Line 3,BKC,2026-01-19,College,Safety,general_safety,Negative,-0.76,High,Tourist,In Review,English,Synthetic Survey,trip please improve passenger safety near platform edge
MPF01700,The station infrastructure appeared well maintained.,3,Line 2A,Poisar,2026-05-08,Shopping,Maintenance,equipment,Neutral,-0.09,Medium,Tourist,Open,English,Synthetic Survey,station infrastructure appeared well maintained
MPF01701,"Overall, The fare is reasonable for the service provided.",3,Line 1,DN Nagar,2026-02-20,College,Fare,frequent_commuter_cost,Neutral,-0.07,Medium,General,Not Required,English,Synthetic Complaint,overall fare reasonable service provided
MPF01702,"Overall, Please train staff to respond more politely to passengers.",2,Line 3,MIDC,2026-05-21,College,Staff Behaviour,security_assistance,Negative,-0.51,High,Senior citizen,Resolved,English,Synthetic Review,overall please train staff respond politely passenger
MPF01703,"Today, More seating and drinking water facilities are needed.",4,Line 1,Versova,2026-08-03,Work,Facilities,escalator,Positive,0.72,Low,Working professional,Not Required,English,Synthetic Complaint,today seating drinking water facility needed
MPF01704,The coach was clean and well maintained.,5,Line 3,SEEPZ,2026-08-10,College,Cleanliness,washroom_cleanliness,Positive,0.89,Low,Student,Resolved,English,Synthetic Survey,coach clean well maintained
MPF01705,"Today, Seats and windows were clean during my journey.",5,Line 6,Shyam Nagar,2026-03-30,Daily commute,Cleanliness,station_cleanliness,Positive,0.94,Low,General,Resolved,English,Synthetic Survey,today seat window clean journey
MPF01706,"During my trip, Seats and windows were clean during my journey.",5,Line 6,Swami Samarth Nagar,2026-01-30,Tourism,Cleanliness,station_cleanliness,Positive,0.84,Low,Tourist,Resolved,English,Synthetic Complaint,trip seat window clean journey
MPF01707,"During my trip, The station has clean lifts and working escalators.",4,Line 1,Azad Nagar,2026-03-12,Daily commute,Facilities,lift,Positive,0.79,Low,Senior citizen,Not Required,English,Synthetic Complaint,trip station clean lift working escalator
MPF01708,It was difficult to connect from the metro to the bus stop.,3,Line 2A,Goregaon West,2026-07-07,Work,Connectivity,interchange,Neutral,-0.1,Medium,General,Open,English,Synthetic Complaint,difficult connect metro bus stop
MPF01709,"During my trip, Please improve passenger safety near the platform edge.",1,Line 2A,Goregaon West,2026-06-05,Tourism,Safety,general_safety,Negative,-0.55,High,General,In Review,English,Synthetic Survey,trip please improve passenger safety near platform edge
MPF01710,"Today, Good value for money compared with other transport options.",5,Line 7,Aarey,2026-01-15,Work,Fare,fare_value,Positive,0.63,Low,Working professional,Not Required,English,Synthetic Survey,today good value money compared transport option
MPF01711,"In my experience, The QR ticket scanner worked smoothly.",5,Line 6,Vikhroli,2026-02-13,Shopping,Ticketing,ticket_machine,Positive,0.91,Low,Tourist,Not Required,English,Synthetic Complaint,experience qr ticket scanner worked smoothly
MPF01712,"During my trip, The coach condition was good and everything looked maintained.",5,Line 1,Ghatkopar,2026-03-27,Work,Maintenance,signage_and_fixtures,Positive,0.58,Low,Working professional,Not Required,English,Synthetic Survey,trip coach condition good everything looked maintained
MPF01713,"Overall, I felt safe throughout the journey and at the station.",5,Line 7,Mogharpada,2026-04-27,Other,Safety,general_safety,Positive,0.65,Low,Student,Not Required,English,Synthetic Review,overall felt safe throughout journey station
MPF01714,"In my experience, Very little waiting time today; the train arrived on schedule.",5,Line 2A,Shimpoli,2026-03-17,Shopping,Delay,service_frequency,Positive,0.82,Low,Tourist,Resolved,Hinglish,Synthetic Review,experience little waiting time today train arrived schedule
MPF01715,"Today, Too many passengers were packed into the train today.",1,Line 1,Ghatkopar,2026-03-04,Other,Crowding,platform_crowding,Negative,-0.78,High,Student,In Review,Hinglish,Synthetic Complaint,today many passenger packed train today
MPF01716,"Overall, More seating and drinking water facilities are needed.",3,Line 7,Jogeshwari East,2026-03-01,College,Facilities,lift,Neutral,-0.06,Medium,General,Not Required,English,Synthetic Review,overall seating drinking water facility needed
MPF01717,"Overall, Seats and windows were clean during my journey.",5,Line 2A,Poisar,2026-01-13,Tourism,Cleanliness,station_cleanliness,Positive,0.74,Low,Tourist,Resolved,English,Synthetic Review,overall seat window clean journey
MPF01718,"Today, The station staff were polite and helpful.",5,Line 1,Azad Nagar,2026-04-20,Daily commute,Staff Behaviour,staff_helpfulness,Positive,0.72,Low,Senior citizen,Resolved,English,Synthetic Complaint,today station staff polite helpful
MPF01719,"Overall, The metro connection to other transport was convenient.",5,Line 1,Ghatkopar,2026-02-06,Daily commute,Connectivity,bus_connection,Positive,0.57,Low,Working professional,Resolved,English,Synthetic Survey,overall metro connection transport convenient
MPF01720,"Overall, The station infrastructure appeared well maintained.",4,Line 2A,Dahisar East,2026-05-28,Shopping,Maintenance,signage_and_fixtures,Positive,0.86,Low,Senior citizen,Not Required,English,Synthetic Survey,overall station infrastructure appeared well maintained
MPF01721,"In my experience, The train was delayed by 25 minutes and I missed my connection.",2,Line 2A,Poisar,2026-03-24,Shopping,Delay,service_frequency,Negative,-0.92,High,Senior citizen,In Review,Hinglish,Synthetic Complaint,experience train delayed 25 minute missed connection
MPF01722,"During my trip, The coach was extremely crowded during peak hours.",3,Line 7,Mogharpada,2026-01-24,College,Crowding,peak_hour_crowding,Neutral,0.09,Medium,Senior citizen,Open,Hinglish,Synthetic Complaint,trip coach extremely crowded peak hour
MPF01723,"In my experience, The metro connection to other transport was convenient.",5,Line 6,Swami Samarth Nagar,2026-04-12,Other,Connectivity,bus_connection,Positive,0.71,Low,Senior citizen,Not Required,English,Synthetic Review,experience metro connection transport convenient
MPF01724,The station infrastructure appeared well maintained.,4,Line 2A,Shimpoli,2026-07-27,Daily commute,Maintenance,equipment,Positive,0.8,Low,Senior citizen,Not Required,English,Synthetic Survey,station infrastructure appeared well maintained
MPF01725,"Today, The train had comfortable space and was not crowded.",4,Line 1,Azad Nagar,2026-01-05,College,Crowding,peak_hour_crowding,Positive,0.73,Low,Tourist,Not Required,Hinglish,Synthetic Review,today train comfortable space crowded
MPF01726,"During my trip, Seats and windows were clean during my journey.",4,Line 2A,Kandarpada,2026-06-12,Work,Cleanliness,coach_cleanliness,Positive,0.58,Low,Student,Resolved,English,Synthetic Complaint,trip seat window clean journey
MPF01727,Seats and windows were clean during my journey.,5,Line 3,Marol Naka,2026-01-20,Tourism,Cleanliness,coach_cleanliness,Positive,0.76,Low,Student,Not Required,English,Synthetic Review,seat window clean journey
MPF01728,"In my experience, Security presence at the station was reassuring.",5,Line 2A,Goregaon West,2026-06-24,Shopping,Safety,security_presence,Positive,0.57,Low,Senior citizen,Not Required,English,Synthetic Survey,experience security presence station reassuring
MPF01729,"Today, Very little waiting time today; the train arrived on schedule.",4,Line 3,BKC,2026-08-28,Other,Delay,service_frequency,Positive,0.78,Low,Student,Not Required,English,Synthetic Complaint,today little waiting time today train arrived schedule
MPF01730,"Today, Please train staff to respond more politely to passengers.",1,Line 3,BKC,2026-06-10,Work,Staff Behaviour,security_assistance,Negative,-0.62,High,Senior citizen,Resolved,English,Synthetic Review,today please train staff respond politely passenger
MPF01731,"Today, The fare is reasonable for the service provided.",3,Line 6,Vikhroli,2026-03-09,Work,Fare,fare_value,Neutral,0.05,Medium,Tourist,Not Required,Hinglish,Synthetic Complaint,today fare reasonable service provided
MPF01732,The escalator was not working and needs maintenance.,3,Line 1,Andheri,2026-06-30,Shopping,Maintenance,signage_and_fixtures,Neutral,-0.03,Medium,Working professional,Open,English,Synthetic Complaint,escalator working need maintenance
MPF01733,"Today, Too many passengers were packed into the train today.",2,Line 3,MIDC,2026-07-15,Work,Crowding,peak_hour_crowding,Negative,-0.79,High,General,In Review,Hinglish,Synthetic Survey,today many passenger packed train today
MPF01734,"Overall, The ticket price feels expensive for a short journey.",2,Line 3,Marol Naka,2026-07-04,Work,Fare,frequent_commuter_cost,Negative,-0.67,High,General,Open,Hinglish,Synthetic Survey,overall ticket price feel expensive short journey
MPF01735,"Overall, Train service was running late today. Please improve punctuality.",1,Line 7,Dindoshi,2026-05-13,College,Delay,service_frequency,Negative,-0.6,High,Student,Open,English,Synthetic Survey,overall train service running late today please improve punctuality
MPF01736,Security staff guided me properly when I asked for help.,5,Line 7,Dindoshi,2026-08-09,Work,Staff Behaviour,staff_politeness,Positive,0.79,Low,General,Not Required,English,Synthetic Review,security staff guided properly asked help
MPF01737,The platform was overcrowded and felt unsafe.,2,Line 7,Goregaon East,2026-02-01,Tourism,Safety,platform_safety,Negative,-0.76,High,General,Resolved,English,Synthetic Survey,platform overcrowded felt unsafe
MPF01738,"Overall, The ticket machine was not working and caused a queue.",2,Line 1,Azad Nagar,2026-04-30,Shopping,Ticketing,counter_queue,Negative,-0.49,High,Working professional,Resolved,Hinglish,Synthetic Review,overall ticket machine working caused queue
MPF01739,"In my experience, Please improve cleanliness in the washroom area.",1,Line 2A,Shimpoli,2026-01-01,Shopping,Cleanliness,coach_cleanliness,Negative,-0.38,High,Senior citizen,Not Required,English,Synthetic Review,experience please improve cleanliness washroom area
MPF01740,Train service was running late today. Please improve punctuality.,2,Line 6,Shyam Nagar,2026-03-15,Work,Delay,late_train,Negative,-0.58,High,General,Open,English,Synthetic Complaint,train service running late today please improve punctuality
MPF01741,"Today, Buying the ticket was quick and easy.",5,Line 1,Azad Nagar,2026-04-20,Other,Ticketing,counter_queue,Positive,0.56,Low,Tourist,Resolved,English,Synthetic Survey,today buying ticket quick easy
MPF01742,"Overall, I felt safe throughout the journey and at the station.",4,Line 3,MIDC,2026-08-15,Work,Safety,security_presence,Positive,0.89,Low,Tourist,Resolved,English,Synthetic Review,overall felt safe throughout journey station
MPF01743,"During my trip, There should be more working ticket counters during rush hours.",3,Line 3,Aarey JVLR,2026-06-28,Tourism,Ticketing,qr_scanner,Neutral,-0.0,Medium,Working professional,Open,English,Synthetic Complaint,trip working ticket counter rush hour
MPF01744,The interchange process was smooth and well signposted.,5,Line 3,BKC,2026-08-10,Other,Connectivity,bus_connection,Positive,0.79,Low,General,Not Required,English,Synthetic Survey,interchange process smooth well signposted
MPF01745,"During my trip, Crowding near the doors made boarding difficult.",2,Line 6,Jogeshwari,2026-01-26,Other,Crowding,peak_hour_crowding,Negative,-0.87,High,Working professional,In Review,Hinglish,Synthetic Review,trip crowding near door made boarding difficult
MPF01746,The metro connection to other transport was convenient.,5,Line 1,DN Nagar,2026-01-19,Tourism,Connectivity,interchange,Positive,0.8,Low,Senior citizen,Not Required,English,Synthetic Complaint,metro connection transport convenient
MPF01747,"In my experience, Too many passengers were packed into the train today.",3,Line 3,Marol Naka,2026-04-12,College,Crowding,platform_crowding,Neutral,0.04,Medium,Tourist,Open,English,Synthetic Review,experience many passenger packed train today
MPF01748,"In my experience, The station has clean lifts and working escalators.",5,Line 3,BKC,2026-06-18,Work,Facilities,seating_and_water,Positive,0.61,Low,Working professional,Not Required,English,Synthetic Review,experience station clean lift working escalator
MPF01749,The fare is reasonable for the service provided.,4,Line 7,Aarey,2026-07-11,College,Fare,frequent_commuter_cost,Positive,0.83,Low,General,Not Required,English,Synthetic Review,fare reasonable service provided
MPF01750,"During my trip, There should be more working ticket counters during rush hours.",3,Line 6,Kanjurmarg,2026-08-15,Shopping,Ticketing,qr_scanner,Neutral,-0.01,Medium,General,Resolved,English,Synthetic Survey,trip working ticket counter rush hour
MPF01751,"Overall, Frequent delays on this route are becoming difficult for daily commuters.",2,Line 6,Jogeshwari,2026-04-09,Daily commute,Delay,service_frequency,Negative,-0.47,High,General,In Review,English,Synthetic Survey,overall frequent delay route becoming difficult daily commuter
MPF01752,"During my trip, Please improve cleanliness in the washroom area.",2,Line 2A,Dahisar East,2026-05-08,Other,Cleanliness,washroom_cleanliness,Negative,-0.51,High,General,In Review,English,Synthetic Review,trip please improve cleanliness washroom area
MPF01753,"Today, Security presence at the station was reassuring.",5,Line 6,Vikhroli,2026-01-14,Work,Safety,security_presence,Positive,0.59,Low,Senior citizen,Not Required,English,Synthetic Survey,today security presence station reassuring
MPF01754,"Overall, Please improve passenger safety near the platform edge.",2,Line 6,Vikhroli,2026-01-28,College,Safety,platform_safety,Negative,-0.54,High,Student,In Review,English,Synthetic Review,overall please improve passenger safety near platform edge
MPF01755,"In my experience, The QR ticket scanner worked smoothly.",5,Line 2A,Kandarpada,2026-04-15,College,Ticketing,qr_scanner,Positive,0.79,Low,Student,Not Required,English,Synthetic Complaint,experience qr ticket scanner worked smoothly
MPF01756,"Today, It was difficult to connect from the metro to the bus stop.",1,Line 3,Aarey JVLR,2026-01-12,Shopping,Connectivity,last_mile,Negative,-0.51,High,Student,Resolved,Hinglish,Synthetic Survey,today difficult connect metro bus stop
MPF01757,"Today, Too many passengers were packed into the train today.",1,Line 7,Goregaon East,2026-06-05,Other,Crowding,door_area_crowding,Negative,-0.85,High,Senior citizen,Open,English,Synthetic Survey,today many passenger packed train today
MPF01758,"Today, Buying the ticket was quick and easy.",4,Line 1,DN Nagar,2026-03-28,Shopping,Ticketing,ticket_machine,Positive,0.88,Low,General,Not Required,English,Synthetic Review,today buying ticket quick easy
MPF01759,"Today, The station floor was dirty and bins were overflowing.",3,Line 6,Shyam Nagar,2026-02-22,Daily commute,Cleanliness,station_cleanliness,Neutral,-0.05,Medium,Senior citizen,Not Required,English,Synthetic Review,today station floor dirty bin overflowing
MPF01760,"During my trip, Buying the ticket was quick and easy.",5,Line 3,Marol Naka,2026-08-01,Work,Ticketing,qr_scanner,Positive,0.81,Low,General,Not Required,English,Synthetic Complaint,trip buying ticket quick easy
MPF01761,"Overall, Crowding near the doors made boarding difficult.",3,Line 6,Swami Samarth Nagar,2026-08-22,Work,Crowding,platform_crowding,Neutral,-0.05,Medium,Student,Not Required,English,Synthetic Review,overall crowding near door made boarding difficult
MPF01762,Security presence at the station was reassuring.,5,Line 6,Jogeshwari,2026-04-23,College,Safety,general_safety,Positive,0.63,Low,Working professional,Resolved,English,Synthetic Complaint,security presence station reassuring
MPF01763,"During my trip, There should be more working ticket counters during rush hours.",3,Line 3,Marol Naka,2026-03-10,Daily commute,Ticketing,qr_scanner,Neutral,-0.03,Medium,Senior citizen,Resolved,English,Synthetic Complaint,trip working ticket counter rush hour
MPF01764,"In my experience, The station staff were polite and helpful.",5,Line 6,Jogeshwari,2026-04-18,College,Staff Behaviour,staff_politeness,Positive,0.89,Low,General,Not Required,Hinglish,Synthetic Complaint,experience station staff polite helpful
MPF01765,"During my trip, Crowding near the doors made boarding difficult.",3,Line 2A,Shimpoli,2026-03-16,Tourism,Crowding,platform_crowding,Neutral,-0.02,Medium,Senior citizen,Resolved,English,Synthetic Review,trip crowding near door made boarding difficult
MPF01766,The lift was out of service and caused inconvenience.,2,Line 2A,Dahisar East,2026-01-24,Tourism,Facilities,seating_and_water,Negative,-0.71,High,Working professional,Not Required,English,Synthetic Review,lift service caused inconvenience
MPF01767,"Overall, It was difficult to connect from the metro to the bus stop.",2,Line 1,Azad Nagar,2026-08-26,College,Connectivity,interchange,Negative,-0.46,High,General,Not Required,English,Synthetic Review,overall difficult connect metro bus stop
MPF01768,"Today, The lift was out of service and caused inconvenience.",1,Line 2A,Shimpoli,2026-02-28,Tourism,Facilities,escalator,Negative,-0.68,High,General,Open,English,Synthetic Survey,today lift service caused inconvenience
MPF01769,"During my trip, Frequent delays on this route are becoming difficult for daily commuters.",3,Line 6,Swami Samarth Nagar,2026-04-25,Shopping,Delay,missed_connection,Neutral,0.03,Medium,Student,In Review,English,Synthetic Review,trip frequent delay route becoming difficult daily commuter
MPF01770,"Today, Please improve cleanliness in the washroom area.",2,Line 7,Goregaon East,2026-07-11,Tourism,Cleanliness,coach_cleanliness,Negative,-0.76,High,General,Not Required,English,Synthetic Review,today please improve cleanliness washroom area
MPF01771,Seats and windows were clean during my journey.,5,Line 3,BKC,2026-07-15,Daily commute,Cleanliness,washroom_cleanliness,Positive,0.75,Low,General,Resolved,English,Synthetic Complaint,seat window clean journey
MPF01772,"During my trip, The ticket price feels expensive for a short journey.",3,Line 3,MIDC,2026-06-25,Shopping,Fare,fare_complaint,Neutral,0.0,Medium,Working professional,Open,English,Synthetic Survey,trip ticket price feel expensive short journey
MPF01773,"Today, Too many passengers were packed into the train today.",1,Line 3,Aarey JVLR,2026-01-23,Other,Crowding,platform_crowding,Negative,-0.84,High,General,In Review,English,Synthetic Complaint,today many passenger packed train today
MPF01774,Crowding near the doors made boarding difficult.,3,Line 6,Swami Samarth Nagar,2026-07-03,Daily commute,Crowding,platform_crowding,Neutral,0.05,Medium,Tourist,Resolved,English,Synthetic Review,crowding near door made boarding difficult
MPF01775,"Overall, Frequent delays on this route are becoming difficult for daily commuters.",2,Line 1,Andheri,2026-08-17,Work,Delay,late_train,Negative,-0.66,High,General,Resolved,English,Synthetic Complaint,overall frequent delay route becoming difficult daily commuter
MPF01776,"During my trip, Better last-mile connectivity would help passengers.",4,Line 2A,Kandarpada,2026-03-25,Daily commute,Connectivity,bus_connection,Positive,0.91,Low,Working professional,Not Required,English,Synthetic Review,trip better lastmile connectivity would help passenger
MPF01777,"During my trip, The ticket price feels expensive for a short journey.",2,Line 6,Kanjurmarg,2026-08-04,Daily commute,Fare,frequent_commuter_cost,Negative,-0.54,High,Tourist,Not Required,English,Synthetic Survey,trip ticket price feel expensive short journey
MPF01778,Security presence at the station was reassuring.,5,Line 2A,Dahisar East,2026-06-08,Daily commute,Safety,general_safety,Positive,0.73,Low,Senior citizen,Resolved,English,Synthetic Review,security presence station reassuring
MPF01779,The QR ticket scanner worked smoothly.,5,Line 2A,Goregaon West,2026-03-20,Tourism,Ticketing,counter_queue,Positive,0.7,Low,General,Not Required,English,Synthetic Survey,qr ticket scanner worked smoothly
MPF01780,"During my trip, Too many passengers were packed into the train today.",1,Line 1,Andheri,2026-06-04,Tourism,Crowding,peak_hour_crowding,Negative,-0.83,High,Tourist,Resolved,English,Synthetic Complaint,trip many passenger packed train today
MPF01781,"Today, More seating and drinking water facilities are needed.",4,Line 1,Ghatkopar,2026-04-02,Work,Facilities,escalator,Positive,0.57,Low,Working professional,Resolved,English,Synthetic Review,today seating drinking water facility needed
MPF01782,"In my experience, There should be more working ticket counters during rush hours.",2,Line 6,Shyam Nagar,2026-07-28,Work,Ticketing,ticket_machine,Negative,-0.94,High,Tourist,Resolved,English,Synthetic Review,experience working ticket counter rush hour
MPF01783,"During my trip, The staff member at the counter was rude and unhelpful.",1,Line 1,Azad Nagar,2026-05-30,Shopping,Staff Behaviour,staff_helpfulness,Negative,-0.82,High,General,Not Required,English,Synthetic Review,trip staff member counter rude unhelpful
MPF01784,"Today, Too many passengers were packed into the train today.",2,Line 7,Jogeshwari East,2026-01-10,Shopping,Crowding,peak_hour_crowding,Negative,-0.89,High,General,Open,English,Synthetic Complaint,today many passenger packed train today
MPF01785,"During my trip, Security presence at the station was reassuring.",5,Line 6,Swami Samarth Nagar,2026-04-06,Work,Safety,platform_safety,Positive,0.95,Low,Working professional,Not Required,English,Synthetic Complaint,trip security presence station reassuring
MPF01786,"Today, The ticket machine was not working and caused a queue.",2,Line 6,Shyam Nagar,2026-07-01,Shopping,Ticketing,counter_queue,Negative,-0.94,High,Working professional,Resolved,English,Synthetic Review,today ticket machine working caused queue
MPF01787,"In my experience, Seats and windows were clean during my journey.",5,Line 3,MIDC,2026-08-27,Other,Cleanliness,washroom_cleanliness,Positive,0.77,Low,Student,Not Required,Hinglish,Synthetic Complaint,experience seat window clean journey
MPF01788,"During my trip, Please improve cleanliness in the washroom area.",1,Line 1,Azad Nagar,2026-05-25,Work,Cleanliness,washroom_cleanliness,Negative,-0.38,High,Student,Not Required,English,Synthetic Review,trip please improve cleanliness washroom area
MPF01789,"During my trip, The station floor was dirty and bins were overflowing.",2,Line 1,Versova,2026-05-05,Daily commute,Cleanliness,station_cleanliness,Negative,-0.72,High,General,Open,English,Synthetic Complaint,trip station floor dirty bin overflowing
MPF01790,"Today, Too many passengers were packed into the train today.",2,Line 7,Aarey,2026-04-19,Work,Crowding,platform_crowding,Negative,-0.55,High,Working professional,Not Required,English,Synthetic Survey,today many passenger packed train today
MPF01791,"Overall, Broken fixtures and damaged signs should be repaired.",1,Line 7,Aarey,2026-06-03,Work,Maintenance,signage_and_fixtures,Negative,-0.62,High,Tourist,Resolved,English,Synthetic Survey,overall broken fixture damaged sign repaired
MPF01792,Please review the fare for frequent daily commuters.,3,Line 3,Marol Naka,2026-07-27,Other,Fare,fare_value,Neutral,0.1,Medium,Tourist,In Review,Hinglish,Synthetic Survey,please review fare frequent daily commuter
MPF01793,"In my experience, Too many passengers were packed into the train today.",3,Line 2A,Shimpoli,2026-02-26,Daily commute,Crowding,door_area_crowding,Neutral,0.01,Medium,Working professional,Resolved,English,Synthetic Complaint,experience many passenger packed train today
MPF01794,"Today, The coach condition was good and everything looked maintained.",5,Line 3,SEEPZ,2026-03-12,College,Maintenance,equipment,Positive,0.8,Low,Working professional,Not Required,English,Synthetic Survey,today coach condition good everything looked maintained
MPF01795,"During my trip, Too many passengers were packed into the train today.",1,Line 1,Ghatkopar,2026-08-11,Shopping,Crowding,door_area_crowding,Negative,-0.68,High,Senior citizen,In Review,English,Synthetic Survey,trip many passenger packed train today
MPF01796,"Today, Better last-mile connectivity would help passengers.",3,Line 1,Andheri,2026-08-20,Daily commute,Connectivity,last_mile,Neutral,-0.02,Medium,General,In Review,English,Synthetic Complaint,today better lastmile connectivity would help passenger
MPF01797,"Overall, Security presence at the station was reassuring.",5,Line 3,BKC,2026-06-05,Shopping,Safety,platform_safety,Positive,0.74,Low,Tourist,Not Required,Hinglish,Synthetic Review,overall security presence station reassuring
MPF01798,"Overall, The interchange process was smooth and well signposted.",5,Line 1,DN Nagar,2026-03-07,Other,Connectivity,last_mile,Positive,0.69,Low,Working professional,Not Required,Hinglish,Synthetic Complaint,overall interchange process smooth well signposted
MPF01799,"In my experience, Too many passengers were packed into the train today.",2,Line 3,Marol Naka,2026-03-06,College,Crowding,door_area_crowding,Negative,-0.61,High,Tourist,Open,English,Synthetic Survey,experience many passenger packed train today
MPF01800,"Today, Seats and windows were clean during my journey.",5,Line 7,Jogeshwari East,2026-07-20,Work,Cleanliness,washroom_cleanliness,Positive,0.78,Low,Working professional,Not Required,English,Synthetic Complaint,today seat window clean journey
MPF01801,"During my trip, Better last-mile connectivity would help passengers.",3,Line 3,BKC,2026-03-04,Other,Connectivity,bus_connection,Neutral,-0.09,Medium,Student,In Review,English,Synthetic Review,trip better lastmile connectivity would help passenger
MPF01802,"Overall, The fare is reasonable for the service provided.",3,Line 3,Marol Naka,2026-06-28,College,Fare,frequent_commuter_cost,Neutral,0.04,Medium,General,Not Required,English,Synthetic Complaint,overall fare reasonable service provided
MPF01803,"In my experience, Seats and windows were clean during my journey.",4,Line 3,MIDC,2026-02-13,Daily commute,Cleanliness,washroom_cleanliness,Positive,0.68,Low,Senior citizen,Resolved,English,Synthetic Review,experience seat window clean journey
MPF01804,"Today, The station has clean lifts and working escalators.",4,Line 1,Andheri,2026-02-02,Other,Facilities,escalator,Positive,0.57,Low,Tourist,Not Required,English,Synthetic Review,today station clean lift working escalator
MPF01805,"Today, The fare is reasonable for the service provided.",5,Line 3,Aarey JVLR,2026-07-10,Work,Fare,fare_value,Positive,0.81,Low,Student,Not Required,English,Synthetic Complaint,today fare reasonable service provided
MPF01806,"Overall, The train was delayed by 10 minutes and I missed my connection.",1,Line 1,Azad Nagar,2026-06-22,Tourism,Delay,service_frequency,Negative,-0.84,High,Tourist,Resolved,Hinglish,Synthetic Survey,overall train delayed 10 minute missed connection
MPF01807,"During my trip, Buying the ticket was quick and easy.",5,Line 2A,Shimpoli,2026-03-23,Shopping,Ticketing,qr_scanner,Positive,0.56,Low,Tourist,Not Required,English,Synthetic Review,trip buying ticket quick easy
MPF01808,"Today, The coach was extremely crowded during peak hours.",2,Line 6,Kanjurmarg,2026-03-13,Work,Crowding,peak_hour_crowding,Negative,-0.41,High,General,Open,English,Synthetic Survey,today coach extremely crowded peak hour
MPF01809,"Overall, The staff member at the counter was rude and unhelpful.",1,Line 1,Versova,2026-01-30,Work,Staff Behaviour,staff_politeness,Negative,-0.73,High,Student,Not Required,English,Synthetic Survey,overall staff member counter rude unhelpful
MPF01810,"In my experience, The ticket machine was not working and caused a queue.",1,Line 7,Mogharpada,2026-07-23,Other,Ticketing,ticket_machine,Negative,-0.83,High,Working professional,Resolved,English,Synthetic Survey,experience ticket machine working caused queue
MPF01811,"Today, The station infrastructure appeared well maintained.",4,Line 2A,Shimpoli,2026-06-06,Work,Maintenance,equipment,Positive,0.68,Low,Senior citizen,Not Required,English,Synthetic Review,today station infrastructure appeared well maintained
MPF01812,"In my experience, The train had comfortable space and was not crowded.",5,Line 3,Aarey JVLR,2026-07-12,College,Crowding,door_area_crowding,Positive,0.72,Low,Working professional,Not Required,English,Synthetic Review,experience train comfortable space crowded
MPF01813,"In my experience, The QR ticket scanner worked smoothly.",5,Line 3,MIDC,2026-02-15,College,Ticketing,counter_queue,Positive,0.88,Low,Tourist,Not Required,Hinglish,Synthetic Complaint,experience qr ticket scanner worked smoothly
MPF01814,"Today, I felt safe throughout the journey and at the station.",5,Line 3,SEEPZ,2026-04-17,College,Safety,security_presence,Positive,0.93,Low,Working professional,Resolved,Hinglish,Synthetic Review,today felt safe throughout journey station
MPF01815,"Overall, The seating area and signage were useful.",4,Line 1,Versova,2026-04-22,Other,Facilities,seating_and_water,Positive,0.89,Low,Senior citizen,Not Required,English,Synthetic Review,overall seating area signage useful
MPF01816,"In my experience, The platform was overcrowded and felt unsafe.",2,Line 7,Dindoshi,2026-02-09,Other,Safety,security_presence,Negative,-0.87,High,General,Resolved,English,Synthetic Survey,experience platform overcrowded felt unsafe
MPF01817,The lift was out of service and caused inconvenience.,2,Line 2A,Poisar,2026-07-10,Work,Facilities,seating_and_water,Negative,-0.67,High,Tourist,Resolved,Hinglish,Synthetic Survey,lift service caused inconvenience
MPF01818,"During my trip, Security presence at the station was reassuring.",5,Line 6,Jogeshwari,2026-04-11,Tourism,Safety,general_safety,Positive,0.77,Low,Tourist,Not Required,English,Synthetic Survey,trip security presence station reassuring
MPF01819,"Overall, There should be more working ticket counters during rush hours.",3,Line 6,Jogeshwari,2026-06-22,Tourism,Ticketing,qr_scanner,Neutral,0.02,Medium,Student,In Review,English,Synthetic Survey,overall working ticket counter rush hour
MPF01820,"Today, The ticket price feels expensive for a short journey.",1,Line 1,Andheri,2026-04-08,Daily commute,Fare,fare_value,Negative,-0.93,High,Tourist,Resolved,English,Synthetic Survey,today ticket price feel expensive short journey
MPF01821,"In my experience, The train was delayed by 15 minutes and I missed my connection.",3,Line 3,MIDC,2026-08-18,Shopping,Delay,late_train,Neutral,-0.02,Medium,General,Not Required,Hinglish,Synthetic Complaint,experience train delayed 15 minute missed connection
MPF01822,"Overall, The escalator was not working and needs maintenance.",1,Line 3,SEEPZ,2026-04-12,Shopping,Maintenance,infrastructure,Negative,-0.36,High,Working professional,In Review,English,Synthetic Review,overall escalator working need maintenance
MPF01823,"During my trip, Too many passengers were packed into the train today.",2,Line 7,Goregaon East,2026-07-11,Work,Crowding,platform_crowding,Negative,-0.5,High,Working professional,Resolved,English,Synthetic Survey,trip many passenger packed train today
MPF01824,"In my experience, Train service was running late today. Please improve punctuality.",2,Line 6,Shyam Nagar,2026-04-16,Other,Delay,missed_connection,Negative,-0.65,High,Student,Open,Hinglish,Synthetic Complaint,experience train service running late today please improve punctuality
MPF01825,"In my experience, Broken fixtures and damaged signs should be repaired.",2,Line 3,SEEPZ,2026-03-26,Other,Maintenance,infrastructure,Negative,-0.68,High,Student,Open,English,Synthetic Survey,experience broken fixture damaged sign repaired
MPF01826,The train was delayed by 20 minutes and I missed my connection.,2,Line 6,Swami Samarth Nagar,2026-03-11,Tourism,Delay,missed_connection,Negative,-0.74,High,Student,Resolved,English,Synthetic Complaint,train delayed 20 minute missed connection
MPF01827,"Overall, The station floor was dirty and bins were overflowing.",2,Line 6,Swami Samarth Nagar,2026-06-18,Work,Cleanliness,coach_cleanliness,Negative,-0.37,High,Tourist,Resolved,Hinglish,Synthetic Review,overall station floor dirty bin overflowing
MPF01828,"In my experience, Seats and windows were clean during my journey.",5,Line 7,Mogharpada,2026-06-03,College,Cleanliness,coach_cleanliness,Positive,0.87,Low,Student,Not Required,English,Synthetic Review,experience seat window clean journey
MPF01829,"Today, Buying the ticket was quick and easy.",4,Line 1,Andheri,2026-08-06,Tourism,Ticketing,counter_queue,Positive,0.94,Low,General,Not Required,English,Synthetic Survey,today buying ticket quick easy
MPF01830,Crowding near the doors made boarding difficult.,2,Line 2A,Dahisar East,2026-03-16,Daily commute,Crowding,peak_hour_crowding,Negative,-0.4,High,Student,Not Required,Hinglish,Synthetic Survey,crowding near door made boarding difficult
MPF01831,"In my experience, The QR ticket scanner worked smoothly.",5,Line 1,DN Nagar,2026-06-28,Daily commute,Ticketing,counter_queue,Positive,0.91,Low,Working professional,Not Required,English,Synthetic Survey,experience qr ticket scanner worked smoothly
MPF01832,"In my experience, The station has clean lifts and working escalators.",5,Line 6,Swami Samarth Nagar,2026-02-22,College,Facilities,lift,Positive,0.57,Low,Tourist,Not Required,English,Synthetic Survey,experience station clean lift working escalator
MPF01833,"During my trip, Buying the ticket was quick and easy.",5,Line 1,Ghatkopar,2026-01-31,Daily commute,Ticketing,ticket_machine,Positive,0.82,Low,Working professional,Not Required,Hinglish,Synthetic Survey,trip buying ticket quick easy
MPF01834,"Today, The QR ticket scanner worked smoothly.",4,Line 6,Vikhroli,2026-05-06,Tourism,Ticketing,counter_queue,Positive,0.86,Low,Working professional,Resolved,Hinglish,Synthetic Review,today qr ticket scanner worked smoothly
MPF01835,"In my experience, The station staff were polite and helpful.",4,Line 7,Jogeshwari East,2026-02-01,Other,Staff Behaviour,security_assistance,Positive,0.57,Low,Tourist,Resolved,English,Synthetic Review,experience station staff polite helpful
MPF01836,"During my trip, The staff member at the counter was rude and unhelpful.",1,Line 7,Dindoshi,2026-03-26,Daily commute,Staff Behaviour,staff_politeness,Negative,-0.42,High,Working professional,In Review,English,Synthetic Survey,trip staff member counter rude unhelpful
MPF01837,The ticket price feels expensive for a short journey.,2,Line 3,BKC,2026-07-13,College,Fare,frequent_commuter_cost,Negative,-0.62,High,Senior citizen,In Review,English,Synthetic Survey,ticket price feel expensive short journey
MPF01838,"During my trip, The coach was clean and well maintained.",5,Line 3,SEEPZ,2026-08-23,Daily commute,Cleanliness,station_cleanliness,Positive,0.74,Low,Tourist,Resolved,English,Synthetic Complaint,trip coach clean well maintained
MPF01839,"In my experience, The station infrastructure appeared well maintained.",5,Line 3,Marol Naka,2026-03-31,Daily commute,Maintenance,signage_and_fixtures,Positive,0.64,Low,Student,Not Required,English,Synthetic Review,experience station infrastructure appeared well maintained
MPF01840,"During my trip, Security presence at the station was reassuring.",5,Line 3,MIDC,2026-04-10,Work,Safety,security_presence,Positive,0.89,Low,Tourist,Not Required,English,Synthetic Survey,trip security presence station reassuring
MPF01841,"During my trip, Good value for money compared with other transport options.",5,Line 2A,Kandarpada,2026-08-24,Shopping,Fare,fare_complaint,Positive,0.9,Low,Student,Not Required,English,Synthetic Complaint,trip good value money compared transport option
MPF01842,"Today, Frequent delays on this route are becoming difficult for daily commuters.",2,Line 1,DN Nagar,2026-06-13,Other,Delay,service_frequency,Negative,-0.79,High,General,Open,English,Synthetic Survey,today frequent delay route becoming difficult daily commuter
MPF01843,"During my trip, The coach condition was good and everything looked maintained.",4,Line 3,BKC,2026-05-09,Tourism,Maintenance,signage_and_fixtures,Positive,0.74,Low,Working professional,Not Required,English,Synthetic Survey,trip coach condition good everything looked maintained
MPF01844,"Overall, The platform was overcrowded and felt unsafe.",2,Line 1,Andheri,2026-03-13,Work,Safety,security_presence,Negative,-0.62,High,Working professional,Open,English,Synthetic Complaint,overall platform overcrowded felt unsafe
MPF01845,"In my experience, It was difficult to connect from the metro to the bus stop.",3,Line 7,Dindoshi,2026-07-12,Daily commute,Connectivity,last_mile,Neutral,0.02,Medium,Student,Not Required,English,Synthetic Complaint,experience difficult connect metro bus stop
MPF01846,"During my trip, The coach condition was good and everything looked maintained.",4,Line 7,Jogeshwari East,2026-07-19,Work,Maintenance,equipment,Positive,0.83,Low,Senior citizen,Not Required,English,Synthetic Review,trip coach condition good everything looked maintained
MPF01847,"Today, It was difficult to connect from the metro to the bus stop.",2,Line 2A,Shimpoli,2026-07-14,Other,Connectivity,bus_connection,Negative,-0.88,High,Senior citizen,Not Required,Hinglish,Synthetic Complaint,today difficult connect metro bus stop
MPF01848,Train service was running late today. Please improve punctuality.,1,Line 6,Jogeshwari,2026-01-20,College,Delay,missed_connection,Negative,-0.94,High,Student,Open,English,Synthetic Review,train service running late today please improve punctuality
MPF01849,"During my trip, The metro connection to other transport was convenient.",5,Line 7,Dindoshi,2026-02-14,Shopping,Connectivity,interchange,Positive,0.74,Low,Tourist,Resolved,English,Synthetic Survey,trip metro connection transport convenient
MPF01850,"Today, The escalator was not working and needs maintenance.",2,Line 6,Kanjurmarg,2026-02-28,Shopping,Maintenance,equipment,Negative,-0.5,High,General,Not Required,English,Synthetic Complaint,today escalator working need maintenance
MPF01851,"Overall, The station floor was dirty and bins were overflowing.",3,Line 6,Kanjurmarg,2026-04-14,Other,Cleanliness,washroom_cleanliness,Neutral,0.05,Medium,Tourist,Open,English,Synthetic Complaint,overall station floor dirty bin overflowing
MPF01852,"During my trip, Security presence at the station was reassuring.",5,Line 6,Swami Samarth Nagar,2026-02-17,College,Safety,general_safety,Positive,0.92,Low,General,Resolved,English,Synthetic Review,trip security presence station reassuring
MPF01853,Broken fixtures and damaged signs should be repaired.,2,Line 1,Azad Nagar,2026-04-07,Work,Maintenance,infrastructure,Negative,-0.73,High,General,Resolved,English,Synthetic Survey,broken fixture damaged sign repaired
MPF01854,"Overall, Please improve passenger safety near the platform edge.",2,Line 1,Azad Nagar,2026-03-23,College,Safety,platform_safety,Negative,-0.68,High,Senior citizen,Open,English,Synthetic Review,overall please improve passenger safety near platform edge
MPF01855,"In my experience, The station floor was dirty and bins were overflowing.",1,Line 3,Marol Naka,2026-01-06,Tourism,Cleanliness,washroom_cleanliness,Negative,-0.77,High,Student,Open,English,Synthetic Complaint,experience station floor dirty bin overflowing
MPF01856,"In my experience, More seating and drinking water facilities are needed.",3,Line 7,Dindoshi,2026-08-09,Shopping,Facilities,lift,Neutral,0.03,Medium,Senior citizen,Resolved,English,Synthetic Review,experience seating drinking water facility needed
MPF01857,"Overall, The interchange process was smooth and well signposted.",5,Line 7,Aarey,2026-01-21,College,Connectivity,bus_connection,Positive,0.85,Low,Working professional,Not Required,English,Synthetic Review,overall interchange process smooth well signposted
MPF01858,"Overall, Seats and windows were clean during my journey.",5,Line 2A,Kandarpada,2026-08-26,College,Cleanliness,coach_cleanliness,Positive,0.79,Low,General,Not Required,English,Synthetic Complaint,overall seat window clean journey
MPF01859,"Overall, More seating and drinking water facilities are needed.",3,Line 3,MIDC,2026-06-18,Shopping,Facilities,lift,Neutral,-0.07,Medium,Student,Open,English,Synthetic Survey,overall seating drinking water facility needed
MPF01860,"Overall, The station infrastructure appeared well maintained.",4,Line 6,Shyam Nagar,2026-02-27,College,Maintenance,infrastructure,Positive,0.89,Low,General,Resolved,Hinglish,Synthetic Review,overall station infrastructure appeared well maintained
MPF01861,"Overall, Crowding near the doors made boarding difficult.",3,Line 7,Aarey,2026-06-03,Shopping,Crowding,peak_hour_crowding,Neutral,0.02,Medium,Working professional,In Review,English,Synthetic Survey,overall crowding near door made boarding difficult
MPF01862,"Today, Buying the ticket was quick and easy.",5,Line 2A,Dahisar East,2026-08-19,Work,Ticketing,counter_queue,Positive,0.92,Low,Student,Resolved,English,Synthetic Survey,today buying ticket quick easy
MPF01863,"Today, Please train staff to respond more politely to passengers.",2,Line 3,BKC,2026-05-31,College,Staff Behaviour,staff_politeness,Negative,-0.36,High,Student,Not Required,Hinglish,Synthetic Survey,today please train staff respond politely passenger
MPF01864,"Overall, The QR ticket scanner worked smoothly.",5,Line 6,Swami Samarth Nagar,2026-02-24,Daily commute,Ticketing,counter_queue,Positive,0.57,Low,General,Resolved,English,Synthetic Survey,overall qr ticket scanner worked smoothly
MPF01865,"In my experience, More seating and drinking water facilities are needed.",2,Line 6,Jogeshwari,2026-01-26,Other,Facilities,escalator,Negative,-0.95,High,Student,In Review,English,Synthetic Review,experience seating drinking water facility needed
MPF01866,"During my trip, Please improve passenger safety near the platform edge.",2,Line 2A,Shimpoli,2026-04-26,Other,Safety,general_safety,Negative,-0.91,High,Senior citizen,Open,English,Synthetic Complaint,trip please improve passenger safety near platform edge
MPF01867,"During my trip, The station staff were polite and helpful.",5,Line 6,Jogeshwari,2026-07-16,Work,Staff Behaviour,staff_politeness,Positive,0.6,Low,Student,Not Required,Hinglish,Synthetic Complaint,trip station staff polite helpful
MPF01868,"During my trip, Good value for money compared with other transport options.",5,Line 7,Goregaon East,2026-06-07,Other,Fare,frequent_commuter_cost,Positive,0.73,Low,Student,Not Required,English,Synthetic Complaint,trip good value money compared transport option
MPF01869,"Today, More seating and drinking water facilities are needed.",3,Line 1,Andheri,2026-02-02,College,Facilities,lift,Neutral,-0.03,Medium,Working professional,Resolved,English,Synthetic Survey,today seating drinking water facility needed
MPF01870,"During my trip, The metro connection to other transport was convenient.",5,Line 6,Jogeshwari,2026-03-04,Shopping,Connectivity,interchange,Positive,0.77,Low,Student,Not Required,English,Synthetic Survey,trip metro connection transport convenient
MPF01871,"Today, More seating and drinking water facilities are needed.",3,Line 1,Azad Nagar,2026-06-25,Work,Facilities,escalator,Neutral,0.03,Medium,Senior citizen,Open,English,Synthetic Survey,today seating drinking water facility needed
MPF01872,"Overall, The platform was overcrowded and felt unsafe.",2,Line 1,Ghatkopar,2026-08-22,Tourism,Safety,security_presence,Negative,-0.46,High,Senior citizen,In Review,English,Synthetic Survey,overall platform overcrowded felt unsafe
MPF01873,"During my trip, The ticket machine was not working and caused a queue.",2,Line 1,Andheri,2026-05-26,Daily commute,Ticketing,qr_scanner,Negative,-0.94,High,Working professional,In Review,English,Synthetic Survey,trip ticket machine working caused queue
MPF01874,"Overall, The station staff were polite and helpful.",5,Line 6,Jogeshwari,2026-02-02,Tourism,Staff Behaviour,staff_helpfulness,Positive,0.72,Low,General,Resolved,Hinglish,Synthetic Survey,overall station staff polite helpful
MPF01875,"In my experience, Please improve cleanliness in the washroom area.",2,Line 6,Shyam Nagar,2026-08-18,Shopping,Cleanliness,coach_cleanliness,Negative,-0.47,High,Tourist,Not Required,English,Synthetic Review,experience please improve cleanliness washroom area
MPF01876,"During my trip, The train was delayed by 5 minutes and I missed my connection.",1,Line 6,Jogeshwari,2026-04-21,College,Delay,service_frequency,Negative,-0.46,High,Working professional,In Review,English,Synthetic Survey,trip train delayed 5 minute missed connection
MPF01877,"Overall, The station floor was dirty and bins were overflowing.",2,Line 2A,Kandarpada,2026-09-01,College,Cleanliness,station_cleanliness,Negative,-0.76,High,Working professional,Open,Hinglish,Synthetic Review,overall station floor dirty bin overflowing
MPF01878,"During my trip, Please review the fare for frequent daily commuters.",4,Line 3,SEEPZ,2026-03-15,College,Fare,frequent_commuter_cost,Positive,0.73,Low,General,Not Required,English,Synthetic Complaint,trip please review fare frequent daily commuter
MPF01879,"Overall, Very little waiting time today; the train arrived on schedule.",5,Line 7,Aarey,2026-05-17,Shopping,Delay,service_frequency,Positive,0.55,Low,General,Not Required,English,Synthetic Review,overall little waiting time today train arrived schedule
MPF01880,"Today, Frequent delays on this route are becoming difficult for daily commuters.",2,Line 1,DN Nagar,2026-06-07,Work,Delay,service_frequency,Negative,-0.52,High,General,Resolved,Hinglish,Synthetic Survey,today frequent delay route becoming difficult daily commuter
MPF01881,The QR ticket scanner worked smoothly.,5,Line 6,Jogeshwari,2026-02-07,College,Ticketing,ticket_machine,Positive,0.78,Low,Tourist,Not Required,Hinglish,Synthetic Survey,qr ticket scanner worked smoothly
MPF01882,"During my trip, The station has clean lifts and working escalators.",5,Line 7,Jogeshwari East,2026-01-14,Shopping,Facilities,escalator,Positive,0.84,Low,Working professional,Resolved,English,Synthetic Complaint,trip station clean lift working escalator
MPF01883,"During my trip, The staff member at the counter was rude and unhelpful.",1,Line 1,DN Nagar,2026-01-15,Work,Staff Behaviour,security_assistance,Negative,-0.62,High,Working professional,Open,English,Synthetic Complaint,trip staff member counter rude unhelpful
MPF01884,"Today, Please improve cleanliness in the washroom area.",2,Line 7,Goregaon East,2026-04-20,Work,Cleanliness,coach_cleanliness,Negative,-0.94,High,Tourist,Open,English,Synthetic Complaint,today please improve cleanliness washroom area
MPF01885,The station floor was dirty and bins were overflowing.,1,Line 1,Andheri,2026-04-10,Other,Cleanliness,station_cleanliness,Negative,-0.42,High,General,In Review,English,Synthetic Survey,station floor dirty bin overflowing
MPF01886,"Today, The staff member at the counter was rude and unhelpful.",2,Line 6,Jogeshwari,2026-07-05,Tourism,Staff Behaviour,security_assistance,Negative,-0.72,High,Working professional,Resolved,Hinglish,Synthetic Review,today staff member counter rude unhelpful
MPF01887,"During my trip, The fare is reasonable for the service provided.",5,Line 1,DN Nagar,2026-05-26,Shopping,Fare,frequent_commuter_cost,Positive,0.92,Low,General,Not Required,English,Synthetic Review,trip fare reasonable service provided
MPF01888,"In my experience, The staff member at the counter was rude and unhelpful.",1,Line 1,Andheri,2026-07-31,Daily commute,Staff Behaviour,security_assistance,Negative,-0.49,High,General,In Review,Hinglish,Synthetic Survey,experience staff member counter rude unhelpful
MPF01889,"Today, Seats and windows were clean during my journey.",4,Line 1,Andheri,2026-07-07,Tourism,Cleanliness,washroom_cleanliness,Positive,0.74,Low,Student,Not Required,English,Synthetic Complaint,today seat window clean journey
MPF01890,The QR ticket scanner worked smoothly.,4,Line 6,Swami Samarth Nagar,2026-03-29,College,Ticketing,ticket_machine,Positive,0.66,Low,Working professional,Not Required,English,Synthetic Complaint,qr ticket scanner worked smoothly
MPF01891,"In my experience, The station staff were polite and helpful.",5,Line 2A,Kandarpada,2026-06-09,Shopping,Staff Behaviour,security_assistance,Positive,0.74,Low,Senior citizen,Not Required,English,Synthetic Survey,experience station staff polite helpful
MPF01892,"During my trip, Good value for money compared with other transport options.",5,Line 1,Andheri,2026-02-09,Shopping,Fare,fare_complaint,Positive,0.59,Low,General,Resolved,English,Synthetic Survey,trip good value money compared transport option
MPF01893,The escalator was not working and needs maintenance.,2,Line 1,Azad Nagar,2026-04-19,College,Maintenance,infrastructure,Negative,-0.89,High,General,Resolved,Hinglish,Synthetic Complaint,escalator working need maintenance
MPF01894,"Today, Broken fixtures and damaged signs should be repaired.",2,Line 1,Ghatkopar,2026-04-16,Other,Maintenance,infrastructure,Negative,-0.6,High,General,Open,English,Synthetic Survey,today broken fixture damaged sign repaired
MPF01895,"In my experience, I felt safe throughout the journey and at the station.",5,Line 3,Aarey JVLR,2026-04-19,College,Safety,security_presence,Positive,0.7,Low,Senior citizen,Resolved,English,Synthetic Review,experience felt safe throughout journey station
MPF01896,"During my trip, The interchange process was smooth and well signposted.",5,Line 3,MIDC,2026-04-10,Tourism,Connectivity,bus_connection,Positive,0.94,Low,General,Not Required,English,Synthetic Survey,trip interchange process smooth well signposted
MPF01897,"In my experience, More seating and drinking water facilities are needed.",2,Line 2A,Dahisar East,2026-05-21,College,Facilities,escalator,Negative,-0.91,High,General,Resolved,English,Synthetic Review,experience seating drinking water facility needed
MPF01898,"Overall, Train service was running late today. Please improve punctuality.",3,Line 6,Jogeshwari,2026-06-01,Work,Delay,missed_connection,Neutral,-0.03,Medium,Tourist,Resolved,English,Synthetic Review,overall train service running late today please improve punctuality
MPF01899,"During my trip, I felt safe throughout the journey and at the station.",4,Line 2A,Kandarpada,2026-03-03,Work,Safety,platform_safety,Positive,0.62,Low,General,Not Required,English,Synthetic Survey,trip felt safe throughout journey station
MPF01900,"In my experience, The station staff were polite and helpful.",5,Line 6,Vikhroli,2026-08-05,Other,Staff Behaviour,staff_politeness,Positive,0.6,Low,Student,Resolved,English,Synthetic Complaint,experience station staff polite helpful
MPF01901,More seating and drinking water facilities are needed.,2,Line 3,Marol Naka,2026-07-07,Tourism,Facilities,escalator,Negative,-0.42,High,Senior citizen,Open,English,Synthetic Complaint,seating drinking water facility needed
MPF01902,The station staff were polite and helpful.,4,Line 6,Vikhroli,2026-02-06,Daily commute,Staff Behaviour,staff_politeness,Positive,0.73,Low,Working professional,Resolved,English,Synthetic Review,station staff polite helpful
MPF01903,The lift was out of service and caused inconvenience.,2,Line 7,Goregaon East,2026-08-02,Shopping,Facilities,seating_and_water,Negative,-0.51,High,Tourist,Not Required,Hinglish,Synthetic Complaint,lift service caused inconvenience
MPF01904,"Today, Broken fixtures and damaged signs should be repaired.",2,Line 3,Aarey JVLR,2026-04-15,Shopping,Maintenance,equipment,Negative,-0.52,High,Senior citizen,Resolved,English,Synthetic Review,today broken fixture damaged sign repaired
MPF01905,"Overall, Broken fixtures and damaged signs should be repaired.",2,Line 1,Ghatkopar,2026-02-11,College,Maintenance,equipment,Negative,-0.78,High,Student,In Review,English,Synthetic Survey,overall broken fixture damaged sign repaired
MPF01906,"In my experience, The platform was overcrowded and felt unsafe.",2,Line 2A,Poisar,2026-06-09,Work,Safety,general_safety,Negative,-0.38,High,Working professional,In Review,Hinglish,Synthetic Survey,experience platform overcrowded felt unsafe
MPF01907,"During my trip, Very little waiting time today; the train arrived on schedule.",5,Line 1,Azad Nagar,2026-05-31,Shopping,Delay,late_train,Positive,0.82,Low,Student,Not Required,English,Synthetic Complaint,trip little waiting time today train arrived schedule
MPF01908,The train was delayed by 5 minutes and I missed my connection.,2,Line 1,Versova,2026-03-31,Work,Delay,missed_connection,Negative,-0.52,High,Tourist,Open,English,Synthetic Review,train delayed 5 minute missed connection
MPF01909,"In my experience, There should be more working ticket counters during rush hours.",2,Line 6,Jogeshwari,2026-05-06,Work,Ticketing,ticket_machine,Negative,-0.43,High,Working professional,Open,English,Synthetic Review,experience working ticket counter rush hour
MPF01910,"Today, Seats and windows were clean during my journey.",5,Line 6,Jogeshwari,2026-08-07,College,Cleanliness,station_cleanliness,Positive,0.78,Low,Tourist,Resolved,English,Synthetic Review,today seat window clean journey
MPF01911,"Today, Train service was running late today. Please improve punctuality.",2,Line 2A,Shimpoli,2026-05-18,Shopping,Delay,service_frequency,Negative,-0.46,High,Tourist,In Review,English,Synthetic Review,today train service running late today please improve punctuality
MPF01912,"Overall, Crowding near the doors made boarding difficult.",2,Line 7,Mogharpada,2026-01-13,Daily commute,Crowding,peak_hour_crowding,Negative,-0.95,High,Working professional,Resolved,English,Synthetic Complaint,overall crowding near door made boarding difficult
MPF01913,"In my experience, Very little waiting time today; the train arrived on schedule.",4,Line 7,Jogeshwari East,2026-04-13,College,Delay,missed_connection,Positive,0.77,Low,Senior citizen,Not Required,English,Synthetic Survey,experience little waiting time today train arrived schedule
MPF01914,"Today, The staff member at the counter was rude and unhelpful.",1,Line 2A,Dahisar East,2026-01-15,Other,Staff Behaviour,security_assistance,Negative,-0.72,High,Working professional,Not Required,English,Synthetic Survey,today staff member counter rude unhelpful
MPF01915,"In my experience, Train service was running late today. Please improve punctuality.",2,Line 1,Ghatkopar,2026-02-14,Other,Delay,missed_connection,Negative,-0.64,High,Student,Resolved,English,Synthetic Survey,experience train service running late today please improve punctuality
MPF01916,"In my experience, Buying the ticket was quick and easy.",5,Line 2A,Kandarpada,2026-06-30,Tourism,Ticketing,ticket_machine,Positive,0.85,Low,Student,Not Required,English,Synthetic Review,experience buying ticket quick easy
MPF01917,"Today, The fare is reasonable for the service provided.",4,Line 3,Marol Naka,2026-06-22,Other,Fare,frequent_commuter_cost,Positive,0.62,Low,Student,Not Required,English,Synthetic Survey,today fare reasonable service provided
MPF01918,"During my trip, Seats and windows were clean during my journey.",5,Line 3,BKC,2026-01-19,College,Cleanliness,coach_cleanliness,Positive,0.91,Low,Tourist,Resolved,Hinglish,Synthetic Survey,trip seat window clean journey
MPF01919,"Overall, It was difficult to connect from the metro to the bus stop.",1,Line 1,Versova,2026-05-09,Shopping,Connectivity,bus_connection,Negative,-0.43,High,Tourist,Resolved,Hinglish,Synthetic Complaint,overall difficult connect metro bus stop
MPF01920,"During my trip, The metro connection to other transport was convenient.",5,Line 2A,Dahisar East,2026-06-15,Tourism,Connectivity,interchange,Positive,0.82,Low,Working professional,Resolved,English,Synthetic Review,trip metro connection transport convenient
MPF01921,More seating and drinking water facilities are needed.,4,Line 1,Azad Nagar,2026-04-21,Shopping,Facilities,seating_and_water,Positive,0.75,Low,Working professional,Not Required,English,Synthetic Survey,seating drinking water facility needed
MPF01922,"Today, The train was delayed by 30 minutes and I missed my connection.",2,Line 6,Shyam Nagar,2026-04-22,Shopping,Delay,service_frequency,Negative,-0.67,High,Working professional,In Review,English,Synthetic Review,today train delayed 30 minute missed connection
MPF01923,"Today, Train service was running late today. Please improve punctuality.",1,Line 6,Kanjurmarg,2026-05-29,College,Delay,missed_connection,Negative,-0.38,High,Working professional,In Review,English,Synthetic Review,today train service running late today please improve punctuality
MPF01924,"During my trip, The coach condition was good and everything looked maintained.",5,Line 2A,Kandarpada,2026-04-08,Shopping,Maintenance,equipment,Positive,0.8,Low,Tourist,Resolved,English,Synthetic Review,trip coach condition good everything looked maintained
MPF01925,"In my experience, Security staff guided me properly when I asked for help.",3,Line 1,Ghatkopar,2026-08-17,Daily commute,Staff Behaviour,staff_helpfulness,Neutral,-0.04,Medium,Senior citizen,Resolved,English,Synthetic Survey,experience security staff guided properly asked help
MPF01926,It was difficult to connect from the metro to the bus stop.,2,Line 7,Jogeshwari East,2026-05-17,College,Connectivity,bus_connection,Negative,-0.6,High,Tourist,Not Required,English,Synthetic Complaint,difficult connect metro bus stop
MPF01927,There should be more working ticket counters during rush hours.,2,Line 1,Andheri,2026-06-30,Daily commute,Ticketing,qr_scanner,Negative,-0.49,High,General,In Review,English,Synthetic Complaint,working ticket counter rush hour
MPF01928,"Today, More seating and drinking water facilities are needed.",2,Line 2A,Goregaon West,2026-02-01,Other,Facilities,lift,Negative,-0.57,High,Student,Open,English,Synthetic Survey,today seating drinking water facility needed
MPF01929,"In my experience, The train was delayed by 30 minutes and I missed my connection.",2,Line 2A,Kandarpada,2026-06-14,Daily commute,Delay,missed_connection,Negative,-0.45,High,Tourist,In Review,English,Synthetic Complaint,experience train delayed 30 minute missed connection
MPF01930,"Overall, Too many passengers were packed into the train today.",2,Line 7,Dindoshi,2026-01-04,Daily commute,Crowding,door_area_crowding,Negative,-0.59,High,General,Open,English,Synthetic Survey,overall many passenger packed train today
MPF01931,"Today, The train had comfortable space and was not crowded.",5,Line 2A,Dahisar East,2026-06-12,Other,Crowding,door_area_crowding,Positive,0.61,Low,General,Not Required,English,Synthetic Complaint,today train comfortable space crowded
MPF01932,"During my trip, The station has clean lifts and working escalators.",5,Line 1,Versova,2026-03-07,Other,Facilities,lift,Positive,0.71,Low,General,Resolved,English,Synthetic Review,trip station clean lift working escalator
MPF01933,"During my trip, The lift was out of service and caused inconvenience.",2,Line 3,BKC,2026-04-08,Work,Facilities,seating_and_water,Negative,-0.39,High,Senior citizen,Not Required,English,Synthetic Review,trip lift service caused inconvenience
MPF01934,"In my experience, Better last-mile connectivity would help passengers.",3,Line 3,BKC,2026-07-09,College,Connectivity,interchange,Neutral,0.03,Medium,General,In Review,English,Synthetic Complaint,experience better lastmile connectivity would help passenger
MPF01935,"Today, The ticket price feels expensive for a short journey.",2,Line 7,Mogharpada,2026-01-08,Shopping,Fare,frequent_commuter_cost,Negative,-0.69,High,Senior citizen,Open,English,Synthetic Survey,today ticket price feel expensive short journey
MPF01936,"In my experience, Please improve passenger safety near the platform edge.",3,Line 3,Marol Naka,2026-08-01,Work,Safety,general_safety,Neutral,-0.04,Medium,Tourist,Open,English,Synthetic Complaint,experience please improve passenger safety near platform edge
MPF01937,"During my trip, Please train staff to respond more politely to passengers.",3,Line 7,Goregaon East,2026-07-04,Daily commute,Staff Behaviour,staff_politeness,Neutral,-0.09,Medium,Senior citizen,Not Required,English,Synthetic Review,trip please train staff respond politely passenger
MPF01938,"Today, The interchange process was smooth and well signposted.",5,Line 6,Jogeshwari,2026-07-14,Daily commute,Connectivity,interchange,Positive,0.84,Low,Student,Not Required,English,Synthetic Complaint,today interchange process smooth well signposted
MPF01939,"Today, More seating and drinking water facilities are needed.",3,Line 6,Swami Samarth Nagar,2026-06-10,Tourism,Facilities,seating_and_water,Neutral,0.07,Medium,Senior citizen,In Review,English,Synthetic Complaint,today seating drinking water facility needed
MPF01940,"Today, The metro connection to other transport was convenient.",5,Line 1,DN Nagar,2026-06-12,College,Connectivity,interchange,Positive,0.68,Low,Student,Resolved,English,Synthetic Complaint,today metro connection transport convenient
MPF01941,Train service was running late today. Please improve punctuality.,2,Line 7,Goregaon East,2026-07-17,Work,Delay,missed_connection,Negative,-0.82,High,Student,Resolved,English,Synthetic Review,train service running late today please improve punctuality
MPF01942,The seating area and signage were useful.,3,Line 2A,Shimpoli,2026-04-13,Work,Facilities,escalator,Neutral,-0.08,Medium,Senior citizen,In Review,English,Synthetic Survey,seating area signage useful
MPF01943,"Today, The ticket machine was not working and caused a queue.",2,Line 2A,Poisar,2026-04-04,Other,Ticketing,counter_queue,Negative,-0.41,High,Senior citizen,Not Required,English,Synthetic Complaint,today ticket machine working caused queue
MPF01944,"During my trip, Security staff guided me properly when I asked for help.",4,Line 2A,Goregaon West,2026-03-24,College,Staff Behaviour,staff_politeness,Positive,0.93,Low,Tourist,Resolved,Hinglish,Synthetic Survey,trip security staff guided properly asked help
MPF01945,"During my trip, The QR ticket scanner worked smoothly.",5,Line 1,Azad Nagar,2026-02-17,Other,Ticketing,qr_scanner,Positive,0.83,Low,Student,Not Required,Hinglish,Synthetic Review,trip qr ticket scanner worked smoothly
MPF01946,"Today, The lift was out of service and caused inconvenience.",2,Line 1,Azad Nagar,2026-04-19,Work,Facilities,seating_and_water,Negative,-0.72,High,Student,Resolved,English,Synthetic Review,today lift service caused inconvenience
MPF01947,"Today, Buying the ticket was quick and easy.",4,Line 2A,Poisar,2026-01-04,Tourism,Ticketing,qr_scanner,Positive,0.76,Low,Student,Not Required,English,Synthetic Survey,today buying ticket quick easy
MPF01948,"In my experience, The ticket price feels expensive for a short journey.",2,Line 6,Swami Samarth Nagar,2026-07-10,Work,Fare,fare_complaint,Negative,-0.81,High,General,Not Required,English,Synthetic Review,experience ticket price feel expensive short journey
MPF01949,"During my trip, I felt safe throughout the journey and at the station.",5,Line 1,Versova,2026-07-05,Tourism,Safety,security_presence,Positive,0.88,Low,Working professional,Resolved,Hinglish,Synthetic Complaint,trip felt safe throughout journey station
MPF01950,"During my trip, The station floor was dirty and bins were overflowing.",2,Line 3,MIDC,2026-05-09,Tourism,Cleanliness,station_cleanliness,Negative,-0.45,High,General,Not Required,English,Synthetic Review,trip station floor dirty bin overflowing
MPF01951,"During my trip, The coach was extremely crowded during peak hours.",3,Line 1,Versova,2026-02-14,Shopping,Crowding,platform_crowding,Neutral,0.06,Medium,Senior citizen,Open,English,Synthetic Complaint,trip coach extremely crowded peak hour
MPF01952,"Today, Security staff guided me properly when I asked for help.",4,Line 2A,Dahisar East,2026-03-26,Shopping,Staff Behaviour,staff_helpfulness,Positive,0.86,Low,Tourist,Not Required,English,Synthetic Complaint,today security staff guided properly asked help
MPF01953,The QR ticket scanner worked smoothly.,5,Line 6,Swami Samarth Nagar,2026-08-15,Work,Ticketing,ticket_machine,Positive,0.89,Low,Senior citizen,Not Required,English,Synthetic Survey,qr ticket scanner worked smoothly
MPF01954,More seating and drinking water facilities are needed.,3,Line 2A,Goregaon West,2026-02-02,Work,Facilities,escalator,Neutral,-0.1,Medium,General,Resolved,English,Synthetic Complaint,seating drinking water facility needed
MPF01955,"In my experience, The lift was out of service and caused inconvenience.",1,Line 7,Aarey,2026-05-09,Work,Facilities,escalator,Negative,-0.44,High,General,Not Required,English,Synthetic Complaint,experience lift service caused inconvenience
MPF01956,"In my experience, Too many passengers were packed into the train today.",3,Line 2A,Goregaon West,2026-06-23,Tourism,Crowding,door_area_crowding,Neutral,-0.05,Medium,Student,Resolved,English,Synthetic Survey,experience many passenger packed train today
MPF01957,"Overall, The coach was clean and well maintained.",5,Line 3,Marol Naka,2026-07-09,Shopping,Cleanliness,washroom_cleanliness,Positive,0.76,Low,Tourist,Not Required,English,Synthetic Complaint,overall coach clean well maintained
MPF01958,"During my trip, The station staff were polite and helpful.",5,Line 1,Versova,2026-03-04,Work,Staff Behaviour,security_assistance,Positive,0.57,Low,Student,Resolved,English,Synthetic Complaint,trip station staff polite helpful
MPF01959,"During my trip, The coach condition was good and everything looked maintained.",5,Line 3,BKC,2026-01-13,Work,Maintenance,infrastructure,Positive,0.9,Low,General,Not Required,English,Synthetic Review,trip coach condition good everything looked maintained
MPF01960,"Today, Train service was running late today. Please improve punctuality.",2,Line 1,Versova,2026-05-19,College,Delay,missed_connection,Negative,-0.54,High,Student,Open,English,Synthetic Review,today train service running late today please improve punctuality
MPF01961,"Overall, The station floor was dirty and bins were overflowing.",2,Line 1,Andheri,2026-04-07,Daily commute,Cleanliness,coach_cleanliness,Negative,-0.85,High,Senior citizen,Open,English,Synthetic Review,overall station floor dirty bin overflowing
MPF01962,The ticket machine was not working and caused a queue.,1,Line 1,Ghatkopar,2026-01-09,Other,Ticketing,qr_scanner,Negative,-0.81,High,General,Open,English,Synthetic Survey,ticket machine working caused queue
MPF01963,"Today, The fare is reasonable for the service provided.",4,Line 2A,Dahisar East,2026-05-03,Daily commute,Fare,fare_value,Positive,0.72,Low,Working professional,Resolved,English,Synthetic Complaint,today fare reasonable service provided
MPF01964,"In my experience, Frequent delays on this route are becoming difficult for daily commuters.",3,Line 3,BKC,2026-01-11,Other,Delay,late_train,Neutral,0.04,Medium,Tourist,Open,English,Synthetic Survey,experience frequent delay route becoming difficult daily commuter
MPF01965,Seats and windows were clean during my journey.,4,Line 7,Dindoshi,2026-04-04,Daily commute,Cleanliness,coach_cleanliness,Positive,0.94,Low,Tourist,Not Required,English,Synthetic Complaint,seat window clean journey
MPF01966,"Overall, I felt safe throughout the journey and at the station.",5,Line 6,Kanjurmarg,2026-07-24,College,Safety,general_safety,Positive,0.55,Low,Student,Resolved,English,Synthetic Review,overall felt safe throughout journey station
MPF01967,"In my experience, The QR ticket scanner worked smoothly.",5,Line 7,Goregaon East,2026-04-27,Shopping,Ticketing,counter_queue,Positive,0.61,Low,Senior citizen,Resolved,English,Synthetic Survey,experience qr ticket scanner worked smoothly
MPF01968,Please train staff to respond more politely to passengers.,3,Line 3,Aarey JVLR,2026-01-28,Work,Staff Behaviour,staff_politeness,Neutral,0.0,Medium,Tourist,In Review,English,Synthetic Review,please train staff respond politely passenger
MPF01969,"During my trip, The lift was out of service and caused inconvenience.",2,Line 3,Marol Naka,2026-03-15,Shopping,Facilities,lift,Negative,-0.65,High,Student,Resolved,English,Synthetic Complaint,trip lift service caused inconvenience
MPF01970,"Today, Security staff guided me properly when I asked for help.",3,Line 2A,Shimpoli,2026-07-06,Shopping,Staff Behaviour,staff_politeness,Neutral,-0.04,Medium,Tourist,Resolved,English,Synthetic Survey,today security staff guided properly asked help
MPF01971,"Today, The coach was clean and well maintained.",4,Line 1,Versova,2026-01-29,Work,Cleanliness,washroom_cleanliness,Positive,0.82,Low,Student,Resolved,English,Synthetic Survey,today coach clean well maintained
MPF01972,"During my trip, The ticket price feels expensive for a short journey.",2,Line 3,BKC,2026-05-11,College,Fare,fare_complaint,Negative,-0.93,High,Tourist,Resolved,English,Synthetic Complaint,trip ticket price feel expensive short journey
MPF01973,The ticket price feels expensive for a short journey.,2,Line 1,DN Nagar,2026-07-06,Shopping,Fare,fare_value,Negative,-0.63,High,General,Open,Hinglish,Synthetic Review,ticket price feel expensive short journey
MPF01974,"Overall, The escalator was not working and needs maintenance.",3,Line 1,Versova,2026-03-26,Other,Maintenance,signage_and_fixtures,Neutral,-0.08,Medium,Working professional,Not Required,English,Synthetic Review,overall escalator working need maintenance
MPF01975,The coach was clean and well maintained.,5,Line 2A,Kandarpada,2026-02-13,Other,Cleanliness,coach_cleanliness,Positive,0.85,Low,Working professional,Resolved,English,Synthetic Review,coach clean well maintained
MPF01976,"In my experience, There should be more working ticket counters during rush hours.",2,Line 6,Jogeshwari,2026-01-14,Tourism,Ticketing,counter_queue,Negative,-0.94,High,Student,Resolved,English,Synthetic Complaint,experience working ticket counter rush hour
MPF01977,"Today, The interchange process was smooth and well signposted.",5,Line 7,Jogeshwari East,2026-01-28,Shopping,Connectivity,bus_connection,Positive,0.78,Low,General,Not Required,English,Synthetic Survey,today interchange process smooth well signposted
MPF01978,"Today, There should be more working ticket counters during rush hours.",2,Line 1,Andheri,2026-04-21,Daily commute,Ticketing,ticket_machine,Negative,-0.64,High,General,Not Required,English,Synthetic Survey,today working ticket counter rush hour
MPF01979,Please improve passenger safety near the platform edge.,2,Line 3,MIDC,2026-07-29,Daily commute,Safety,platform_safety,Negative,-0.83,High,Working professional,In Review,English,Synthetic Review,please improve passenger safety near platform edge
MPF01980,"Today, Good value for money compared with other transport options.",5,Line 3,Aarey JVLR,2026-07-01,Tourism,Fare,frequent_commuter_cost,Positive,0.75,Low,General,Resolved,English,Synthetic Complaint,today good value money compared transport option
MPF01981,"Overall, Frequent delays on this route are becoming difficult for daily commuters.",1,Line 6,Kanjurmarg,2026-02-18,Work,Delay,missed_connection,Negative,-0.88,High,Student,In Review,English,Synthetic Review,overall frequent delay route becoming difficult daily commuter
MPF01982,"Overall, The ticket price feels expensive for a short journey.",2,Line 2A,Dahisar East,2026-05-29,Work,Fare,fare_value,Negative,-0.4,High,Student,In Review,English,Synthetic Review,overall ticket price feel expensive short journey
MPF01983,"Today, The coach condition was good and everything looked maintained.",5,Line 1,Versova,2026-03-29,Other,Maintenance,signage_and_fixtures,Positive,0.79,Low,Senior citizen,Resolved,English,Synthetic Survey,today coach condition good everything looked maintained
MPF01984,"Today, The coach condition was good and everything looked maintained.",5,Line 3,MIDC,2026-01-28,Work,Maintenance,equipment,Positive,0.95,Low,General,Not Required,English,Synthetic Review,today coach condition good everything looked maintained
MPF01985,"In my experience, The escalator was not working and needs maintenance.",1,Line 7,Aarey,2026-07-29,College,Maintenance,signage_and_fixtures,Negative,-0.57,High,Tourist,Open,Hinglish,Synthetic Survey,experience escalator working need maintenance
MPF01986,"In my experience, The fare is reasonable for the service provided.",4,Line 2A,Shimpoli,2026-07-17,Tourism,Fare,frequent_commuter_cost,Positive,0.64,Low,Senior citizen,Not Required,English,Synthetic Complaint,experience fare reasonable service provided
MPF01987,"Today, The station staff were polite and helpful.",5,Line 7,Goregaon East,2026-05-14,Tourism,Staff Behaviour,security_assistance,Positive,0.86,Low,Working professional,Resolved,English,Synthetic Review,today station staff polite helpful
MPF01988,"During my trip, Frequent delays on this route are becoming difficult for daily commuters.",2,Line 7,Mogharpada,2026-05-24,Tourism,Delay,missed_connection,Negative,-0.42,High,General,Resolved,English,Synthetic Survey,trip frequent delay route becoming difficult daily commuter
MPF01989,"Today, The coach was extremely crowded during peak hours.",2,Line 6,Kanjurmarg,2026-08-13,Daily commute,Crowding,peak_hour_crowding,Negative,-0.75,High,Tourist,Not Required,English,Synthetic Survey,today coach extremely crowded peak hour
MPF01990,"Today, The lift was out of service and caused inconvenience.",1,Line 2A,Goregaon West,2026-03-17,Work,Facilities,lift,Negative,-0.66,High,Student,Open,English,Synthetic Complaint,today lift service caused inconvenience
MPF01991,"Overall, Too many passengers were packed into the train today.",2,Line 2A,Kandarpada,2026-04-16,Tourism,Crowding,platform_crowding,Negative,-0.89,High,General,Open,Hinglish,Synthetic Survey,overall many passenger packed train today
MPF01992,"During my trip, Please train staff to respond more politely to passengers.",1,Line 2A,Shimpoli,2026-03-10,Tourism,Staff Behaviour,staff_politeness,Negative,-0.89,High,Student,In Review,English,Synthetic Review,trip please train staff respond politely passenger
MPF01993,The ticket machine was not working and caused a queue.,2,Line 7,Mogharpada,2026-04-16,Work,Ticketing,counter_queue,Negative,-0.53,High,Senior citizen,In Review,English,Synthetic Review,ticket machine working caused queue
MPF01994,Better last-mile connectivity would help passengers.,3,Line 1,Andheri,2026-03-21,College,Connectivity,bus_connection,Neutral,-0.02,Medium,Student,In Review,English,Synthetic Survey,better lastmile connectivity would help passenger
MPF01995,"Today, The coach condition was good and everything looked maintained.",4,Line 7,Dindoshi,2026-06-12,Other,Maintenance,signage_and_fixtures,Positive,0.68,Low,Working professional,Not Required,English,Synthetic Complaint,today coach condition good everything looked maintained
MPF01996,Crowding near the doors made boarding difficult.,1,Line 1,Ghatkopar,2026-07-11,College,Crowding,platform_crowding,Negative,-0.56,High,Tourist,In Review,English,Synthetic Survey,crowding near door made boarding difficult
MPF01997,"Today, Train service was running late today. Please improve punctuality.",2,Line 6,Jogeshwari,2026-07-18,Shopping,Delay,late_train,Negative,-0.52,High,General,Resolved,English,Synthetic Survey,today train service running late today please improve punctuality
MPF01998,"Today, The staff member at the counter was rude and unhelpful.",1,Line 6,Shyam Nagar,2026-06-23,Daily commute,Staff Behaviour,staff_politeness,Negative,-0.61,High,Student,Open,English,Synthetic Complaint,today staff member counter rude unhelpful
MPF01999,"Overall, The ticket machine was not working and caused a queue.",2,Line 6,Jogeshwari,2026-04-15,Shopping,Ticketing,ticket_machine,Negative,-0.95,High,Working professional,Open,English,Synthetic Review,overall ticket machine working caused queue
MPF02000,"During my trip, It was difficult to connect from the metro to the bus stop.",2,Line 2A,Kandarpada,2026-01-10,Daily commute,Connectivity,last_mile,Negative,-0.67,High,General,In Review,English,Synthetic Complaint,trip difficult connect metro bus stop
